-- MySQL dump 10.13  Distrib 8.4.4, for macos15 (arm64)
--
-- Host: 127.0.0.1    Database: ninico
-- ------------------------------------------------------
-- Server version	8.4.4

/*!40101 SET @OLD_CHARACTER_SET_CLIENT=@@CHARACTER_SET_CLIENT */;
/*!40101 SET @OLD_CHARACTER_SET_RESULTS=@@CHARACTER_SET_RESULTS */;
/*!40101 SET @OLD_COLLATION_CONNECTION=@@COLLATION_CONNECTION */;
/*!50503 SET NAMES utf8mb4 */;
/*!40103 SET @OLD_TIME_ZONE=@@TIME_ZONE */;
/*!40103 SET TIME_ZONE='+00:00' */;
/*!40014 SET @OLD_UNIQUE_CHECKS=@@UNIQUE_CHECKS, UNIQUE_CHECKS=0 */;
/*!40014 SET @OLD_FOREIGN_KEY_CHECKS=@@FOREIGN_KEY_CHECKS, FOREIGN_KEY_CHECKS=0 */;
/*!40101 SET @OLD_SQL_MODE=@@SQL_MODE, SQL_MODE='NO_AUTO_VALUE_ON_ZERO' */;
/*!40111 SET @OLD_SQL_NOTES=@@SQL_NOTES, SQL_NOTES=0 */;

--
-- Table structure for table `activations`
--

DROP TABLE IF EXISTS `activations`;
/*!40101 SET @saved_cs_client     = @@character_set_client */;
/*!50503 SET character_set_client = utf8mb4 */;
CREATE TABLE `activations` (
  `id` bigint unsigned NOT NULL AUTO_INCREMENT,
  `user_id` bigint unsigned NOT NULL,
  `code` varchar(120) COLLATE utf8mb4_unicode_ci NOT NULL,
  `completed` tinyint(1) NOT NULL DEFAULT '0',
  `completed_at` timestamp NULL DEFAULT NULL,
  `created_at` timestamp NULL DEFAULT NULL,
  `updated_at` timestamp NULL DEFAULT NULL,
  PRIMARY KEY (`id`),
  KEY `activations_user_id_index` (`user_id`)
) ENGINE=InnoDB AUTO_INCREMENT=2 DEFAULT CHARSET=utf8mb4 COLLATE=utf8mb4_unicode_ci;
/*!40101 SET character_set_client = @saved_cs_client */;

--
-- Dumping data for table `activations`
--

LOCK TABLES `activations` WRITE;
/*!40000 ALTER TABLE `activations` DISABLE KEYS */;
INSERT INTO `activations` VALUES (1,1,'He0hlcqNZjUP7teYJ2HewBjWsAhF82wJ',1,'2025-06-09 17:17:34','2025-06-09 17:17:34','2025-06-09 17:17:34');
/*!40000 ALTER TABLE `activations` ENABLE KEYS */;
UNLOCK TABLES;

--
-- Table structure for table `admin_notifications`
--

DROP TABLE IF EXISTS `admin_notifications`;
/*!40101 SET @saved_cs_client     = @@character_set_client */;
/*!50503 SET character_set_client = utf8mb4 */;
CREATE TABLE `admin_notifications` (
  `id` bigint unsigned NOT NULL AUTO_INCREMENT,
  `title` varchar(191) COLLATE utf8mb4_unicode_ci NOT NULL,
  `action_label` varchar(191) COLLATE utf8mb4_unicode_ci DEFAULT NULL,
  `action_url` varchar(191) COLLATE utf8mb4_unicode_ci DEFAULT NULL,
  `description` varchar(400) COLLATE utf8mb4_unicode_ci DEFAULT NULL,
  `read_at` timestamp NULL DEFAULT NULL,
  `created_at` timestamp NULL DEFAULT NULL,
  `updated_at` timestamp NULL DEFAULT NULL,
  `permission` varchar(191) COLLATE utf8mb4_unicode_ci DEFAULT NULL,
  PRIMARY KEY (`id`)
) ENGINE=InnoDB DEFAULT CHARSET=utf8mb4 COLLATE=utf8mb4_unicode_ci;
/*!40101 SET character_set_client = @saved_cs_client */;

--
-- Dumping data for table `admin_notifications`
--

LOCK TABLES `admin_notifications` WRITE;
/*!40000 ALTER TABLE `admin_notifications` DISABLE KEYS */;
/*!40000 ALTER TABLE `admin_notifications` ENABLE KEYS */;
UNLOCK TABLES;

--
-- Table structure for table `ads`
--

DROP TABLE IF EXISTS `ads`;
/*!40101 SET @saved_cs_client     = @@character_set_client */;
/*!50503 SET character_set_client = utf8mb4 */;
CREATE TABLE `ads` (
  `id` bigint unsigned NOT NULL AUTO_INCREMENT,
  `name` varchar(191) COLLATE utf8mb4_unicode_ci NOT NULL,
  `expired_at` datetime DEFAULT NULL,
  `location` varchar(120) COLLATE utf8mb4_unicode_ci DEFAULT NULL,
  `key` varchar(120) COLLATE utf8mb4_unicode_ci NOT NULL,
  `image` varchar(191) COLLATE utf8mb4_unicode_ci DEFAULT NULL,
  `url` varchar(191) COLLATE utf8mb4_unicode_ci DEFAULT NULL,
  `clicked` bigint NOT NULL DEFAULT '0',
  `order` int DEFAULT '0',
  `status` varchar(60) COLLATE utf8mb4_unicode_ci NOT NULL DEFAULT 'published',
  `created_at` timestamp NULL DEFAULT NULL,
  `updated_at` timestamp NULL DEFAULT NULL,
  `open_in_new_tab` tinyint(1) NOT NULL DEFAULT '1',
  `tablet_image` varchar(191) COLLATE utf8mb4_unicode_ci DEFAULT NULL,
  `mobile_image` varchar(191) COLLATE utf8mb4_unicode_ci DEFAULT NULL,
  `ads_type` varchar(191) COLLATE utf8mb4_unicode_ci DEFAULT NULL,
  `google_adsense_slot_id` varchar(191) COLLATE utf8mb4_unicode_ci DEFAULT NULL,
  PRIMARY KEY (`id`),
  UNIQUE KEY `ads_key_unique` (`key`)
) ENGINE=InnoDB AUTO_INCREMENT=10 DEFAULT CHARSET=utf8mb4 COLLATE=utf8mb4_unicode_ci;
/*!40101 SET character_set_client = @saved_cs_client */;

--
-- Dumping data for table `ads`
--

LOCK TABLES `ads` WRITE;
/*!40000 ALTER TABLE `ads` DISABLE KEYS */;
INSERT INTO `ads` VALUES (1,'New Modern & Stylist <br> Crafts','2028-06-10 00:17:43',NULL,'IYHICPADQD5X','sliders/banner-slider-01.jpg','/products',0,1,'published','2025-06-09 17:17:43','2025-06-09 17:17:43',1,NULL,NULL,NULL,NULL),(2,'Popular Energy with our <br> newest collection','2029-06-10 00:17:43',NULL,'R4YAV9FECJUS','sliders/banner-slider-02.jpg','/products',0,2,'published','2025-06-09 17:17:43','2025-06-09 17:17:43',1,NULL,NULL,NULL,NULL),(3,'Winter <br> Exclusive In','2029-06-10 00:17:43',NULL,'QPTCBJBOJOSY','banners/banner-offer-01.jpg','/products',0,3,'published','2025-06-09 17:17:43','2025-06-09 17:17:43',1,NULL,NULL,NULL,NULL),(4,'50% Offer','2026-06-10 00:17:43',NULL,'T2VFLDYYIJEH','banners/banner-offer-02.jpg','/products',0,4,'published','2025-06-09 17:17:43','2025-06-09 17:17:43',1,NULL,NULL,NULL,NULL),(5,'New Modern & Stylist <br> Crafts','2028-06-10 00:17:43',NULL,'JO7LLJHFH1RO','banners/banner-03-01.jpg','/products',0,5,'published','2025-06-09 17:17:43','2025-06-09 17:17:43',1,NULL,NULL,NULL,NULL),(6,'Lamp <br> Collections','2030-06-10 00:17:43',NULL,'L8GDJUBVD2TQ','banners/banner-03-02.jpg','/products',0,6,'published','2025-06-09 17:17:43','2025-06-09 17:17:43',1,NULL,NULL,NULL,NULL),(7,'Minimal Chair','2028-06-10 00:17:43',NULL,'PXJPAXLOCVRS','banners/banner-03-03.jpg','/products',0,7,'published','2025-06-09 17:17:43','2025-06-09 17:17:43',1,NULL,NULL,NULL,NULL),(8,'100% Fresh Product <br> Every Hour','2027-06-10 00:17:43',NULL,'EMRCINED6AX9','sliders/slider-05-banner-1.jpg','/products',0,8,'published','2025-06-09 17:17:43','2025-06-09 17:17:43',1,NULL,NULL,NULL,NULL),(9,'100% Fresh Product <br> Every Hour','2028-06-10 00:17:43',NULL,'JVMDAIB9HO2I','sliders/slider-05-banner-1.jpg','/products',0,9,'published','2025-06-09 17:17:43','2025-06-09 17:17:43',1,NULL,NULL,NULL,NULL);
/*!40000 ALTER TABLE `ads` ENABLE KEYS */;
UNLOCK TABLES;

--
-- Table structure for table `ads_translations`
--

DROP TABLE IF EXISTS `ads_translations`;
/*!40101 SET @saved_cs_client     = @@character_set_client */;
/*!50503 SET character_set_client = utf8mb4 */;
CREATE TABLE `ads_translations` (
  `lang_code` varchar(191) COLLATE utf8mb4_unicode_ci NOT NULL,
  `ads_id` bigint unsigned NOT NULL,
  `name` varchar(191) COLLATE utf8mb4_unicode_ci DEFAULT NULL,
  `image` varchar(191) COLLATE utf8mb4_unicode_ci DEFAULT NULL,
  `url` varchar(191) COLLATE utf8mb4_unicode_ci DEFAULT NULL,
  `tablet_image` varchar(191) COLLATE utf8mb4_unicode_ci DEFAULT NULL,
  `mobile_image` varchar(191) COLLATE utf8mb4_unicode_ci DEFAULT NULL,
  PRIMARY KEY (`lang_code`,`ads_id`)
) ENGINE=InnoDB DEFAULT CHARSET=utf8mb4 COLLATE=utf8mb4_unicode_ci;
/*!40101 SET character_set_client = @saved_cs_client */;

--
-- Dumping data for table `ads_translations`
--

LOCK TABLES `ads_translations` WRITE;
/*!40000 ALTER TABLE `ads_translations` DISABLE KEYS */;
/*!40000 ALTER TABLE `ads_translations` ENABLE KEYS */;
UNLOCK TABLES;

--
-- Table structure for table `announcements`
--

DROP TABLE IF EXISTS `announcements`;
/*!40101 SET @saved_cs_client     = @@character_set_client */;
/*!50503 SET character_set_client = utf8mb4 */;
CREATE TABLE `announcements` (
  `id` bigint unsigned NOT NULL AUTO_INCREMENT,
  `name` varchar(191) COLLATE utf8mb4_unicode_ci NOT NULL,
  `content` text COLLATE utf8mb4_unicode_ci NOT NULL,
  `has_action` tinyint(1) NOT NULL DEFAULT '0',
  `action_label` varchar(60) COLLATE utf8mb4_unicode_ci DEFAULT NULL,
  `action_url` varchar(400) COLLATE utf8mb4_unicode_ci DEFAULT NULL,
  `action_open_new_tab` tinyint(1) NOT NULL DEFAULT '0',
  `dismissible` tinyint(1) NOT NULL DEFAULT '0',
  `start_date` datetime DEFAULT NULL,
  `end_date` datetime DEFAULT NULL,
  `is_active` tinyint(1) NOT NULL DEFAULT '1',
  `created_at` timestamp NULL DEFAULT NULL,
  `updated_at` timestamp NULL DEFAULT NULL,
  PRIMARY KEY (`id`)
) ENGINE=InnoDB DEFAULT CHARSET=utf8mb4 COLLATE=utf8mb4_unicode_ci;
/*!40101 SET character_set_client = @saved_cs_client */;

--
-- Dumping data for table `announcements`
--

LOCK TABLES `announcements` WRITE;
/*!40000 ALTER TABLE `announcements` DISABLE KEYS */;
/*!40000 ALTER TABLE `announcements` ENABLE KEYS */;
UNLOCK TABLES;

--
-- Table structure for table `announcements_translations`
--

DROP TABLE IF EXISTS `announcements_translations`;
/*!40101 SET @saved_cs_client     = @@character_set_client */;
/*!50503 SET character_set_client = utf8mb4 */;
CREATE TABLE `announcements_translations` (
  `lang_code` varchar(191) COLLATE utf8mb4_unicode_ci NOT NULL,
  `announcements_id` bigint unsigned NOT NULL,
  `content` text COLLATE utf8mb4_unicode_ci,
  `action_label` varchar(60) COLLATE utf8mb4_unicode_ci DEFAULT NULL,
  PRIMARY KEY (`lang_code`,`announcements_id`)
) ENGINE=InnoDB DEFAULT CHARSET=utf8mb4 COLLATE=utf8mb4_unicode_ci;
/*!40101 SET character_set_client = @saved_cs_client */;

--
-- Dumping data for table `announcements_translations`
--

LOCK TABLES `announcements_translations` WRITE;
/*!40000 ALTER TABLE `announcements_translations` DISABLE KEYS */;
/*!40000 ALTER TABLE `announcements_translations` ENABLE KEYS */;
UNLOCK TABLES;

--
-- Table structure for table `audit_histories`
--

DROP TABLE IF EXISTS `audit_histories`;
/*!40101 SET @saved_cs_client     = @@character_set_client */;
/*!50503 SET character_set_client = utf8mb4 */;
CREATE TABLE `audit_histories` (
  `id` bigint unsigned NOT NULL AUTO_INCREMENT,
  `user_id` bigint unsigned NOT NULL,
  `user_type` varchar(191) COLLATE utf8mb4_unicode_ci DEFAULT 'Botble\\ACL\\Models\\User',
  `module` varchar(60) COLLATE utf8mb4_unicode_ci NOT NULL,
  `request` longtext COLLATE utf8mb4_unicode_ci,
  `action` varchar(120) COLLATE utf8mb4_unicode_ci NOT NULL,
  `user_agent` text COLLATE utf8mb4_unicode_ci,
  `ip_address` varchar(45) COLLATE utf8mb4_unicode_ci DEFAULT NULL,
  `actor_id` bigint unsigned NOT NULL,
  `actor_type` varchar(191) COLLATE utf8mb4_unicode_ci DEFAULT 'Botble\\ACL\\Models\\User',
  `reference_id` bigint unsigned NOT NULL,
  `reference_name` varchar(191) COLLATE utf8mb4_unicode_ci NOT NULL,
  `type` varchar(20) COLLATE utf8mb4_unicode_ci NOT NULL,
  `created_at` timestamp NULL DEFAULT NULL,
  `updated_at` timestamp NULL DEFAULT NULL,
  PRIMARY KEY (`id`),
  KEY `audit_histories_user_id_index` (`user_id`),
  KEY `audit_histories_module_index` (`module`)
) ENGINE=InnoDB DEFAULT CHARSET=utf8mb4 COLLATE=utf8mb4_unicode_ci;
/*!40101 SET character_set_client = @saved_cs_client */;

--
-- Dumping data for table `audit_histories`
--

LOCK TABLES `audit_histories` WRITE;
/*!40000 ALTER TABLE `audit_histories` DISABLE KEYS */;
/*!40000 ALTER TABLE `audit_histories` ENABLE KEYS */;
UNLOCK TABLES;

--
-- Table structure for table `cache`
--

DROP TABLE IF EXISTS `cache`;
/*!40101 SET @saved_cs_client     = @@character_set_client */;
/*!50503 SET character_set_client = utf8mb4 */;
CREATE TABLE `cache` (
  `key` varchar(191) COLLATE utf8mb4_unicode_ci NOT NULL,
  `value` mediumtext COLLATE utf8mb4_unicode_ci NOT NULL,
  `expiration` int NOT NULL,
  PRIMARY KEY (`key`)
) ENGINE=InnoDB DEFAULT CHARSET=utf8mb4 COLLATE=utf8mb4_unicode_ci;
/*!40101 SET character_set_client = @saved_cs_client */;

--
-- Dumping data for table `cache`
--

LOCK TABLES `cache` WRITE;
/*!40000 ALTER TABLE `cache` DISABLE KEYS */;
/*!40000 ALTER TABLE `cache` ENABLE KEYS */;
UNLOCK TABLES;

--
-- Table structure for table `cache_locks`
--

DROP TABLE IF EXISTS `cache_locks`;
/*!40101 SET @saved_cs_client     = @@character_set_client */;
/*!50503 SET character_set_client = utf8mb4 */;
CREATE TABLE `cache_locks` (
  `key` varchar(191) COLLATE utf8mb4_unicode_ci NOT NULL,
  `owner` varchar(191) COLLATE utf8mb4_unicode_ci NOT NULL,
  `expiration` int NOT NULL,
  PRIMARY KEY (`key`)
) ENGINE=InnoDB DEFAULT CHARSET=utf8mb4 COLLATE=utf8mb4_unicode_ci;
/*!40101 SET character_set_client = @saved_cs_client */;

--
-- Dumping data for table `cache_locks`
--

LOCK TABLES `cache_locks` WRITE;
/*!40000 ALTER TABLE `cache_locks` DISABLE KEYS */;
/*!40000 ALTER TABLE `cache_locks` ENABLE KEYS */;
UNLOCK TABLES;

--
-- Table structure for table `categories`
--

DROP TABLE IF EXISTS `categories`;
/*!40101 SET @saved_cs_client     = @@character_set_client */;
/*!50503 SET character_set_client = utf8mb4 */;
CREATE TABLE `categories` (
  `id` bigint unsigned NOT NULL AUTO_INCREMENT,
  `name` varchar(120) COLLATE utf8mb4_unicode_ci NOT NULL,
  `parent_id` bigint unsigned NOT NULL DEFAULT '0',
  `description` varchar(400) COLLATE utf8mb4_unicode_ci DEFAULT NULL,
  `status` varchar(60) COLLATE utf8mb4_unicode_ci NOT NULL DEFAULT 'published',
  `author_id` bigint unsigned DEFAULT NULL,
  `author_type` varchar(191) COLLATE utf8mb4_unicode_ci NOT NULL DEFAULT 'Botble\\ACL\\Models\\User',
  `icon` varchar(60) COLLATE utf8mb4_unicode_ci DEFAULT NULL,
  `order` int unsigned NOT NULL DEFAULT '0',
  `is_featured` tinyint NOT NULL DEFAULT '0',
  `is_default` tinyint unsigned NOT NULL DEFAULT '0',
  `created_at` timestamp NULL DEFAULT NULL,
  `updated_at` timestamp NULL DEFAULT NULL,
  PRIMARY KEY (`id`),
  KEY `categories_parent_id_index` (`parent_id`),
  KEY `categories_status_index` (`status`),
  KEY `categories_created_at_index` (`created_at`)
) ENGINE=InnoDB AUTO_INCREMENT=5 DEFAULT CHARSET=utf8mb4 COLLATE=utf8mb4_unicode_ci;
/*!40101 SET character_set_client = @saved_cs_client */;

--
-- Dumping data for table `categories`
--

LOCK TABLES `categories` WRITE;
/*!40000 ALTER TABLE `categories` DISABLE KEYS */;
INSERT INTO `categories` VALUES (1,'Ecommerce',0,'Unde rem ex voluptas voluptates. Consectetur culpa corrupti aut odio et beatae. Reiciendis velit reprehenderit harum modi sed natus ipsa tempora. Possimus ex sequi odit ipsa doloribus dolorem nihil.','published',1,'Botble\\ACL\\Models\\User',NULL,0,0,0,'2025-06-09 17:17:37','2025-06-09 17:17:37'),(2,'Fashion',0,'Omnis autem consectetur numquam eum ducimus. Qui tenetur voluptas qui. At assumenda atque nemo repudiandae eos voluptas alias.','published',1,'Botble\\ACL\\Models\\User',NULL,0,1,0,'2025-06-09 17:17:37','2025-06-09 17:17:37'),(3,'Electronic',0,'Officiis dolor quod et debitis. Quisquam consequatur consequatur quaerat eos. Occaecati nesciunt voluptatibus voluptas ipsam.','published',1,'Botble\\ACL\\Models\\User',NULL,0,1,0,'2025-06-09 17:17:37','2025-06-09 17:17:37'),(4,'Commercial',0,'Aut aut voluptatem fuga maxime natus. Tempora qui quis assumenda. Excepturi qui molestias est quis dolorum natus consequatur.','published',1,'Botble\\ACL\\Models\\User',NULL,0,1,0,'2025-06-09 17:17:37','2025-06-09 17:17:37');
/*!40000 ALTER TABLE `categories` ENABLE KEYS */;
UNLOCK TABLES;

--
-- Table structure for table `categories_translations`
--

DROP TABLE IF EXISTS `categories_translations`;
/*!40101 SET @saved_cs_client     = @@character_set_client */;
/*!50503 SET character_set_client = utf8mb4 */;
CREATE TABLE `categories_translations` (
  `lang_code` varchar(20) COLLATE utf8mb4_unicode_ci NOT NULL,
  `categories_id` bigint unsigned NOT NULL,
  `name` varchar(191) COLLATE utf8mb4_unicode_ci DEFAULT NULL,
  `description` varchar(400) COLLATE utf8mb4_unicode_ci DEFAULT NULL,
  PRIMARY KEY (`lang_code`,`categories_id`)
) ENGINE=InnoDB DEFAULT CHARSET=utf8mb4 COLLATE=utf8mb4_unicode_ci;
/*!40101 SET character_set_client = @saved_cs_client */;

--
-- Dumping data for table `categories_translations`
--

LOCK TABLES `categories_translations` WRITE;
/*!40000 ALTER TABLE `categories_translations` DISABLE KEYS */;
/*!40000 ALTER TABLE `categories_translations` ENABLE KEYS */;
UNLOCK TABLES;

--
-- Table structure for table `cities`
--

DROP TABLE IF EXISTS `cities`;
/*!40101 SET @saved_cs_client     = @@character_set_client */;
/*!50503 SET character_set_client = utf8mb4 */;
CREATE TABLE `cities` (
  `id` bigint unsigned NOT NULL AUTO_INCREMENT,
  `name` varchar(120) COLLATE utf8mb4_unicode_ci NOT NULL,
  `slug` varchar(120) COLLATE utf8mb4_unicode_ci DEFAULT NULL,
  `state_id` bigint unsigned DEFAULT NULL,
  `country_id` bigint unsigned DEFAULT NULL,
  `record_id` varchar(40) COLLATE utf8mb4_unicode_ci DEFAULT NULL,
  `order` tinyint NOT NULL DEFAULT '0',
  `image` varchar(191) COLLATE utf8mb4_unicode_ci DEFAULT NULL,
  `is_default` tinyint unsigned NOT NULL DEFAULT '0',
  `status` varchar(60) COLLATE utf8mb4_unicode_ci NOT NULL DEFAULT 'published',
  `created_at` timestamp NULL DEFAULT NULL,
  `updated_at` timestamp NULL DEFAULT NULL,
  `zip_code` varchar(20) COLLATE utf8mb4_unicode_ci DEFAULT NULL,
  PRIMARY KEY (`id`),
  UNIQUE KEY `cities_slug_unique` (`slug`)
) ENGINE=InnoDB DEFAULT CHARSET=utf8mb4 COLLATE=utf8mb4_unicode_ci;
/*!40101 SET character_set_client = @saved_cs_client */;

--
-- Dumping data for table `cities`
--

LOCK TABLES `cities` WRITE;
/*!40000 ALTER TABLE `cities` DISABLE KEYS */;
/*!40000 ALTER TABLE `cities` ENABLE KEYS */;
UNLOCK TABLES;

--
-- Table structure for table `cities_translations`
--

DROP TABLE IF EXISTS `cities_translations`;
/*!40101 SET @saved_cs_client     = @@character_set_client */;
/*!50503 SET character_set_client = utf8mb4 */;
CREATE TABLE `cities_translations` (
  `lang_code` varchar(20) COLLATE utf8mb4_unicode_ci NOT NULL,
  `cities_id` bigint unsigned NOT NULL,
  `name` varchar(120) COLLATE utf8mb4_unicode_ci DEFAULT NULL,
  `slug` varchar(120) COLLATE utf8mb4_unicode_ci DEFAULT NULL,
  PRIMARY KEY (`lang_code`,`cities_id`)
) ENGINE=InnoDB DEFAULT CHARSET=utf8mb4 COLLATE=utf8mb4_unicode_ci;
/*!40101 SET character_set_client = @saved_cs_client */;

--
-- Dumping data for table `cities_translations`
--

LOCK TABLES `cities_translations` WRITE;
/*!40000 ALTER TABLE `cities_translations` DISABLE KEYS */;
/*!40000 ALTER TABLE `cities_translations` ENABLE KEYS */;
UNLOCK TABLES;

--
-- Table structure for table `contact_custom_field_options`
--

DROP TABLE IF EXISTS `contact_custom_field_options`;
/*!40101 SET @saved_cs_client     = @@character_set_client */;
/*!50503 SET character_set_client = utf8mb4 */;
CREATE TABLE `contact_custom_field_options` (
  `id` bigint unsigned NOT NULL AUTO_INCREMENT,
  `custom_field_id` bigint unsigned NOT NULL,
  `label` varchar(191) COLLATE utf8mb4_unicode_ci DEFAULT NULL,
  `value` varchar(191) COLLATE utf8mb4_unicode_ci NOT NULL,
  `order` int NOT NULL DEFAULT '999',
  `created_at` timestamp NULL DEFAULT NULL,
  `updated_at` timestamp NULL DEFAULT NULL,
  PRIMARY KEY (`id`)
) ENGINE=InnoDB DEFAULT CHARSET=utf8mb4 COLLATE=utf8mb4_unicode_ci;
/*!40101 SET character_set_client = @saved_cs_client */;

--
-- Dumping data for table `contact_custom_field_options`
--

LOCK TABLES `contact_custom_field_options` WRITE;
/*!40000 ALTER TABLE `contact_custom_field_options` DISABLE KEYS */;
/*!40000 ALTER TABLE `contact_custom_field_options` ENABLE KEYS */;
UNLOCK TABLES;

--
-- Table structure for table `contact_custom_field_options_translations`
--

DROP TABLE IF EXISTS `contact_custom_field_options_translations`;
/*!40101 SET @saved_cs_client     = @@character_set_client */;
/*!50503 SET character_set_client = utf8mb4 */;
CREATE TABLE `contact_custom_field_options_translations` (
  `contact_custom_field_options_id` bigint unsigned NOT NULL,
  `lang_code` varchar(191) COLLATE utf8mb4_unicode_ci NOT NULL,
  `label` varchar(191) COLLATE utf8mb4_unicode_ci DEFAULT NULL,
  `value` varchar(191) COLLATE utf8mb4_unicode_ci DEFAULT NULL,
  PRIMARY KEY (`lang_code`,`contact_custom_field_options_id`)
) ENGINE=InnoDB DEFAULT CHARSET=utf8mb4 COLLATE=utf8mb4_unicode_ci;
/*!40101 SET character_set_client = @saved_cs_client */;

--
-- Dumping data for table `contact_custom_field_options_translations`
--

LOCK TABLES `contact_custom_field_options_translations` WRITE;
/*!40000 ALTER TABLE `contact_custom_field_options_translations` DISABLE KEYS */;
/*!40000 ALTER TABLE `contact_custom_field_options_translations` ENABLE KEYS */;
UNLOCK TABLES;

--
-- Table structure for table `contact_custom_fields`
--

DROP TABLE IF EXISTS `contact_custom_fields`;
/*!40101 SET @saved_cs_client     = @@character_set_client */;
/*!50503 SET character_set_client = utf8mb4 */;
CREATE TABLE `contact_custom_fields` (
  `id` bigint unsigned NOT NULL AUTO_INCREMENT,
  `type` varchar(191) COLLATE utf8mb4_unicode_ci NOT NULL,
  `required` tinyint(1) NOT NULL DEFAULT '0',
  `name` varchar(191) COLLATE utf8mb4_unicode_ci NOT NULL,
  `placeholder` varchar(191) COLLATE utf8mb4_unicode_ci DEFAULT NULL,
  `order` int NOT NULL DEFAULT '999',
  `status` varchar(191) COLLATE utf8mb4_unicode_ci NOT NULL DEFAULT 'published',
  `created_at` timestamp NULL DEFAULT NULL,
  `updated_at` timestamp NULL DEFAULT NULL,
  PRIMARY KEY (`id`)
) ENGINE=InnoDB DEFAULT CHARSET=utf8mb4 COLLATE=utf8mb4_unicode_ci;
/*!40101 SET character_set_client = @saved_cs_client */;

--
-- Dumping data for table `contact_custom_fields`
--

LOCK TABLES `contact_custom_fields` WRITE;
/*!40000 ALTER TABLE `contact_custom_fields` DISABLE KEYS */;
/*!40000 ALTER TABLE `contact_custom_fields` ENABLE KEYS */;
UNLOCK TABLES;

--
-- Table structure for table `contact_custom_fields_translations`
--

DROP TABLE IF EXISTS `contact_custom_fields_translations`;
/*!40101 SET @saved_cs_client     = @@character_set_client */;
/*!50503 SET character_set_client = utf8mb4 */;
CREATE TABLE `contact_custom_fields_translations` (
  `contact_custom_fields_id` bigint unsigned NOT NULL,
  `lang_code` varchar(191) COLLATE utf8mb4_unicode_ci NOT NULL,
  `name` varchar(191) COLLATE utf8mb4_unicode_ci DEFAULT NULL,
  `placeholder` varchar(191) COLLATE utf8mb4_unicode_ci DEFAULT NULL,
  PRIMARY KEY (`lang_code`,`contact_custom_fields_id`)
) ENGINE=InnoDB DEFAULT CHARSET=utf8mb4 COLLATE=utf8mb4_unicode_ci;
/*!40101 SET character_set_client = @saved_cs_client */;

--
-- Dumping data for table `contact_custom_fields_translations`
--

LOCK TABLES `contact_custom_fields_translations` WRITE;
/*!40000 ALTER TABLE `contact_custom_fields_translations` DISABLE KEYS */;
/*!40000 ALTER TABLE `contact_custom_fields_translations` ENABLE KEYS */;
UNLOCK TABLES;

--
-- Table structure for table `contact_replies`
--

DROP TABLE IF EXISTS `contact_replies`;
/*!40101 SET @saved_cs_client     = @@character_set_client */;
/*!50503 SET character_set_client = utf8mb4 */;
CREATE TABLE `contact_replies` (
  `id` bigint unsigned NOT NULL AUTO_INCREMENT,
  `message` longtext COLLATE utf8mb4_unicode_ci NOT NULL,
  `contact_id` bigint unsigned NOT NULL,
  `created_at` timestamp NULL DEFAULT NULL,
  `updated_at` timestamp NULL DEFAULT NULL,
  PRIMARY KEY (`id`)
) ENGINE=InnoDB DEFAULT CHARSET=utf8mb4 COLLATE=utf8mb4_unicode_ci;
/*!40101 SET character_set_client = @saved_cs_client */;

--
-- Dumping data for table `contact_replies`
--

LOCK TABLES `contact_replies` WRITE;
/*!40000 ALTER TABLE `contact_replies` DISABLE KEYS */;
/*!40000 ALTER TABLE `contact_replies` ENABLE KEYS */;
UNLOCK TABLES;

--
-- Table structure for table `contacts`
--

DROP TABLE IF EXISTS `contacts`;
/*!40101 SET @saved_cs_client     = @@character_set_client */;
/*!50503 SET character_set_client = utf8mb4 */;
CREATE TABLE `contacts` (
  `id` bigint unsigned NOT NULL AUTO_INCREMENT,
  `name` varchar(60) COLLATE utf8mb4_unicode_ci NOT NULL,
  `email` varchar(60) COLLATE utf8mb4_unicode_ci DEFAULT NULL,
  `phone` varchar(60) COLLATE utf8mb4_unicode_ci DEFAULT NULL,
  `address` varchar(120) COLLATE utf8mb4_unicode_ci DEFAULT NULL,
  `subject` varchar(120) COLLATE utf8mb4_unicode_ci DEFAULT NULL,
  `content` longtext COLLATE utf8mb4_unicode_ci NOT NULL,
  `custom_fields` text COLLATE utf8mb4_unicode_ci,
  `status` varchar(60) COLLATE utf8mb4_unicode_ci NOT NULL DEFAULT 'unread',
  `created_at` timestamp NULL DEFAULT NULL,
  `updated_at` timestamp NULL DEFAULT NULL,
  PRIMARY KEY (`id`)
) ENGINE=InnoDB DEFAULT CHARSET=utf8mb4 COLLATE=utf8mb4_unicode_ci;
/*!40101 SET character_set_client = @saved_cs_client */;

--
-- Dumping data for table `contacts`
--

LOCK TABLES `contacts` WRITE;
/*!40000 ALTER TABLE `contacts` DISABLE KEYS */;
/*!40000 ALTER TABLE `contacts` ENABLE KEYS */;
UNLOCK TABLES;

--
-- Table structure for table `countries`
--

DROP TABLE IF EXISTS `countries`;
/*!40101 SET @saved_cs_client     = @@character_set_client */;
/*!50503 SET character_set_client = utf8mb4 */;
CREATE TABLE `countries` (
  `id` bigint unsigned NOT NULL AUTO_INCREMENT,
  `name` varchar(120) COLLATE utf8mb4_unicode_ci NOT NULL,
  `nationality` varchar(120) COLLATE utf8mb4_unicode_ci DEFAULT NULL,
  `order` tinyint NOT NULL DEFAULT '0',
  `image` varchar(191) COLLATE utf8mb4_unicode_ci DEFAULT NULL,
  `is_default` tinyint unsigned NOT NULL DEFAULT '0',
  `status` varchar(60) COLLATE utf8mb4_unicode_ci NOT NULL DEFAULT 'published',
  `created_at` timestamp NULL DEFAULT NULL,
  `updated_at` timestamp NULL DEFAULT NULL,
  `code` varchar(10) COLLATE utf8mb4_unicode_ci DEFAULT NULL,
  PRIMARY KEY (`id`)
) ENGINE=InnoDB DEFAULT CHARSET=utf8mb4 COLLATE=utf8mb4_unicode_ci;
/*!40101 SET character_set_client = @saved_cs_client */;

--
-- Dumping data for table `countries`
--

LOCK TABLES `countries` WRITE;
/*!40000 ALTER TABLE `countries` DISABLE KEYS */;
/*!40000 ALTER TABLE `countries` ENABLE KEYS */;
UNLOCK TABLES;

--
-- Table structure for table `countries_translations`
--

DROP TABLE IF EXISTS `countries_translations`;
/*!40101 SET @saved_cs_client     = @@character_set_client */;
/*!50503 SET character_set_client = utf8mb4 */;
CREATE TABLE `countries_translations` (
  `lang_code` varchar(20) COLLATE utf8mb4_unicode_ci NOT NULL,
  `countries_id` bigint unsigned NOT NULL,
  `name` varchar(120) COLLATE utf8mb4_unicode_ci DEFAULT NULL,
  `nationality` varchar(120) COLLATE utf8mb4_unicode_ci DEFAULT NULL,
  PRIMARY KEY (`lang_code`,`countries_id`)
) ENGINE=InnoDB DEFAULT CHARSET=utf8mb4 COLLATE=utf8mb4_unicode_ci;
/*!40101 SET character_set_client = @saved_cs_client */;

--
-- Dumping data for table `countries_translations`
--

LOCK TABLES `countries_translations` WRITE;
/*!40000 ALTER TABLE `countries_translations` DISABLE KEYS */;
/*!40000 ALTER TABLE `countries_translations` ENABLE KEYS */;
UNLOCK TABLES;

--
-- Table structure for table `dashboard_widget_settings`
--

DROP TABLE IF EXISTS `dashboard_widget_settings`;
/*!40101 SET @saved_cs_client     = @@character_set_client */;
/*!50503 SET character_set_client = utf8mb4 */;
CREATE TABLE `dashboard_widget_settings` (
  `id` bigint unsigned NOT NULL AUTO_INCREMENT,
  `settings` text COLLATE utf8mb4_unicode_ci,
  `user_id` bigint unsigned NOT NULL,
  `widget_id` bigint unsigned NOT NULL,
  `order` tinyint unsigned NOT NULL DEFAULT '0',
  `status` tinyint unsigned NOT NULL DEFAULT '1',
  `created_at` timestamp NULL DEFAULT NULL,
  `updated_at` timestamp NULL DEFAULT NULL,
  PRIMARY KEY (`id`),
  KEY `dashboard_widget_settings_user_id_index` (`user_id`),
  KEY `dashboard_widget_settings_widget_id_index` (`widget_id`)
) ENGINE=InnoDB DEFAULT CHARSET=utf8mb4 COLLATE=utf8mb4_unicode_ci;
/*!40101 SET character_set_client = @saved_cs_client */;

--
-- Dumping data for table `dashboard_widget_settings`
--

LOCK TABLES `dashboard_widget_settings` WRITE;
/*!40000 ALTER TABLE `dashboard_widget_settings` DISABLE KEYS */;
/*!40000 ALTER TABLE `dashboard_widget_settings` ENABLE KEYS */;
UNLOCK TABLES;

--
-- Table structure for table `dashboard_widgets`
--

DROP TABLE IF EXISTS `dashboard_widgets`;
/*!40101 SET @saved_cs_client     = @@character_set_client */;
/*!50503 SET character_set_client = utf8mb4 */;
CREATE TABLE `dashboard_widgets` (
  `id` bigint unsigned NOT NULL AUTO_INCREMENT,
  `name` varchar(120) COLLATE utf8mb4_unicode_ci NOT NULL,
  `created_at` timestamp NULL DEFAULT NULL,
  `updated_at` timestamp NULL DEFAULT NULL,
  PRIMARY KEY (`id`)
) ENGINE=InnoDB DEFAULT CHARSET=utf8mb4 COLLATE=utf8mb4_unicode_ci;
/*!40101 SET character_set_client = @saved_cs_client */;

--
-- Dumping data for table `dashboard_widgets`
--

LOCK TABLES `dashboard_widgets` WRITE;
/*!40000 ALTER TABLE `dashboard_widgets` DISABLE KEYS */;
/*!40000 ALTER TABLE `dashboard_widgets` ENABLE KEYS */;
UNLOCK TABLES;

--
-- Table structure for table `ec_brands`
--

DROP TABLE IF EXISTS `ec_brands`;
/*!40101 SET @saved_cs_client     = @@character_set_client */;
/*!50503 SET character_set_client = utf8mb4 */;
CREATE TABLE `ec_brands` (
  `id` bigint unsigned NOT NULL AUTO_INCREMENT,
  `name` varchar(191) COLLATE utf8mb4_unicode_ci NOT NULL,
  `description` mediumtext COLLATE utf8mb4_unicode_ci,
  `website` varchar(191) COLLATE utf8mb4_unicode_ci DEFAULT NULL,
  `logo` varchar(191) COLLATE utf8mb4_unicode_ci DEFAULT NULL,
  `status` varchar(60) COLLATE utf8mb4_unicode_ci NOT NULL DEFAULT 'published',
  `order` tinyint unsigned NOT NULL DEFAULT '0',
  `is_featured` tinyint unsigned NOT NULL DEFAULT '0',
  `created_at` timestamp NULL DEFAULT NULL,
  `updated_at` timestamp NULL DEFAULT NULL,
  PRIMARY KEY (`id`)
) ENGINE=InnoDB AUTO_INCREMENT=7 DEFAULT CHARSET=utf8mb4 COLLATE=utf8mb4_unicode_ci;
/*!40101 SET character_set_client = @saved_cs_client */;

--
-- Dumping data for table `ec_brands`
--

LOCK TABLES `ec_brands` WRITE;
/*!40000 ALTER TABLE `ec_brands` DISABLE KEYS */;
INSERT INTO `ec_brands` VALUES (1,'Fashion live',NULL,NULL,'brands/brand-01.png','published',0,1,'2025-06-09 17:17:44','2025-06-09 17:17:44'),(2,'Hand crafted',NULL,NULL,'brands/brand-02.png','published',1,0,'2025-06-09 17:17:44','2025-06-09 17:17:44'),(3,'Mestonix',NULL,NULL,'brands/brand-03.png','published',2,0,'2025-06-09 17:17:44','2025-06-09 17:17:44'),(4,'Sunshine',NULL,NULL,'brands/brand-04.png','published',3,1,'2025-06-09 17:17:44','2025-06-09 17:17:44'),(5,'Pure',NULL,NULL,'brands/brand-05.png','published',4,1,'2025-06-09 17:17:44','2025-06-09 17:17:44'),(6,'Anfold',NULL,NULL,'brands/brand-06.png','published',5,0,'2025-06-09 17:17:44','2025-06-09 17:17:44');
/*!40000 ALTER TABLE `ec_brands` ENABLE KEYS */;
UNLOCK TABLES;

--
-- Table structure for table `ec_brands_translations`
--

DROP TABLE IF EXISTS `ec_brands_translations`;
/*!40101 SET @saved_cs_client     = @@character_set_client */;
/*!50503 SET character_set_client = utf8mb4 */;
CREATE TABLE `ec_brands_translations` (
  `lang_code` varchar(191) COLLATE utf8mb4_unicode_ci NOT NULL,
  `ec_brands_id` bigint unsigned NOT NULL,
  `name` varchar(191) COLLATE utf8mb4_unicode_ci DEFAULT NULL,
  `description` mediumtext COLLATE utf8mb4_unicode_ci,
  PRIMARY KEY (`lang_code`,`ec_brands_id`)
) ENGINE=InnoDB DEFAULT CHARSET=utf8mb4 COLLATE=utf8mb4_unicode_ci;
/*!40101 SET character_set_client = @saved_cs_client */;

--
-- Dumping data for table `ec_brands_translations`
--

LOCK TABLES `ec_brands_translations` WRITE;
/*!40000 ALTER TABLE `ec_brands_translations` DISABLE KEYS */;
/*!40000 ALTER TABLE `ec_brands_translations` ENABLE KEYS */;
UNLOCK TABLES;

--
-- Table structure for table `ec_cart`
--

DROP TABLE IF EXISTS `ec_cart`;
/*!40101 SET @saved_cs_client     = @@character_set_client */;
/*!50503 SET character_set_client = utf8mb4 */;
CREATE TABLE `ec_cart` (
  `identifier` varchar(60) COLLATE utf8mb4_unicode_ci NOT NULL,
  `instance` varchar(60) COLLATE utf8mb4_unicode_ci NOT NULL,
  `content` longtext COLLATE utf8mb4_unicode_ci NOT NULL,
  `created_at` timestamp NULL DEFAULT NULL,
  `updated_at` timestamp NULL DEFAULT NULL,
  PRIMARY KEY (`identifier`,`instance`)
) ENGINE=InnoDB DEFAULT CHARSET=utf8mb4 COLLATE=utf8mb4_unicode_ci;
/*!40101 SET character_set_client = @saved_cs_client */;

--
-- Dumping data for table `ec_cart`
--

LOCK TABLES `ec_cart` WRITE;
/*!40000 ALTER TABLE `ec_cart` DISABLE KEYS */;
/*!40000 ALTER TABLE `ec_cart` ENABLE KEYS */;
UNLOCK TABLES;

--
-- Table structure for table `ec_currencies`
--

DROP TABLE IF EXISTS `ec_currencies`;
/*!40101 SET @saved_cs_client     = @@character_set_client */;
/*!50503 SET character_set_client = utf8mb4 */;
CREATE TABLE `ec_currencies` (
  `id` bigint unsigned NOT NULL AUTO_INCREMENT,
  `title` varchar(191) COLLATE utf8mb4_unicode_ci NOT NULL,
  `symbol` varchar(10) COLLATE utf8mb4_unicode_ci NOT NULL,
  `is_prefix_symbol` tinyint unsigned NOT NULL DEFAULT '0',
  `decimals` tinyint unsigned DEFAULT '0',
  `order` int unsigned DEFAULT '0',
  `is_default` tinyint NOT NULL DEFAULT '0',
  `exchange_rate` double NOT NULL DEFAULT '1',
  `created_at` timestamp NULL DEFAULT NULL,
  `updated_at` timestamp NULL DEFAULT NULL,
  PRIMARY KEY (`id`)
) ENGINE=InnoDB AUTO_INCREMENT=5 DEFAULT CHARSET=utf8mb4 COLLATE=utf8mb4_unicode_ci;
/*!40101 SET character_set_client = @saved_cs_client */;

--
-- Dumping data for table `ec_currencies`
--

LOCK TABLES `ec_currencies` WRITE;
/*!40000 ALTER TABLE `ec_currencies` DISABLE KEYS */;
INSERT INTO `ec_currencies` VALUES (1,'USD','$',1,2,0,1,1,'2025-06-09 17:17:34','2025-06-09 17:17:34'),(2,'EUR','€',0,2,1,0,0.84,'2025-06-09 17:17:34','2025-06-09 17:17:34'),(3,'VND','₫',0,0,2,0,23203,'2025-06-09 17:17:34','2025-06-09 17:17:34'),(4,'NGN','₦',1,2,2,0,895.52,'2025-06-09 17:17:34','2025-06-09 17:17:34');
/*!40000 ALTER TABLE `ec_currencies` ENABLE KEYS */;
UNLOCK TABLES;

--
-- Table structure for table `ec_customer_addresses`
--

DROP TABLE IF EXISTS `ec_customer_addresses`;
/*!40101 SET @saved_cs_client     = @@character_set_client */;
/*!50503 SET character_set_client = utf8mb4 */;
CREATE TABLE `ec_customer_addresses` (
  `id` bigint unsigned NOT NULL AUTO_INCREMENT,
  `name` varchar(191) COLLATE utf8mb4_unicode_ci NOT NULL,
  `email` varchar(60) COLLATE utf8mb4_unicode_ci DEFAULT NULL,
  `phone` varchar(20) COLLATE utf8mb4_unicode_ci DEFAULT NULL,
  `country` varchar(120) COLLATE utf8mb4_unicode_ci DEFAULT NULL,
  `state` varchar(120) COLLATE utf8mb4_unicode_ci DEFAULT NULL,
  `city` varchar(120) COLLATE utf8mb4_unicode_ci DEFAULT NULL,
  `address` varchar(191) COLLATE utf8mb4_unicode_ci DEFAULT NULL,
  `customer_id` bigint unsigned NOT NULL,
  `is_default` tinyint unsigned NOT NULL DEFAULT '0',
  `created_at` timestamp NULL DEFAULT NULL,
  `updated_at` timestamp NULL DEFAULT NULL,
  `zip_code` varchar(20) COLLATE utf8mb4_unicode_ci DEFAULT NULL,
  PRIMARY KEY (`id`)
) ENGINE=InnoDB AUTO_INCREMENT=13 DEFAULT CHARSET=utf8mb4 COLLATE=utf8mb4_unicode_ci;
/*!40101 SET character_set_client = @saved_cs_client */;

--
-- Dumping data for table `ec_customer_addresses`
--

LOCK TABLES `ec_customer_addresses` WRITE;
/*!40000 ALTER TABLE `ec_customer_addresses` DISABLE KEYS */;
INSERT INTO `ec_customer_addresses` VALUES (1,'Sanford O\'Hara','customer@botble.com','+18137828592','UM','Illinois','Hayleymouth','61271 Collier Mall',1,1,'2025-06-09 17:17:55','2025-06-09 17:17:55','90177'),(2,'Sanford O\'Hara','customer@botble.com','+18288801142','PA','Oklahoma','East Seamusmouth','79208 Oberbrunner Crescent',1,0,'2025-06-09 17:17:55','2025-06-09 17:17:55','98461'),(3,'Mitchel Ondricka','john.smith@botble.com','+19475692272','YT','Mississippi','Bartholomestad','144 Pfannerstill Villages Apt. 101',2,1,'2025-06-09 17:17:55','2025-06-09 17:17:55','83187'),(4,'Mitchel Ondricka','john.smith@botble.com','+15205264640','EH','Minnesota','West Albin','22343 Abelardo Ports Suite 331',2,0,'2025-06-09 17:17:55','2025-06-09 17:17:55','88584'),(5,'Mrs. Aiyana Feest Jr.','jalen.koepp@example.org','+18787565422','BL','Missouri','Pasqualehaven','6297 Oberbrunner Inlet',3,1,'2025-06-09 17:17:55','2025-06-09 17:17:55','90138-5099'),(6,'Dr. Russell Bruen','wilbert37@example.org','+19036086294','SE','Tennessee','West Nadialand','6131 Malvina Shoal Apt. 969',4,1,'2025-06-09 17:17:56','2025-06-09 17:17:56','71982-6220'),(7,'Evalyn Ankunding','louvenia.smith@example.org','+13022911752','ML','Ohio','South Kelley','1857 Bill Knoll Suite 315',5,1,'2025-06-09 17:17:56','2025-06-09 17:17:56','80284'),(8,'Mrs. Noemi Schoen','zachariah.reichert@example.com','+19019069294','UA','Virginia','Jaidafort','25854 Lon Extensions',6,1,'2025-06-09 17:17:56','2025-06-09 17:17:56','04294'),(9,'Miss Liana Koch DVM','gail69@example.net','+17757608696','CI','Florida','Carterton','30942 Carmel Coves',7,1,'2025-06-09 17:17:56','2025-06-09 17:17:56','61547-3325'),(10,'Haylie Hayes DVM','koepp.magnus@example.org','+19803369547','PK','Virginia','Leuschkeside','68189 DuBuque Islands Suite 151',8,1,'2025-06-09 17:17:57','2025-06-09 17:17:57','78500'),(11,'Otis Wehner','eryn55@example.org','+18728873972','VC','Iowa','Bergnaumhaven','457 Emmett Motorway',9,1,'2025-06-09 17:17:57','2025-06-09 17:17:57','50851'),(12,'Mrs. Joanny Dooley','fisher.fidel@example.net','+13476822831','NP','Indiana','Charlieborough','610 Delores Avenue Apt. 993',10,1,'2025-06-09 17:17:57','2025-06-09 17:17:57','68626-2035');
/*!40000 ALTER TABLE `ec_customer_addresses` ENABLE KEYS */;
UNLOCK TABLES;

--
-- Table structure for table `ec_customer_password_resets`
--

DROP TABLE IF EXISTS `ec_customer_password_resets`;
/*!40101 SET @saved_cs_client     = @@character_set_client */;
/*!50503 SET character_set_client = utf8mb4 */;
CREATE TABLE `ec_customer_password_resets` (
  `email` varchar(191) COLLATE utf8mb4_unicode_ci NOT NULL,
  `token` varchar(191) COLLATE utf8mb4_unicode_ci NOT NULL,
  `created_at` timestamp NULL DEFAULT NULL,
  KEY `ec_customer_password_resets_email_index` (`email`),
  KEY `ec_customer_password_resets_token_index` (`token`)
) ENGINE=InnoDB DEFAULT CHARSET=utf8mb4 COLLATE=utf8mb4_unicode_ci;
/*!40101 SET character_set_client = @saved_cs_client */;

--
-- Dumping data for table `ec_customer_password_resets`
--

LOCK TABLES `ec_customer_password_resets` WRITE;
/*!40000 ALTER TABLE `ec_customer_password_resets` DISABLE KEYS */;
/*!40000 ALTER TABLE `ec_customer_password_resets` ENABLE KEYS */;
UNLOCK TABLES;

--
-- Table structure for table `ec_customer_recently_viewed_products`
--

DROP TABLE IF EXISTS `ec_customer_recently_viewed_products`;
/*!40101 SET @saved_cs_client     = @@character_set_client */;
/*!50503 SET character_set_client = utf8mb4 */;
CREATE TABLE `ec_customer_recently_viewed_products` (
  `id` bigint unsigned NOT NULL AUTO_INCREMENT,
  `customer_id` bigint unsigned NOT NULL,
  `product_id` bigint unsigned NOT NULL,
  PRIMARY KEY (`id`)
) ENGINE=InnoDB DEFAULT CHARSET=utf8mb4 COLLATE=utf8mb4_unicode_ci;
/*!40101 SET character_set_client = @saved_cs_client */;

--
-- Dumping data for table `ec_customer_recently_viewed_products`
--

LOCK TABLES `ec_customer_recently_viewed_products` WRITE;
/*!40000 ALTER TABLE `ec_customer_recently_viewed_products` DISABLE KEYS */;
/*!40000 ALTER TABLE `ec_customer_recently_viewed_products` ENABLE KEYS */;
UNLOCK TABLES;

--
-- Table structure for table `ec_customer_used_coupons`
--

DROP TABLE IF EXISTS `ec_customer_used_coupons`;
/*!40101 SET @saved_cs_client     = @@character_set_client */;
/*!50503 SET character_set_client = utf8mb4 */;
CREATE TABLE `ec_customer_used_coupons` (
  `discount_id` bigint unsigned NOT NULL,
  `customer_id` bigint unsigned NOT NULL,
  PRIMARY KEY (`discount_id`,`customer_id`)
) ENGINE=InnoDB DEFAULT CHARSET=utf8mb4 COLLATE=utf8mb4_unicode_ci;
/*!40101 SET character_set_client = @saved_cs_client */;

--
-- Dumping data for table `ec_customer_used_coupons`
--

LOCK TABLES `ec_customer_used_coupons` WRITE;
/*!40000 ALTER TABLE `ec_customer_used_coupons` DISABLE KEYS */;
/*!40000 ALTER TABLE `ec_customer_used_coupons` ENABLE KEYS */;
UNLOCK TABLES;

--
-- Table structure for table `ec_customers`
--

DROP TABLE IF EXISTS `ec_customers`;
/*!40101 SET @saved_cs_client     = @@character_set_client */;
/*!50503 SET character_set_client = utf8mb4 */;
CREATE TABLE `ec_customers` (
  `id` bigint unsigned NOT NULL AUTO_INCREMENT,
  `name` varchar(191) COLLATE utf8mb4_unicode_ci NOT NULL,
  `email` varchar(191) COLLATE utf8mb4_unicode_ci DEFAULT NULL,
  `password` varchar(191) COLLATE utf8mb4_unicode_ci NOT NULL,
  `avatar` varchar(191) COLLATE utf8mb4_unicode_ci DEFAULT NULL,
  `dob` date DEFAULT NULL,
  `phone` varchar(20) COLLATE utf8mb4_unicode_ci DEFAULT NULL,
  `remember_token` varchar(100) COLLATE utf8mb4_unicode_ci DEFAULT NULL,
  `created_at` timestamp NULL DEFAULT NULL,
  `updated_at` timestamp NULL DEFAULT NULL,
  `confirmed_at` datetime DEFAULT NULL,
  `email_verify_token` varchar(120) COLLATE utf8mb4_unicode_ci DEFAULT NULL,
  `status` varchar(60) COLLATE utf8mb4_unicode_ci NOT NULL DEFAULT 'activated',
  `private_notes` text COLLATE utf8mb4_unicode_ci,
  PRIMARY KEY (`id`)
) ENGINE=InnoDB AUTO_INCREMENT=11 DEFAULT CHARSET=utf8mb4 COLLATE=utf8mb4_unicode_ci;
/*!40101 SET character_set_client = @saved_cs_client */;

--
-- Dumping data for table `ec_customers`
--

LOCK TABLES `ec_customers` WRITE;
/*!40000 ALTER TABLE `ec_customers` DISABLE KEYS */;
INSERT INTO `ec_customers` VALUES (1,'Sanford O\'Hara','customer@botble.com','$2y$12$UUgSBg4DpokAzCMzX1uIzOGFRae1xONxGLplX1VEiklsylsCRTkZq','customers/6.jpg','1996-05-25','+18646269673',NULL,'2025-06-09 17:17:55','2025-06-09 17:17:55','2025-06-10 00:17:55',NULL,'activated',NULL),(2,'Mitchel Ondricka','john.smith@botble.com','$2y$12$rXTNeo59Bzf4p9YNd5fJFebaC4.pI0K7tsF2iDe.bAjlrrU/0P.oK','customers/5.jpg','2003-06-03','+12403339419',NULL,'2025-06-09 17:17:55','2025-06-09 17:17:55','2025-06-10 00:17:55',NULL,'activated',NULL),(3,'Mrs. Aiyana Feest Jr.','jalen.koepp@example.org','$2y$12$SIL9RnCs1KVvGymY0qsga.qW81PzVrCA7zO8LjVctfqlZUDOSPxYe','customers/1.jpg','1996-06-06','+13214477069',NULL,'2025-06-09 17:17:55','2025-06-09 17:17:55','2025-06-10 00:17:55',NULL,'activated',NULL),(4,'Dr. Russell Bruen','wilbert37@example.org','$2y$12$.4uCVzkXLWeaUfPtxkjQMuWkh8gZKbcbZ0zH7oAXJQ9Rea53zo/fG','customers/2.jpg','1997-06-09','+14454958394',NULL,'2025-06-09 17:17:56','2025-06-09 17:17:56','2025-06-10 00:17:56',NULL,'activated',NULL),(5,'Evalyn Ankunding','louvenia.smith@example.org','$2y$12$w/L4uY/iecmVJZpfggznR.2A8o4VlYrdXFJUMHdgdxSNl3j6vm4bK','customers/3.jpg','1992-05-19','+17546322035',NULL,'2025-06-09 17:17:56','2025-06-09 17:17:56','2025-06-10 00:17:56',NULL,'activated',NULL),(6,'Mrs. Noemi Schoen','zachariah.reichert@example.com','$2y$12$/KX4FKw4mBYnbjlEPiJg0.XWiZbcF58EFUylg.AFDLPbdCxh0KOWa','customers/4.jpg','1992-05-23','+16066010263',NULL,'2025-06-09 17:17:56','2025-06-09 17:17:56','2025-06-10 00:17:56',NULL,'activated',NULL),(7,'Miss Liana Koch DVM','gail69@example.net','$2y$12$lyIt2t7Z7yFPL0aG8O.dJ.KpZZ1gMnDfzV34y3UheWbkWUQGKPkiq','customers/5.jpg','2003-05-31','+16783779705',NULL,'2025-06-09 17:17:56','2025-06-09 17:17:56','2025-06-10 00:17:56',NULL,'activated',NULL),(8,'Haylie Hayes DVM','koepp.magnus@example.org','$2y$12$/QxK1bEJtID4MRu7sxS.ku3uMm5BR4aQWLW0VkIHc9ELtBRBdn4gO','customers/6.jpg','2001-06-03','+17546946922',NULL,'2025-06-09 17:17:57','2025-06-09 17:17:57','2025-06-10 00:17:57',NULL,'activated',NULL),(9,'Otis Wehner','eryn55@example.org','$2y$12$KCpWW9xr5t1FR.IiLa8htedGJlXNAWM.THK4WvlnOJ3HAP4JseWXu','customers/7.jpg','1983-06-08','+19472456154',NULL,'2025-06-09 17:17:57','2025-06-09 17:17:57','2025-06-10 00:17:57',NULL,'activated',NULL),(10,'Mrs. Joanny Dooley','fisher.fidel@example.net','$2y$12$u/5z2.nTyjdQnRAIu1uv2uy7RDLFxwvrMC/vNfk3Dl42d.1vY1w96','customers/8.jpg','1989-06-03','+18643171253',NULL,'2025-06-09 17:17:57','2025-06-09 17:17:57','2025-06-10 00:17:57',NULL,'activated',NULL);
/*!40000 ALTER TABLE `ec_customers` ENABLE KEYS */;
UNLOCK TABLES;

--
-- Table structure for table `ec_discount_customers`
--

DROP TABLE IF EXISTS `ec_discount_customers`;
/*!40101 SET @saved_cs_client     = @@character_set_client */;
/*!50503 SET character_set_client = utf8mb4 */;
CREATE TABLE `ec_discount_customers` (
  `discount_id` bigint unsigned NOT NULL,
  `customer_id` bigint unsigned NOT NULL,
  PRIMARY KEY (`discount_id`,`customer_id`)
) ENGINE=InnoDB DEFAULT CHARSET=utf8mb4 COLLATE=utf8mb4_unicode_ci;
/*!40101 SET character_set_client = @saved_cs_client */;

--
-- Dumping data for table `ec_discount_customers`
--

LOCK TABLES `ec_discount_customers` WRITE;
/*!40000 ALTER TABLE `ec_discount_customers` DISABLE KEYS */;
/*!40000 ALTER TABLE `ec_discount_customers` ENABLE KEYS */;
UNLOCK TABLES;

--
-- Table structure for table `ec_discount_product_categories`
--

DROP TABLE IF EXISTS `ec_discount_product_categories`;
/*!40101 SET @saved_cs_client     = @@character_set_client */;
/*!50503 SET character_set_client = utf8mb4 */;
CREATE TABLE `ec_discount_product_categories` (
  `discount_id` bigint unsigned NOT NULL,
  `product_category_id` bigint unsigned NOT NULL,
  PRIMARY KEY (`discount_id`,`product_category_id`)
) ENGINE=InnoDB DEFAULT CHARSET=utf8mb4 COLLATE=utf8mb4_unicode_ci;
/*!40101 SET character_set_client = @saved_cs_client */;

--
-- Dumping data for table `ec_discount_product_categories`
--

LOCK TABLES `ec_discount_product_categories` WRITE;
/*!40000 ALTER TABLE `ec_discount_product_categories` DISABLE KEYS */;
/*!40000 ALTER TABLE `ec_discount_product_categories` ENABLE KEYS */;
UNLOCK TABLES;

--
-- Table structure for table `ec_discount_product_collections`
--

DROP TABLE IF EXISTS `ec_discount_product_collections`;
/*!40101 SET @saved_cs_client     = @@character_set_client */;
/*!50503 SET character_set_client = utf8mb4 */;
CREATE TABLE `ec_discount_product_collections` (
  `discount_id` bigint unsigned NOT NULL,
  `product_collection_id` bigint unsigned NOT NULL,
  PRIMARY KEY (`discount_id`,`product_collection_id`)
) ENGINE=InnoDB DEFAULT CHARSET=utf8mb4 COLLATE=utf8mb4_unicode_ci;
/*!40101 SET character_set_client = @saved_cs_client */;

--
-- Dumping data for table `ec_discount_product_collections`
--

LOCK TABLES `ec_discount_product_collections` WRITE;
/*!40000 ALTER TABLE `ec_discount_product_collections` DISABLE KEYS */;
/*!40000 ALTER TABLE `ec_discount_product_collections` ENABLE KEYS */;
UNLOCK TABLES;

--
-- Table structure for table `ec_discount_products`
--

DROP TABLE IF EXISTS `ec_discount_products`;
/*!40101 SET @saved_cs_client     = @@character_set_client */;
/*!50503 SET character_set_client = utf8mb4 */;
CREATE TABLE `ec_discount_products` (
  `discount_id` bigint unsigned NOT NULL,
  `product_id` bigint unsigned NOT NULL,
  PRIMARY KEY (`discount_id`,`product_id`)
) ENGINE=InnoDB DEFAULT CHARSET=utf8mb4 COLLATE=utf8mb4_unicode_ci;
/*!40101 SET character_set_client = @saved_cs_client */;

--
-- Dumping data for table `ec_discount_products`
--

LOCK TABLES `ec_discount_products` WRITE;
/*!40000 ALTER TABLE `ec_discount_products` DISABLE KEYS */;
/*!40000 ALTER TABLE `ec_discount_products` ENABLE KEYS */;
UNLOCK TABLES;

--
-- Table structure for table `ec_discounts`
--

DROP TABLE IF EXISTS `ec_discounts`;
/*!40101 SET @saved_cs_client     = @@character_set_client */;
/*!50503 SET character_set_client = utf8mb4 */;
CREATE TABLE `ec_discounts` (
  `id` bigint unsigned NOT NULL AUTO_INCREMENT,
  `title` varchar(120) COLLATE utf8mb4_unicode_ci DEFAULT NULL,
  `code` varchar(20) COLLATE utf8mb4_unicode_ci DEFAULT NULL,
  `start_date` datetime DEFAULT NULL,
  `end_date` datetime DEFAULT NULL,
  `quantity` int DEFAULT NULL,
  `total_used` int unsigned NOT NULL DEFAULT '0',
  `value` double DEFAULT NULL,
  `type` varchar(60) COLLATE utf8mb4_unicode_ci DEFAULT 'coupon',
  `can_use_with_promotion` tinyint(1) NOT NULL DEFAULT '0',
  `can_use_with_flash_sale` tinyint(1) NOT NULL DEFAULT '0',
  `discount_on` varchar(20) COLLATE utf8mb4_unicode_ci DEFAULT NULL,
  `product_quantity` int unsigned DEFAULT NULL,
  `type_option` varchar(100) COLLATE utf8mb4_unicode_ci NOT NULL DEFAULT 'amount',
  `target` varchar(100) COLLATE utf8mb4_unicode_ci NOT NULL DEFAULT 'all-orders',
  `min_order_price` decimal(15,2) DEFAULT NULL,
  `apply_via_url` tinyint(1) NOT NULL DEFAULT '0',
  `display_at_checkout` tinyint(1) NOT NULL DEFAULT '0',
  `created_at` timestamp NULL DEFAULT NULL,
  `updated_at` timestamp NULL DEFAULT NULL,
  `description` varchar(400) COLLATE utf8mb4_unicode_ci DEFAULT NULL,
  PRIMARY KEY (`id`),
  UNIQUE KEY `ec_discounts_code_unique` (`code`)
) ENGINE=InnoDB AUTO_INCREMENT=11 DEFAULT CHARSET=utf8mb4 COLLATE=utf8mb4_unicode_ci;
/*!40101 SET character_set_client = @saved_cs_client */;

--
-- Dumping data for table `ec_discounts`
--

LOCK TABLES `ec_discounts` WRITE;
/*!40000 ALTER TABLE `ec_discounts` DISABLE KEYS */;
INSERT INTO `ec_discounts` VALUES (1,'Discount 1','BMNQ53T78HDC','2025-06-09 00:17:57',NULL,NULL,0,302,'coupon',0,0,NULL,NULL,'amount','all-orders',NULL,0,1,'2025-06-09 17:17:57','2025-06-09 17:17:57',NULL),(2,'Discount 2','WKIJLUMOEOIG','2025-06-09 00:17:57',NULL,NULL,0,724,'coupon',0,0,NULL,NULL,'shipping','all-orders',NULL,0,1,'2025-06-09 17:17:57','2025-06-09 17:17:57',NULL),(3,'Discount 3','5EAZDMZPDFVX','2025-06-09 00:17:57','2025-06-14 00:17:57',NULL,0,305,'coupon',0,0,NULL,NULL,'same-price','all-orders',NULL,0,1,'2025-06-09 17:17:57','2025-06-09 17:17:57',NULL),(4,'Discount 4','MGG6HV5LOUQ1','2025-06-09 00:17:57',NULL,NULL,0,708,'coupon',0,0,NULL,NULL,'shipping','all-orders',NULL,0,1,'2025-06-09 17:17:57','2025-06-09 17:17:57',NULL),(5,'Discount 5','JKZIHIUQC2V6','2025-06-09 00:17:57',NULL,NULL,0,500,'coupon',0,0,NULL,NULL,'amount','all-orders',NULL,0,1,'2025-06-09 17:17:57','2025-06-09 17:17:57',NULL),(6,'Discount 6','4WO0J0GRG4TY','2025-06-09 00:17:57',NULL,NULL,0,443,'coupon',0,0,NULL,NULL,'amount','all-orders',NULL,0,1,'2025-06-09 17:17:57','2025-06-09 17:17:57',NULL),(7,'Discount 7','EPVNRHBULFKH','2025-06-09 00:17:57','2025-07-07 00:17:57',NULL,0,40,'coupon',0,0,NULL,NULL,'percentage','all-orders',NULL,0,1,'2025-06-09 17:17:57','2025-06-09 17:17:57',NULL),(8,'Discount 8','PAUS3SHSK4I7','2025-06-09 00:17:57',NULL,NULL,0,97,'coupon',0,0,NULL,NULL,'amount','all-orders',NULL,0,1,'2025-06-09 17:17:57','2025-06-09 17:17:57',NULL),(9,'Discount 9','DFPHITCKURS5','2025-06-09 00:17:57','2025-07-10 00:17:57',NULL,0,618,'coupon',0,0,NULL,NULL,'amount','all-orders',NULL,0,1,'2025-06-09 17:17:57','2025-06-09 17:17:57',NULL),(10,'Discount 10','P3FBGQC6SEEG','2025-06-09 00:17:57',NULL,NULL,0,70,'coupon',0,0,NULL,NULL,'percentage','all-orders',NULL,0,1,'2025-06-09 17:17:57','2025-06-09 17:17:57',NULL);
/*!40000 ALTER TABLE `ec_discounts` ENABLE KEYS */;
UNLOCK TABLES;

--
-- Table structure for table `ec_flash_sale_products`
--

DROP TABLE IF EXISTS `ec_flash_sale_products`;
/*!40101 SET @saved_cs_client     = @@character_set_client */;
/*!50503 SET character_set_client = utf8mb4 */;
CREATE TABLE `ec_flash_sale_products` (
  `flash_sale_id` bigint unsigned NOT NULL,
  `product_id` bigint unsigned NOT NULL,
  `price` double unsigned DEFAULT NULL,
  `quantity` int unsigned DEFAULT NULL,
  `sold` int unsigned NOT NULL DEFAULT '0'
) ENGINE=InnoDB DEFAULT CHARSET=utf8mb4 COLLATE=utf8mb4_unicode_ci;
/*!40101 SET character_set_client = @saved_cs_client */;

--
-- Dumping data for table `ec_flash_sale_products`
--

LOCK TABLES `ec_flash_sale_products` WRITE;
/*!40000 ALTER TABLE `ec_flash_sale_products` DISABLE KEYS */;
INSERT INTO `ec_flash_sale_products` VALUES (1,1,179.33,7,4),(1,2,222.6,16,5),(1,3,300.08,10,1),(1,4,176.596,6,3),(1,5,240.75,12,4),(1,6,371.7,20,2),(1,7,89.31,20,1),(1,8,213.4656,11,2),(1,9,117.95,8,3),(1,10,223.56,15,1),(2,1,100,10,5);
/*!40000 ALTER TABLE `ec_flash_sale_products` ENABLE KEYS */;
UNLOCK TABLES;

--
-- Table structure for table `ec_flash_sales`
--

DROP TABLE IF EXISTS `ec_flash_sales`;
/*!40101 SET @saved_cs_client     = @@character_set_client */;
/*!50503 SET character_set_client = utf8mb4 */;
CREATE TABLE `ec_flash_sales` (
  `id` bigint unsigned NOT NULL AUTO_INCREMENT,
  `name` varchar(191) COLLATE utf8mb4_unicode_ci NOT NULL,
  `end_date` datetime NOT NULL,
  `status` varchar(60) COLLATE utf8mb4_unicode_ci NOT NULL DEFAULT 'published',
  `created_at` timestamp NULL DEFAULT NULL,
  `updated_at` timestamp NULL DEFAULT NULL,
  PRIMARY KEY (`id`)
) ENGINE=InnoDB AUTO_INCREMENT=3 DEFAULT CHARSET=utf8mb4 COLLATE=utf8mb4_unicode_ci;
/*!40101 SET character_set_client = @saved_cs_client */;

--
-- Dumping data for table `ec_flash_sales`
--

LOCK TABLES `ec_flash_sales` WRITE;
/*!40000 ALTER TABLE `ec_flash_sales` DISABLE KEYS */;
INSERT INTO `ec_flash_sales` VALUES (1,'Winter Sale','2025-09-24 00:00:00','published','2025-06-09 17:17:57','2025-06-09 17:17:57'),(2,'Cosmetics Sale','2026-01-22 00:00:00','published','2025-06-09 17:17:57','2025-06-09 17:17:57');
/*!40000 ALTER TABLE `ec_flash_sales` ENABLE KEYS */;
UNLOCK TABLES;

--
-- Table structure for table `ec_flash_sales_translations`
--

DROP TABLE IF EXISTS `ec_flash_sales_translations`;
/*!40101 SET @saved_cs_client     = @@character_set_client */;
/*!50503 SET character_set_client = utf8mb4 */;
CREATE TABLE `ec_flash_sales_translations` (
  `lang_code` varchar(191) COLLATE utf8mb4_unicode_ci NOT NULL,
  `ec_flash_sales_id` bigint unsigned NOT NULL,
  `name` varchar(191) COLLATE utf8mb4_unicode_ci DEFAULT NULL,
  PRIMARY KEY (`lang_code`,`ec_flash_sales_id`)
) ENGINE=InnoDB DEFAULT CHARSET=utf8mb4 COLLATE=utf8mb4_unicode_ci;
/*!40101 SET character_set_client = @saved_cs_client */;

--
-- Dumping data for table `ec_flash_sales_translations`
--

LOCK TABLES `ec_flash_sales_translations` WRITE;
/*!40000 ALTER TABLE `ec_flash_sales_translations` DISABLE KEYS */;
/*!40000 ALTER TABLE `ec_flash_sales_translations` ENABLE KEYS */;
UNLOCK TABLES;

--
-- Table structure for table `ec_global_option_value`
--

DROP TABLE IF EXISTS `ec_global_option_value`;
/*!40101 SET @saved_cs_client     = @@character_set_client */;
/*!50503 SET character_set_client = utf8mb4 */;
CREATE TABLE `ec_global_option_value` (
  `id` bigint unsigned NOT NULL AUTO_INCREMENT,
  `option_id` bigint unsigned NOT NULL COMMENT 'option id',
  `option_value` tinytext COLLATE utf8mb4_unicode_ci COMMENT 'option value',
  `affect_price` double DEFAULT NULL COMMENT 'value of price of this option affect',
  `order` int NOT NULL DEFAULT '9999',
  `affect_type` tinyint NOT NULL DEFAULT '0' COMMENT '0. fixed 1. percent',
  `created_at` timestamp NULL DEFAULT NULL,
  `updated_at` timestamp NULL DEFAULT NULL,
  PRIMARY KEY (`id`)
) ENGINE=InnoDB AUTO_INCREMENT=13 DEFAULT CHARSET=utf8mb4 COLLATE=utf8mb4_unicode_ci;
/*!40101 SET character_set_client = @saved_cs_client */;

--
-- Dumping data for table `ec_global_option_value`
--

LOCK TABLES `ec_global_option_value` WRITE;
/*!40000 ALTER TABLE `ec_global_option_value` DISABLE KEYS */;
INSERT INTO `ec_global_option_value` VALUES (1,1,'1 Year',0,9999,0,'2025-06-09 17:17:44','2025-06-09 17:17:44'),(2,1,'2 Year',10,9999,0,'2025-06-09 17:17:44','2025-06-09 17:17:44'),(3,1,'3 Year',20,9999,0,'2025-06-09 17:17:44','2025-06-09 17:17:44'),(4,2,'4GB',0,9999,0,'2025-06-09 17:17:44','2025-06-09 17:17:44'),(5,2,'8GB',10,9999,0,'2025-06-09 17:17:44','2025-06-09 17:17:44'),(6,2,'16GB',20,9999,0,'2025-06-09 17:17:44','2025-06-09 17:17:44'),(7,3,'Core i5',0,9999,0,'2025-06-09 17:17:44','2025-06-09 17:17:44'),(8,3,'Core i7',10,9999,0,'2025-06-09 17:17:44','2025-06-09 17:17:44'),(9,3,'Core i9',20,9999,0,'2025-06-09 17:17:44','2025-06-09 17:17:44'),(10,4,'128GB',0,9999,0,'2025-06-09 17:17:44','2025-06-09 17:17:44'),(11,4,'256GB',10,9999,0,'2025-06-09 17:17:44','2025-06-09 17:17:44'),(12,4,'512GB',20,9999,0,'2025-06-09 17:17:44','2025-06-09 17:17:44');
/*!40000 ALTER TABLE `ec_global_option_value` ENABLE KEYS */;
UNLOCK TABLES;

--
-- Table structure for table `ec_global_option_value_translations`
--

DROP TABLE IF EXISTS `ec_global_option_value_translations`;
/*!40101 SET @saved_cs_client     = @@character_set_client */;
/*!50503 SET character_set_client = utf8mb4 */;
CREATE TABLE `ec_global_option_value_translations` (
  `lang_code` varchar(191) COLLATE utf8mb4_unicode_ci NOT NULL,
  `ec_global_option_value_id` bigint unsigned NOT NULL,
  `option_value` varchar(191) COLLATE utf8mb4_unicode_ci DEFAULT NULL,
  PRIMARY KEY (`lang_code`,`ec_global_option_value_id`)
) ENGINE=InnoDB DEFAULT CHARSET=utf8mb4 COLLATE=utf8mb4_unicode_ci;
/*!40101 SET character_set_client = @saved_cs_client */;

--
-- Dumping data for table `ec_global_option_value_translations`
--

LOCK TABLES `ec_global_option_value_translations` WRITE;
/*!40000 ALTER TABLE `ec_global_option_value_translations` DISABLE KEYS */;
/*!40000 ALTER TABLE `ec_global_option_value_translations` ENABLE KEYS */;
UNLOCK TABLES;

--
-- Table structure for table `ec_global_options`
--

DROP TABLE IF EXISTS `ec_global_options`;
/*!40101 SET @saved_cs_client     = @@character_set_client */;
/*!50503 SET character_set_client = utf8mb4 */;
CREATE TABLE `ec_global_options` (
  `id` bigint unsigned NOT NULL AUTO_INCREMENT,
  `name` varchar(191) COLLATE utf8mb4_unicode_ci NOT NULL COMMENT 'Name of options',
  `option_type` varchar(191) COLLATE utf8mb4_unicode_ci NOT NULL COMMENT 'option type',
  `required` tinyint(1) NOT NULL DEFAULT '0' COMMENT 'Checked if this option is required',
  `created_at` timestamp NULL DEFAULT NULL,
  `updated_at` timestamp NULL DEFAULT NULL,
  PRIMARY KEY (`id`)
) ENGINE=InnoDB AUTO_INCREMENT=5 DEFAULT CHARSET=utf8mb4 COLLATE=utf8mb4_unicode_ci;
/*!40101 SET character_set_client = @saved_cs_client */;

--
-- Dumping data for table `ec_global_options`
--

LOCK TABLES `ec_global_options` WRITE;
/*!40000 ALTER TABLE `ec_global_options` DISABLE KEYS */;
INSERT INTO `ec_global_options` VALUES (1,'Warranty','Botble\\Ecommerce\\Option\\OptionType\\RadioButton',1,'2025-06-09 17:17:44','2025-06-09 17:17:44'),(2,'RAM','Botble\\Ecommerce\\Option\\OptionType\\RadioButton',1,'2025-06-09 17:17:44','2025-06-09 17:17:44'),(3,'CPU','Botble\\Ecommerce\\Option\\OptionType\\RadioButton',1,'2025-06-09 17:17:44','2025-06-09 17:17:44'),(4,'HDD','Botble\\Ecommerce\\Option\\OptionType\\Dropdown',0,'2025-06-09 17:17:44','2025-06-09 17:17:44');
/*!40000 ALTER TABLE `ec_global_options` ENABLE KEYS */;
UNLOCK TABLES;

--
-- Table structure for table `ec_global_options_translations`
--

DROP TABLE IF EXISTS `ec_global_options_translations`;
/*!40101 SET @saved_cs_client     = @@character_set_client */;
/*!50503 SET character_set_client = utf8mb4 */;
CREATE TABLE `ec_global_options_translations` (
  `lang_code` varchar(191) COLLATE utf8mb4_unicode_ci NOT NULL,
  `ec_global_options_id` bigint unsigned NOT NULL,
  `name` varchar(191) COLLATE utf8mb4_unicode_ci DEFAULT NULL,
  PRIMARY KEY (`lang_code`,`ec_global_options_id`)
) ENGINE=InnoDB DEFAULT CHARSET=utf8mb4 COLLATE=utf8mb4_unicode_ci;
/*!40101 SET character_set_client = @saved_cs_client */;

--
-- Dumping data for table `ec_global_options_translations`
--

LOCK TABLES `ec_global_options_translations` WRITE;
/*!40000 ALTER TABLE `ec_global_options_translations` DISABLE KEYS */;
/*!40000 ALTER TABLE `ec_global_options_translations` ENABLE KEYS */;
UNLOCK TABLES;

--
-- Table structure for table `ec_grouped_products`
--

DROP TABLE IF EXISTS `ec_grouped_products`;
/*!40101 SET @saved_cs_client     = @@character_set_client */;
/*!50503 SET character_set_client = utf8mb4 */;
CREATE TABLE `ec_grouped_products` (
  `id` bigint unsigned NOT NULL AUTO_INCREMENT,
  `parent_product_id` bigint unsigned NOT NULL,
  `product_id` bigint unsigned NOT NULL,
  `fixed_qty` int NOT NULL DEFAULT '1',
  PRIMARY KEY (`id`)
) ENGINE=InnoDB DEFAULT CHARSET=utf8mb4 COLLATE=utf8mb4_unicode_ci;
/*!40101 SET character_set_client = @saved_cs_client */;

--
-- Dumping data for table `ec_grouped_products`
--

LOCK TABLES `ec_grouped_products` WRITE;
/*!40000 ALTER TABLE `ec_grouped_products` DISABLE KEYS */;
/*!40000 ALTER TABLE `ec_grouped_products` ENABLE KEYS */;
UNLOCK TABLES;

--
-- Table structure for table `ec_invoice_items`
--

DROP TABLE IF EXISTS `ec_invoice_items`;
/*!40101 SET @saved_cs_client     = @@character_set_client */;
/*!50503 SET character_set_client = utf8mb4 */;
CREATE TABLE `ec_invoice_items` (
  `id` bigint unsigned NOT NULL AUTO_INCREMENT,
  `invoice_id` bigint unsigned NOT NULL,
  `reference_type` varchar(191) COLLATE utf8mb4_unicode_ci NOT NULL,
  `reference_id` bigint unsigned NOT NULL,
  `name` varchar(191) COLLATE utf8mb4_unicode_ci NOT NULL,
  `description` varchar(400) COLLATE utf8mb4_unicode_ci DEFAULT NULL,
  `image` varchar(191) COLLATE utf8mb4_unicode_ci DEFAULT NULL,
  `qty` int unsigned NOT NULL,
  `price` decimal(15,2) NOT NULL DEFAULT '0.00',
  `sub_total` decimal(15,2) unsigned NOT NULL,
  `tax_amount` decimal(15,2) unsigned NOT NULL DEFAULT '0.00',
  `discount_amount` decimal(15,2) unsigned NOT NULL DEFAULT '0.00',
  `amount` decimal(15,2) unsigned NOT NULL,
  `options` text COLLATE utf8mb4_unicode_ci,
  `created_at` timestamp NULL DEFAULT NULL,
  `updated_at` timestamp NULL DEFAULT NULL,
  PRIMARY KEY (`id`),
  KEY `ec_invoice_items_reference_type_reference_id_index` (`reference_type`,`reference_id`)
) ENGINE=InnoDB DEFAULT CHARSET=utf8mb4 COLLATE=utf8mb4_unicode_ci;
/*!40101 SET character_set_client = @saved_cs_client */;

--
-- Dumping data for table `ec_invoice_items`
--

LOCK TABLES `ec_invoice_items` WRITE;
/*!40000 ALTER TABLE `ec_invoice_items` DISABLE KEYS */;
/*!40000 ALTER TABLE `ec_invoice_items` ENABLE KEYS */;
UNLOCK TABLES;

--
-- Table structure for table `ec_invoices`
--

DROP TABLE IF EXISTS `ec_invoices`;
/*!40101 SET @saved_cs_client     = @@character_set_client */;
/*!50503 SET character_set_client = utf8mb4 */;
CREATE TABLE `ec_invoices` (
  `id` bigint unsigned NOT NULL AUTO_INCREMENT,
  `reference_type` varchar(191) COLLATE utf8mb4_unicode_ci NOT NULL,
  `reference_id` bigint unsigned NOT NULL,
  `code` varchar(191) COLLATE utf8mb4_unicode_ci NOT NULL,
  `customer_name` varchar(191) COLLATE utf8mb4_unicode_ci DEFAULT NULL,
  `company_name` varchar(191) COLLATE utf8mb4_unicode_ci DEFAULT NULL,
  `company_logo` varchar(191) COLLATE utf8mb4_unicode_ci DEFAULT NULL,
  `customer_email` varchar(191) COLLATE utf8mb4_unicode_ci DEFAULT NULL,
  `customer_phone` varchar(191) COLLATE utf8mb4_unicode_ci DEFAULT NULL,
  `customer_address` varchar(191) COLLATE utf8mb4_unicode_ci DEFAULT NULL,
  `customer_tax_id` varchar(191) COLLATE utf8mb4_unicode_ci DEFAULT NULL,
  `sub_total` decimal(15,2) unsigned NOT NULL,
  `tax_amount` decimal(15,2) DEFAULT '0.00',
  `shipping_amount` decimal(15,2) unsigned NOT NULL DEFAULT '0.00',
  `payment_fee` decimal(15,2) DEFAULT '0.00',
  `discount_amount` decimal(15,2) unsigned NOT NULL DEFAULT '0.00',
  `shipping_option` varchar(60) COLLATE utf8mb4_unicode_ci DEFAULT NULL,
  `shipping_method` varchar(60) COLLATE utf8mb4_unicode_ci NOT NULL DEFAULT 'default',
  `coupon_code` varchar(120) COLLATE utf8mb4_unicode_ci DEFAULT NULL,
  `discount_description` varchar(191) COLLATE utf8mb4_unicode_ci DEFAULT NULL,
  `amount` decimal(15,2) unsigned NOT NULL,
  `description` text COLLATE utf8mb4_unicode_ci,
  `payment_id` bigint unsigned DEFAULT NULL,
  `status` varchar(191) COLLATE utf8mb4_unicode_ci NOT NULL DEFAULT 'pending',
  `paid_at` timestamp NULL DEFAULT NULL,
  `created_at` timestamp NULL DEFAULT NULL,
  `updated_at` timestamp NULL DEFAULT NULL,
  PRIMARY KEY (`id`),
  UNIQUE KEY `ec_invoices_code_unique` (`code`),
  KEY `ec_invoices_reference_type_reference_id_index` (`reference_type`,`reference_id`),
  KEY `ec_invoices_payment_id_index` (`payment_id`),
  KEY `ec_invoices_status_index` (`status`)
) ENGINE=InnoDB DEFAULT CHARSET=utf8mb4 COLLATE=utf8mb4_unicode_ci;
/*!40101 SET character_set_client = @saved_cs_client */;

--
-- Dumping data for table `ec_invoices`
--

LOCK TABLES `ec_invoices` WRITE;
/*!40000 ALTER TABLE `ec_invoices` DISABLE KEYS */;
/*!40000 ALTER TABLE `ec_invoices` ENABLE KEYS */;
UNLOCK TABLES;

--
-- Table structure for table `ec_option_value`
--

DROP TABLE IF EXISTS `ec_option_value`;
/*!40101 SET @saved_cs_client     = @@character_set_client */;
/*!50503 SET character_set_client = utf8mb4 */;
CREATE TABLE `ec_option_value` (
  `id` bigint unsigned NOT NULL AUTO_INCREMENT,
  `option_id` bigint unsigned NOT NULL COMMENT 'option id',
  `option_value` tinytext COLLATE utf8mb4_unicode_ci COMMENT 'option value',
  `affect_price` double DEFAULT NULL COMMENT 'value of price of this option affect',
  `order` int NOT NULL DEFAULT '9999',
  `affect_type` tinyint NOT NULL DEFAULT '0' COMMENT '0. fixed 1. percent',
  `created_at` timestamp NULL DEFAULT NULL,
  `updated_at` timestamp NULL DEFAULT NULL,
  PRIMARY KEY (`id`)
) ENGINE=InnoDB DEFAULT CHARSET=utf8mb4 COLLATE=utf8mb4_unicode_ci;
/*!40101 SET character_set_client = @saved_cs_client */;

--
-- Dumping data for table `ec_option_value`
--

LOCK TABLES `ec_option_value` WRITE;
/*!40000 ALTER TABLE `ec_option_value` DISABLE KEYS */;
/*!40000 ALTER TABLE `ec_option_value` ENABLE KEYS */;
UNLOCK TABLES;

--
-- Table structure for table `ec_option_value_translations`
--

DROP TABLE IF EXISTS `ec_option_value_translations`;
/*!40101 SET @saved_cs_client     = @@character_set_client */;
/*!50503 SET character_set_client = utf8mb4 */;
CREATE TABLE `ec_option_value_translations` (
  `lang_code` varchar(191) COLLATE utf8mb4_unicode_ci NOT NULL,
  `ec_option_value_id` bigint unsigned NOT NULL,
  `option_value` varchar(191) COLLATE utf8mb4_unicode_ci DEFAULT NULL,
  PRIMARY KEY (`lang_code`,`ec_option_value_id`)
) ENGINE=InnoDB DEFAULT CHARSET=utf8mb4 COLLATE=utf8mb4_unicode_ci;
/*!40101 SET character_set_client = @saved_cs_client */;

--
-- Dumping data for table `ec_option_value_translations`
--

LOCK TABLES `ec_option_value_translations` WRITE;
/*!40000 ALTER TABLE `ec_option_value_translations` DISABLE KEYS */;
/*!40000 ALTER TABLE `ec_option_value_translations` ENABLE KEYS */;
UNLOCK TABLES;

--
-- Table structure for table `ec_options`
--

DROP TABLE IF EXISTS `ec_options`;
/*!40101 SET @saved_cs_client     = @@character_set_client */;
/*!50503 SET character_set_client = utf8mb4 */;
CREATE TABLE `ec_options` (
  `id` bigint unsigned NOT NULL AUTO_INCREMENT,
  `name` varchar(191) COLLATE utf8mb4_unicode_ci NOT NULL COMMENT 'Name of options',
  `option_type` varchar(191) COLLATE utf8mb4_unicode_ci DEFAULT NULL COMMENT 'option type',
  `product_id` bigint unsigned NOT NULL DEFAULT '0',
  `order` int NOT NULL DEFAULT '9999',
  `required` tinyint(1) NOT NULL DEFAULT '0' COMMENT 'Checked if this option is required',
  `created_at` timestamp NULL DEFAULT NULL,
  `updated_at` timestamp NULL DEFAULT NULL,
  PRIMARY KEY (`id`)
) ENGINE=InnoDB DEFAULT CHARSET=utf8mb4 COLLATE=utf8mb4_unicode_ci;
/*!40101 SET character_set_client = @saved_cs_client */;

--
-- Dumping data for table `ec_options`
--

LOCK TABLES `ec_options` WRITE;
/*!40000 ALTER TABLE `ec_options` DISABLE KEYS */;
/*!40000 ALTER TABLE `ec_options` ENABLE KEYS */;
UNLOCK TABLES;

--
-- Table structure for table `ec_options_translations`
--

DROP TABLE IF EXISTS `ec_options_translations`;
/*!40101 SET @saved_cs_client     = @@character_set_client */;
/*!50503 SET character_set_client = utf8mb4 */;
CREATE TABLE `ec_options_translations` (
  `lang_code` varchar(191) COLLATE utf8mb4_unicode_ci NOT NULL,
  `ec_options_id` bigint unsigned NOT NULL,
  `name` varchar(191) COLLATE utf8mb4_unicode_ci DEFAULT NULL,
  PRIMARY KEY (`lang_code`,`ec_options_id`)
) ENGINE=InnoDB DEFAULT CHARSET=utf8mb4 COLLATE=utf8mb4_unicode_ci;
/*!40101 SET character_set_client = @saved_cs_client */;

--
-- Dumping data for table `ec_options_translations`
--

LOCK TABLES `ec_options_translations` WRITE;
/*!40000 ALTER TABLE `ec_options_translations` DISABLE KEYS */;
/*!40000 ALTER TABLE `ec_options_translations` ENABLE KEYS */;
UNLOCK TABLES;

--
-- Table structure for table `ec_order_addresses`
--

DROP TABLE IF EXISTS `ec_order_addresses`;
/*!40101 SET @saved_cs_client     = @@character_set_client */;
/*!50503 SET character_set_client = utf8mb4 */;
CREATE TABLE `ec_order_addresses` (
  `id` bigint unsigned NOT NULL AUTO_INCREMENT,
  `name` varchar(191) COLLATE utf8mb4_unicode_ci NOT NULL,
  `phone` varchar(20) COLLATE utf8mb4_unicode_ci DEFAULT NULL,
  `email` varchar(191) COLLATE utf8mb4_unicode_ci DEFAULT NULL,
  `country` varchar(120) COLLATE utf8mb4_unicode_ci DEFAULT NULL,
  `state` varchar(120) COLLATE utf8mb4_unicode_ci DEFAULT NULL,
  `city` varchar(120) COLLATE utf8mb4_unicode_ci DEFAULT NULL,
  `address` varchar(191) COLLATE utf8mb4_unicode_ci DEFAULT NULL,
  `order_id` bigint unsigned NOT NULL,
  `zip_code` varchar(20) COLLATE utf8mb4_unicode_ci DEFAULT NULL,
  `type` varchar(60) COLLATE utf8mb4_unicode_ci NOT NULL DEFAULT 'shipping_address',
  PRIMARY KEY (`id`)
) ENGINE=InnoDB DEFAULT CHARSET=utf8mb4 COLLATE=utf8mb4_unicode_ci;
/*!40101 SET character_set_client = @saved_cs_client */;

--
-- Dumping data for table `ec_order_addresses`
--

LOCK TABLES `ec_order_addresses` WRITE;
/*!40000 ALTER TABLE `ec_order_addresses` DISABLE KEYS */;
/*!40000 ALTER TABLE `ec_order_addresses` ENABLE KEYS */;
UNLOCK TABLES;

--
-- Table structure for table `ec_order_histories`
--

DROP TABLE IF EXISTS `ec_order_histories`;
/*!40101 SET @saved_cs_client     = @@character_set_client */;
/*!50503 SET character_set_client = utf8mb4 */;
CREATE TABLE `ec_order_histories` (
  `id` bigint unsigned NOT NULL AUTO_INCREMENT,
  `action` varchar(120) COLLATE utf8mb4_unicode_ci NOT NULL,
  `description` varchar(400) COLLATE utf8mb4_unicode_ci DEFAULT NULL,
  `user_id` bigint unsigned DEFAULT NULL,
  `order_id` bigint unsigned NOT NULL,
  `extras` text COLLATE utf8mb4_unicode_ci,
  `created_at` timestamp NULL DEFAULT NULL,
  `updated_at` timestamp NULL DEFAULT NULL,
  PRIMARY KEY (`id`)
) ENGINE=InnoDB DEFAULT CHARSET=utf8mb4 COLLATE=utf8mb4_unicode_ci;
/*!40101 SET character_set_client = @saved_cs_client */;

--
-- Dumping data for table `ec_order_histories`
--

LOCK TABLES `ec_order_histories` WRITE;
/*!40000 ALTER TABLE `ec_order_histories` DISABLE KEYS */;
/*!40000 ALTER TABLE `ec_order_histories` ENABLE KEYS */;
UNLOCK TABLES;

--
-- Table structure for table `ec_order_product`
--

DROP TABLE IF EXISTS `ec_order_product`;
/*!40101 SET @saved_cs_client     = @@character_set_client */;
/*!50503 SET character_set_client = utf8mb4 */;
CREATE TABLE `ec_order_product` (
  `id` bigint unsigned NOT NULL AUTO_INCREMENT,
  `order_id` bigint unsigned NOT NULL,
  `qty` int NOT NULL,
  `price` decimal(15,2) NOT NULL,
  `tax_amount` decimal(15,2) DEFAULT '0.00',
  `options` text COLLATE utf8mb4_unicode_ci,
  `product_options` text COLLATE utf8mb4_unicode_ci COMMENT 'product option data',
  `product_id` bigint unsigned DEFAULT NULL,
  `product_name` varchar(191) COLLATE utf8mb4_unicode_ci NOT NULL,
  `product_image` varchar(191) COLLATE utf8mb4_unicode_ci DEFAULT NULL,
  `weight` double DEFAULT '0',
  `restock_quantity` int unsigned DEFAULT '0',
  `created_at` timestamp NULL DEFAULT NULL,
  `updated_at` timestamp NULL DEFAULT NULL,
  `product_type` varchar(60) COLLATE utf8mb4_unicode_ci NOT NULL DEFAULT 'physical',
  `times_downloaded` int NOT NULL DEFAULT '0',
  `license_code` char(36) COLLATE utf8mb4_unicode_ci DEFAULT NULL,
  `downloaded_at` timestamp NULL DEFAULT NULL,
  PRIMARY KEY (`id`)
) ENGINE=InnoDB DEFAULT CHARSET=utf8mb4 COLLATE=utf8mb4_unicode_ci;
/*!40101 SET character_set_client = @saved_cs_client */;

--
-- Dumping data for table `ec_order_product`
--

LOCK TABLES `ec_order_product` WRITE;
/*!40000 ALTER TABLE `ec_order_product` DISABLE KEYS */;
/*!40000 ALTER TABLE `ec_order_product` ENABLE KEYS */;
UNLOCK TABLES;

--
-- Table structure for table `ec_order_referrals`
--

DROP TABLE IF EXISTS `ec_order_referrals`;
/*!40101 SET @saved_cs_client     = @@character_set_client */;
/*!50503 SET character_set_client = utf8mb4 */;
CREATE TABLE `ec_order_referrals` (
  `id` bigint unsigned NOT NULL AUTO_INCREMENT,
  `ip` varchar(39) COLLATE utf8mb4_unicode_ci DEFAULT NULL,
  `landing_domain` varchar(191) COLLATE utf8mb4_unicode_ci DEFAULT NULL,
  `landing_page` varchar(191) COLLATE utf8mb4_unicode_ci DEFAULT NULL,
  `landing_params` varchar(191) COLLATE utf8mb4_unicode_ci DEFAULT NULL,
  `referral` varchar(191) COLLATE utf8mb4_unicode_ci DEFAULT NULL,
  `gclid` varchar(191) COLLATE utf8mb4_unicode_ci DEFAULT NULL,
  `fclid` varchar(191) COLLATE utf8mb4_unicode_ci DEFAULT NULL,
  `utm_source` varchar(191) COLLATE utf8mb4_unicode_ci DEFAULT NULL,
  `utm_campaign` varchar(191) COLLATE utf8mb4_unicode_ci DEFAULT NULL,
  `utm_medium` varchar(191) COLLATE utf8mb4_unicode_ci DEFAULT NULL,
  `utm_term` varchar(191) COLLATE utf8mb4_unicode_ci DEFAULT NULL,
  `utm_content` varchar(191) COLLATE utf8mb4_unicode_ci DEFAULT NULL,
  `referrer_url` text COLLATE utf8mb4_unicode_ci,
  `referrer_domain` varchar(191) COLLATE utf8mb4_unicode_ci DEFAULT NULL,
  `order_id` bigint unsigned DEFAULT NULL,
  `created_at` timestamp NULL DEFAULT NULL,
  `updated_at` timestamp NULL DEFAULT NULL,
  PRIMARY KEY (`id`),
  KEY `ec_order_referrals_order_id_index` (`order_id`)
) ENGINE=InnoDB DEFAULT CHARSET=utf8mb4 COLLATE=utf8mb4_unicode_ci;
/*!40101 SET character_set_client = @saved_cs_client */;

--
-- Dumping data for table `ec_order_referrals`
--

LOCK TABLES `ec_order_referrals` WRITE;
/*!40000 ALTER TABLE `ec_order_referrals` DISABLE KEYS */;
/*!40000 ALTER TABLE `ec_order_referrals` ENABLE KEYS */;
UNLOCK TABLES;

--
-- Table structure for table `ec_order_return_histories`
--

DROP TABLE IF EXISTS `ec_order_return_histories`;
/*!40101 SET @saved_cs_client     = @@character_set_client */;
/*!50503 SET character_set_client = utf8mb4 */;
CREATE TABLE `ec_order_return_histories` (
  `id` bigint unsigned NOT NULL AUTO_INCREMENT,
  `user_id` bigint unsigned DEFAULT NULL,
  `order_return_id` bigint unsigned NOT NULL,
  `action` varchar(191) COLLATE utf8mb4_unicode_ci NOT NULL,
  `description` varchar(400) COLLATE utf8mb4_unicode_ci DEFAULT NULL,
  `reason` varchar(191) COLLATE utf8mb4_unicode_ci DEFAULT NULL,
  `created_at` timestamp NULL DEFAULT NULL,
  `updated_at` timestamp NULL DEFAULT NULL,
  PRIMARY KEY (`id`)
) ENGINE=InnoDB DEFAULT CHARSET=utf8mb4 COLLATE=utf8mb4_unicode_ci;
/*!40101 SET character_set_client = @saved_cs_client */;

--
-- Dumping data for table `ec_order_return_histories`
--

LOCK TABLES `ec_order_return_histories` WRITE;
/*!40000 ALTER TABLE `ec_order_return_histories` DISABLE KEYS */;
/*!40000 ALTER TABLE `ec_order_return_histories` ENABLE KEYS */;
UNLOCK TABLES;

--
-- Table structure for table `ec_order_return_items`
--

DROP TABLE IF EXISTS `ec_order_return_items`;
/*!40101 SET @saved_cs_client     = @@character_set_client */;
/*!50503 SET character_set_client = utf8mb4 */;
CREATE TABLE `ec_order_return_items` (
  `id` bigint unsigned NOT NULL AUTO_INCREMENT,
  `order_return_id` bigint unsigned NOT NULL COMMENT 'Order return id',
  `order_product_id` bigint unsigned NOT NULL COMMENT 'Order product id',
  `product_id` bigint unsigned NOT NULL COMMENT 'Product id',
  `product_name` varchar(191) COLLATE utf8mb4_unicode_ci NOT NULL,
  `product_image` varchar(191) COLLATE utf8mb4_unicode_ci DEFAULT NULL,
  `qty` int NOT NULL COMMENT 'Quantity return',
  `price` decimal(15,2) NOT NULL COMMENT 'Price Product',
  `reason` text COLLATE utf8mb4_unicode_ci,
  `created_at` timestamp NULL DEFAULT NULL,
  `updated_at` timestamp NULL DEFAULT NULL,
  `refund_amount` decimal(12,2) DEFAULT '0.00',
  PRIMARY KEY (`id`)
) ENGINE=InnoDB DEFAULT CHARSET=utf8mb4 COLLATE=utf8mb4_unicode_ci;
/*!40101 SET character_set_client = @saved_cs_client */;

--
-- Dumping data for table `ec_order_return_items`
--

LOCK TABLES `ec_order_return_items` WRITE;
/*!40000 ALTER TABLE `ec_order_return_items` DISABLE KEYS */;
/*!40000 ALTER TABLE `ec_order_return_items` ENABLE KEYS */;
UNLOCK TABLES;

--
-- Table structure for table `ec_order_returns`
--

DROP TABLE IF EXISTS `ec_order_returns`;
/*!40101 SET @saved_cs_client     = @@character_set_client */;
/*!50503 SET character_set_client = utf8mb4 */;
CREATE TABLE `ec_order_returns` (
  `id` bigint unsigned NOT NULL AUTO_INCREMENT,
  `code` varchar(191) COLLATE utf8mb4_unicode_ci DEFAULT NULL,
  `order_id` bigint unsigned NOT NULL COMMENT 'Order ID',
  `store_id` bigint unsigned DEFAULT NULL COMMENT 'Store ID',
  `user_id` bigint unsigned NOT NULL COMMENT 'Customer ID',
  `reason` text COLLATE utf8mb4_unicode_ci COMMENT 'Reason return order',
  `order_status` varchar(191) COLLATE utf8mb4_unicode_ci DEFAULT NULL COMMENT 'Order current status',
  `return_status` varchar(191) COLLATE utf8mb4_unicode_ci NOT NULL COMMENT 'Return status',
  `created_at` timestamp NULL DEFAULT NULL,
  `updated_at` timestamp NULL DEFAULT NULL,
  PRIMARY KEY (`id`),
  UNIQUE KEY `ec_order_returns_code_unique` (`code`)
) ENGINE=InnoDB DEFAULT CHARSET=utf8mb4 COLLATE=utf8mb4_unicode_ci;
/*!40101 SET character_set_client = @saved_cs_client */;

--
-- Dumping data for table `ec_order_returns`
--

LOCK TABLES `ec_order_returns` WRITE;
/*!40000 ALTER TABLE `ec_order_returns` DISABLE KEYS */;
/*!40000 ALTER TABLE `ec_order_returns` ENABLE KEYS */;
UNLOCK TABLES;

--
-- Table structure for table `ec_order_tax_information`
--

DROP TABLE IF EXISTS `ec_order_tax_information`;
/*!40101 SET @saved_cs_client     = @@character_set_client */;
/*!50503 SET character_set_client = utf8mb4 */;
CREATE TABLE `ec_order_tax_information` (
  `id` bigint unsigned NOT NULL AUTO_INCREMENT,
  `order_id` bigint unsigned NOT NULL,
  `company_name` varchar(120) COLLATE utf8mb4_unicode_ci NOT NULL,
  `company_address` varchar(191) COLLATE utf8mb4_unicode_ci NOT NULL,
  `company_tax_code` varchar(20) COLLATE utf8mb4_unicode_ci NOT NULL,
  `company_email` varchar(60) COLLATE utf8mb4_unicode_ci NOT NULL,
  `created_at` timestamp NULL DEFAULT NULL,
  `updated_at` timestamp NULL DEFAULT NULL,
  PRIMARY KEY (`id`),
  KEY `ec_order_tax_information_order_id_index` (`order_id`)
) ENGINE=InnoDB DEFAULT CHARSET=utf8mb4 COLLATE=utf8mb4_unicode_ci;
/*!40101 SET character_set_client = @saved_cs_client */;

--
-- Dumping data for table `ec_order_tax_information`
--

LOCK TABLES `ec_order_tax_information` WRITE;
/*!40000 ALTER TABLE `ec_order_tax_information` DISABLE KEYS */;
/*!40000 ALTER TABLE `ec_order_tax_information` ENABLE KEYS */;
UNLOCK TABLES;

--
-- Table structure for table `ec_orders`
--

DROP TABLE IF EXISTS `ec_orders`;
/*!40101 SET @saved_cs_client     = @@character_set_client */;
/*!50503 SET character_set_client = utf8mb4 */;
CREATE TABLE `ec_orders` (
  `id` bigint unsigned NOT NULL AUTO_INCREMENT,
  `code` varchar(191) COLLATE utf8mb4_unicode_ci DEFAULT NULL,
  `user_id` bigint unsigned DEFAULT NULL,
  `shipping_option` varchar(60) COLLATE utf8mb4_unicode_ci DEFAULT NULL,
  `shipping_method` varchar(60) COLLATE utf8mb4_unicode_ci NOT NULL DEFAULT 'default',
  `status` varchar(120) COLLATE utf8mb4_unicode_ci NOT NULL DEFAULT 'pending',
  `amount` decimal(15,2) NOT NULL,
  `tax_amount` decimal(15,2) DEFAULT '0.00',
  `shipping_amount` decimal(15,2) DEFAULT NULL,
  `payment_fee` decimal(15,2) DEFAULT '0.00',
  `description` text COLLATE utf8mb4_unicode_ci,
  `coupon_code` varchar(120) COLLATE utf8mb4_unicode_ci DEFAULT NULL,
  `discount_amount` decimal(15,2) DEFAULT NULL,
  `sub_total` decimal(15,2) NOT NULL,
  `is_confirmed` tinyint(1) NOT NULL DEFAULT '0',
  `discount_description` varchar(191) COLLATE utf8mb4_unicode_ci DEFAULT NULL,
  `is_finished` tinyint(1) DEFAULT '0',
  `cancellation_reason` varchar(191) COLLATE utf8mb4_unicode_ci DEFAULT NULL,
  `cancellation_reason_description` varchar(191) COLLATE utf8mb4_unicode_ci DEFAULT NULL,
  `completed_at` timestamp NULL DEFAULT NULL,
  `token` varchar(120) COLLATE utf8mb4_unicode_ci DEFAULT NULL,
  `payment_id` bigint unsigned DEFAULT NULL,
  `created_at` timestamp NULL DEFAULT NULL,
  `updated_at` timestamp NULL DEFAULT NULL,
  `proof_file` varchar(191) COLLATE utf8mb4_unicode_ci DEFAULT NULL,
  `private_notes` text COLLATE utf8mb4_unicode_ci,
  PRIMARY KEY (`id`),
  UNIQUE KEY `ec_orders_code_unique` (`code`),
  KEY `ec_orders_user_id_status_created_at_index` (`user_id`,`status`,`created_at`)
) ENGINE=InnoDB DEFAULT CHARSET=utf8mb4 COLLATE=utf8mb4_unicode_ci;
/*!40101 SET character_set_client = @saved_cs_client */;

--
-- Dumping data for table `ec_orders`
--

LOCK TABLES `ec_orders` WRITE;
/*!40000 ALTER TABLE `ec_orders` DISABLE KEYS */;
/*!40000 ALTER TABLE `ec_orders` ENABLE KEYS */;
UNLOCK TABLES;

--
-- Table structure for table `ec_product_attribute_sets`
--

DROP TABLE IF EXISTS `ec_product_attribute_sets`;
/*!40101 SET @saved_cs_client     = @@character_set_client */;
/*!50503 SET character_set_client = utf8mb4 */;
CREATE TABLE `ec_product_attribute_sets` (
  `id` bigint unsigned NOT NULL AUTO_INCREMENT,
  `title` varchar(120) COLLATE utf8mb4_unicode_ci NOT NULL,
  `slug` varchar(120) COLLATE utf8mb4_unicode_ci DEFAULT NULL,
  `display_layout` varchar(191) COLLATE utf8mb4_unicode_ci NOT NULL DEFAULT 'dropdown',
  `is_searchable` tinyint unsigned NOT NULL DEFAULT '1',
  `is_comparable` tinyint unsigned NOT NULL DEFAULT '1',
  `is_use_in_product_listing` tinyint unsigned NOT NULL DEFAULT '0',
  `status` varchar(60) COLLATE utf8mb4_unicode_ci NOT NULL DEFAULT 'published',
  `order` tinyint unsigned NOT NULL DEFAULT '0',
  `created_at` timestamp NULL DEFAULT NULL,
  `updated_at` timestamp NULL DEFAULT NULL,
  `use_image_from_product_variation` tinyint unsigned NOT NULL DEFAULT '0',
  PRIMARY KEY (`id`)
) ENGINE=InnoDB AUTO_INCREMENT=3 DEFAULT CHARSET=utf8mb4 COLLATE=utf8mb4_unicode_ci;
/*!40101 SET character_set_client = @saved_cs_client */;

--
-- Dumping data for table `ec_product_attribute_sets`
--

LOCK TABLES `ec_product_attribute_sets` WRITE;
/*!40000 ALTER TABLE `ec_product_attribute_sets` DISABLE KEYS */;
INSERT INTO `ec_product_attribute_sets` VALUES (1,'Color','color','visual',1,1,1,'published',0,'2025-06-09 17:17:44','2025-06-09 17:17:44',1),(2,'Size','size','text',1,1,1,'published',1,'2025-06-09 17:17:44','2025-06-09 17:17:44',0);
/*!40000 ALTER TABLE `ec_product_attribute_sets` ENABLE KEYS */;
UNLOCK TABLES;

--
-- Table structure for table `ec_product_attribute_sets_translations`
--

DROP TABLE IF EXISTS `ec_product_attribute_sets_translations`;
/*!40101 SET @saved_cs_client     = @@character_set_client */;
/*!50503 SET character_set_client = utf8mb4 */;
CREATE TABLE `ec_product_attribute_sets_translations` (
  `lang_code` varchar(191) COLLATE utf8mb4_unicode_ci NOT NULL,
  `ec_product_attribute_sets_id` bigint unsigned NOT NULL,
  `title` varchar(191) COLLATE utf8mb4_unicode_ci DEFAULT NULL,
  PRIMARY KEY (`lang_code`,`ec_product_attribute_sets_id`)
) ENGINE=InnoDB DEFAULT CHARSET=utf8mb4 COLLATE=utf8mb4_unicode_ci;
/*!40101 SET character_set_client = @saved_cs_client */;

--
-- Dumping data for table `ec_product_attribute_sets_translations`
--

LOCK TABLES `ec_product_attribute_sets_translations` WRITE;
/*!40000 ALTER TABLE `ec_product_attribute_sets_translations` DISABLE KEYS */;
/*!40000 ALTER TABLE `ec_product_attribute_sets_translations` ENABLE KEYS */;
UNLOCK TABLES;

--
-- Table structure for table `ec_product_attributes`
--

DROP TABLE IF EXISTS `ec_product_attributes`;
/*!40101 SET @saved_cs_client     = @@character_set_client */;
/*!50503 SET character_set_client = utf8mb4 */;
CREATE TABLE `ec_product_attributes` (
  `id` bigint unsigned NOT NULL AUTO_INCREMENT,
  `attribute_set_id` bigint unsigned NOT NULL,
  `title` varchar(120) COLLATE utf8mb4_unicode_ci NOT NULL,
  `slug` varchar(120) COLLATE utf8mb4_unicode_ci DEFAULT NULL,
  `color` varchar(120) COLLATE utf8mb4_unicode_ci DEFAULT NULL,
  `image` varchar(191) COLLATE utf8mb4_unicode_ci DEFAULT NULL,
  `is_default` tinyint unsigned NOT NULL DEFAULT '0',
  `order` tinyint unsigned NOT NULL DEFAULT '0',
  `created_at` timestamp NULL DEFAULT NULL,
  `updated_at` timestamp NULL DEFAULT NULL,
  PRIMARY KEY (`id`),
  KEY `attribute_set_status_index` (`attribute_set_id`)
) ENGINE=InnoDB AUTO_INCREMENT=11 DEFAULT CHARSET=utf8mb4 COLLATE=utf8mb4_unicode_ci;
/*!40101 SET character_set_client = @saved_cs_client */;

--
-- Dumping data for table `ec_product_attributes`
--

LOCK TABLES `ec_product_attributes` WRITE;
/*!40000 ALTER TABLE `ec_product_attributes` DISABLE KEYS */;
INSERT INTO `ec_product_attributes` VALUES (1,1,'Green','green','#5FB7D4',NULL,1,1,'2025-06-09 17:17:44','2025-06-09 17:17:44'),(2,1,'Blue','blue','#333333',NULL,0,2,'2025-06-09 17:17:44','2025-06-09 17:17:44'),(3,1,'Red','red','#DA323F',NULL,0,3,'2025-06-09 17:17:44','2025-06-09 17:17:44'),(4,1,'Black','black','#2F366C',NULL,0,4,'2025-06-09 17:17:44','2025-06-09 17:17:44'),(5,1,'Brown','brown','#87554B',NULL,0,5,'2025-06-09 17:17:44','2025-06-09 17:17:44'),(6,2,'S','s',NULL,NULL,1,1,'2025-06-09 17:17:44','2025-06-09 17:17:44'),(7,2,'M','m',NULL,NULL,0,2,'2025-06-09 17:17:44','2025-06-09 17:17:44'),(8,2,'L','l',NULL,NULL,0,3,'2025-06-09 17:17:44','2025-06-09 17:17:44'),(9,2,'XL','xl',NULL,NULL,0,4,'2025-06-09 17:17:44','2025-06-09 17:17:44'),(10,2,'XXL','xxl',NULL,NULL,0,5,'2025-06-09 17:17:44','2025-06-09 17:17:44');
/*!40000 ALTER TABLE `ec_product_attributes` ENABLE KEYS */;
UNLOCK TABLES;

--
-- Table structure for table `ec_product_attributes_translations`
--

DROP TABLE IF EXISTS `ec_product_attributes_translations`;
/*!40101 SET @saved_cs_client     = @@character_set_client */;
/*!50503 SET character_set_client = utf8mb4 */;
CREATE TABLE `ec_product_attributes_translations` (
  `lang_code` varchar(191) COLLATE utf8mb4_unicode_ci NOT NULL,
  `ec_product_attributes_id` bigint unsigned NOT NULL,
  `title` varchar(191) COLLATE utf8mb4_unicode_ci DEFAULT NULL,
  PRIMARY KEY (`lang_code`,`ec_product_attributes_id`)
) ENGINE=InnoDB DEFAULT CHARSET=utf8mb4 COLLATE=utf8mb4_unicode_ci;
/*!40101 SET character_set_client = @saved_cs_client */;

--
-- Dumping data for table `ec_product_attributes_translations`
--

LOCK TABLES `ec_product_attributes_translations` WRITE;
/*!40000 ALTER TABLE `ec_product_attributes_translations` DISABLE KEYS */;
/*!40000 ALTER TABLE `ec_product_attributes_translations` ENABLE KEYS */;
UNLOCK TABLES;

--
-- Table structure for table `ec_product_categories`
--

DROP TABLE IF EXISTS `ec_product_categories`;
/*!40101 SET @saved_cs_client     = @@character_set_client */;
/*!50503 SET character_set_client = utf8mb4 */;
CREATE TABLE `ec_product_categories` (
  `id` bigint unsigned NOT NULL AUTO_INCREMENT,
  `name` varchar(191) COLLATE utf8mb4_unicode_ci NOT NULL,
  `parent_id` bigint unsigned NOT NULL DEFAULT '0',
  `description` mediumtext COLLATE utf8mb4_unicode_ci,
  `status` varchar(60) COLLATE utf8mb4_unicode_ci NOT NULL DEFAULT 'published',
  `order` int unsigned NOT NULL DEFAULT '0',
  `image` varchar(191) COLLATE utf8mb4_unicode_ci DEFAULT NULL,
  `is_featured` tinyint unsigned NOT NULL DEFAULT '0',
  `created_at` timestamp NULL DEFAULT NULL,
  `updated_at` timestamp NULL DEFAULT NULL,
  `icon` varchar(191) COLLATE utf8mb4_unicode_ci DEFAULT NULL,
  `icon_image` varchar(191) COLLATE utf8mb4_unicode_ci DEFAULT NULL,
  PRIMARY KEY (`id`),
  KEY `ec_product_categories_parent_id_status_created_at_index` (`parent_id`,`status`,`created_at`),
  KEY `ec_product_categories_parent_id_status_index` (`parent_id`,`status`)
) ENGINE=InnoDB AUTO_INCREMENT=18 DEFAULT CHARSET=utf8mb4 COLLATE=utf8mb4_unicode_ci;
/*!40101 SET character_set_client = @saved_cs_client */;

--
-- Dumping data for table `ec_product_categories`
--

LOCK TABLES `ec_product_categories` WRITE;
/*!40000 ALTER TABLE `ec_product_categories` DISABLE KEYS */;
INSERT INTO `ec_product_categories` VALUES (1,'Pro Glasses',0,NULL,'published',0,'banners/banner-2-01.jpg',1,'2025-06-09 17:17:44','2025-06-09 17:17:44',NULL,NULL),(2,'Casual Shoes',0,NULL,'published',0,'banners/banner-2-02.jpg',1,'2025-06-09 17:17:44','2025-06-09 17:17:44',NULL,NULL),(3,'Winter Jacket',2,NULL,'published',0,'banners/banner-2-03.jpg',1,'2025-06-09 17:17:44','2025-06-09 17:17:44',NULL,NULL),(4,'New Added',2,NULL,'published',0,'banners/banner-2-04.jpg',1,'2025-06-09 17:17:44','2025-06-09 17:17:44',NULL,NULL),(5,'Wooden',2,NULL,'published',0,NULL,1,'2025-06-09 17:17:44','2025-06-09 17:17:44',NULL,NULL),(6,'Furniture',2,NULL,'published',0,NULL,1,'2025-06-09 17:17:44','2025-06-09 17:17:44',NULL,NULL),(7,'Clock',2,NULL,'published',0,NULL,1,'2025-06-09 17:17:44','2025-06-09 17:17:44',NULL,NULL),(8,'Gifts',2,NULL,'published',0,NULL,1,'2025-06-09 17:17:44','2025-06-09 17:17:44',NULL,NULL),(9,'Crafts',2,NULL,'published',0,NULL,1,'2025-06-09 17:17:44','2025-06-09 17:17:44',NULL,NULL),(10,'Gift Sets',0,NULL,'published',0,'features/feature-icon-01.png',1,'2025-06-09 17:17:44','2025-06-09 17:17:44',NULL,NULL),(11,'Plastic Gifts',0,NULL,'published',0,'features/feature-icon-02.png',1,'2025-06-09 17:17:44','2025-06-09 17:17:44',NULL,NULL),(12,'Handy Cream',0,NULL,'published',0,'features/feature-icon-03.png',1,'2025-06-09 17:17:44','2025-06-09 17:17:44',NULL,NULL),(13,'Cosmetics',0,NULL,'published',0,'features/feature-icon-04.png',1,'2025-06-09 17:17:44','2025-06-09 17:17:44',NULL,NULL),(14,'Silk Accessories',0,NULL,'published',0,'features/feature-icon-05.png',1,'2025-06-09 17:17:44','2025-06-09 17:17:44',NULL,NULL),(15,'Finest Skincare Lotions',0,NULL,'published',0,'features/feature-icon-06.png',1,'2025-06-09 17:17:44','2025-06-09 17:17:44',NULL,NULL),(16,'Bags & Purses',0,NULL,'published',0,NULL,1,'2025-06-09 17:17:44','2025-06-09 17:17:44',NULL,NULL),(17,'Sunglasses',0,NULL,'published',0,NULL,1,'2025-06-09 17:17:44','2025-06-09 17:17:44',NULL,NULL);
/*!40000 ALTER TABLE `ec_product_categories` ENABLE KEYS */;
UNLOCK TABLES;

--
-- Table structure for table `ec_product_categories_translations`
--

DROP TABLE IF EXISTS `ec_product_categories_translations`;
/*!40101 SET @saved_cs_client     = @@character_set_client */;
/*!50503 SET character_set_client = utf8mb4 */;
CREATE TABLE `ec_product_categories_translations` (
  `lang_code` varchar(191) COLLATE utf8mb4_unicode_ci NOT NULL,
  `ec_product_categories_id` bigint unsigned NOT NULL,
  `name` varchar(191) COLLATE utf8mb4_unicode_ci DEFAULT NULL,
  `description` mediumtext COLLATE utf8mb4_unicode_ci,
  PRIMARY KEY (`lang_code`,`ec_product_categories_id`)
) ENGINE=InnoDB DEFAULT CHARSET=utf8mb4 COLLATE=utf8mb4_unicode_ci;
/*!40101 SET character_set_client = @saved_cs_client */;

--
-- Dumping data for table `ec_product_categories_translations`
--

LOCK TABLES `ec_product_categories_translations` WRITE;
/*!40000 ALTER TABLE `ec_product_categories_translations` DISABLE KEYS */;
/*!40000 ALTER TABLE `ec_product_categories_translations` ENABLE KEYS */;
UNLOCK TABLES;

--
-- Table structure for table `ec_product_categorizables`
--

DROP TABLE IF EXISTS `ec_product_categorizables`;
/*!40101 SET @saved_cs_client     = @@character_set_client */;
/*!50503 SET character_set_client = utf8mb4 */;
CREATE TABLE `ec_product_categorizables` (
  `category_id` bigint unsigned NOT NULL,
  `reference_id` bigint unsigned NOT NULL,
  `reference_type` varchar(120) COLLATE utf8mb4_unicode_ci NOT NULL,
  PRIMARY KEY (`category_id`,`reference_id`,`reference_type`),
  KEY `ec_product_categorizables_category_id_index` (`category_id`),
  KEY `ec_product_categorizables_reference_id_index` (`reference_id`),
  KEY `ec_product_categorizables_reference_type_index` (`reference_type`)
) ENGINE=InnoDB DEFAULT CHARSET=utf8mb4 COLLATE=utf8mb4_unicode_ci;
/*!40101 SET character_set_client = @saved_cs_client */;

--
-- Dumping data for table `ec_product_categorizables`
--

LOCK TABLES `ec_product_categorizables` WRITE;
/*!40000 ALTER TABLE `ec_product_categorizables` DISABLE KEYS */;
/*!40000 ALTER TABLE `ec_product_categorizables` ENABLE KEYS */;
UNLOCK TABLES;

--
-- Table structure for table `ec_product_category_product`
--

DROP TABLE IF EXISTS `ec_product_category_product`;
/*!40101 SET @saved_cs_client     = @@character_set_client */;
/*!50503 SET character_set_client = utf8mb4 */;
CREATE TABLE `ec_product_category_product` (
  `category_id` bigint unsigned NOT NULL,
  `product_id` bigint unsigned NOT NULL,
  PRIMARY KEY (`product_id`,`category_id`),
  KEY `ec_product_category_product_category_id_index` (`category_id`),
  KEY `ec_product_category_product_product_id_index` (`product_id`)
) ENGINE=InnoDB DEFAULT CHARSET=utf8mb4 COLLATE=utf8mb4_unicode_ci;
/*!40101 SET character_set_client = @saved_cs_client */;

--
-- Dumping data for table `ec_product_category_product`
--

LOCK TABLES `ec_product_category_product` WRITE;
/*!40000 ALTER TABLE `ec_product_category_product` DISABLE KEYS */;
INSERT INTO `ec_product_category_product` VALUES (1,29),(1,51),(1,55),(1,65),(2,4),(2,5),(2,33),(2,37),(2,53),(2,61),(3,11),(3,23),(3,26),(4,9),(4,40),(4,70),(4,74),(5,6),(5,13),(5,18),(5,34),(5,36),(5,54),(5,56),(5,59),(6,15),(6,32),(6,44),(6,50),(6,67),(7,1),(7,16),(7,20),(7,45),(7,46),(7,72),(8,28),(8,38),(8,47),(9,2),(9,14),(9,24),(9,27),(9,60),(9,66),(10,19),(10,22),(10,64),(10,75),(11,7),(11,12),(11,17),(11,35),(11,49),(11,71),(11,73),(12,21),(12,31),(12,41),(12,42),(12,48),(12,57),(12,62),(13,10),(13,43),(13,52),(13,58),(13,63),(13,68),(14,3),(14,8),(14,25),(14,30),(14,39),(14,69);
/*!40000 ALTER TABLE `ec_product_category_product` ENABLE KEYS */;
UNLOCK TABLES;

--
-- Table structure for table `ec_product_collection_products`
--

DROP TABLE IF EXISTS `ec_product_collection_products`;
/*!40101 SET @saved_cs_client     = @@character_set_client */;
/*!50503 SET character_set_client = utf8mb4 */;
CREATE TABLE `ec_product_collection_products` (
  `product_collection_id` bigint unsigned NOT NULL,
  `product_id` bigint unsigned NOT NULL,
  PRIMARY KEY (`product_id`,`product_collection_id`),
  KEY `ec_product_collection_products_product_collection_id_index` (`product_collection_id`),
  KEY `ec_product_collection_products_product_id_index` (`product_id`)
) ENGINE=InnoDB DEFAULT CHARSET=utf8mb4 COLLATE=utf8mb4_unicode_ci;
/*!40101 SET character_set_client = @saved_cs_client */;

--
-- Dumping data for table `ec_product_collection_products`
--

LOCK TABLES `ec_product_collection_products` WRITE;
/*!40000 ALTER TABLE `ec_product_collection_products` DISABLE KEYS */;
INSERT INTO `ec_product_collection_products` VALUES (1,2),(1,3),(1,8),(1,9),(1,16),(1,17),(1,18),(1,19),(1,20),(1,27),(1,29),(1,32),(1,33),(1,37),(1,38),(1,42),(1,46),(1,48),(1,49),(1,53),(1,55),(1,56),(1,58),(1,60),(1,62),(1,73),(2,4),(2,6),(2,7),(2,10),(2,13),(2,14),(2,15),(2,21),(2,23),(2,26),(2,28),(2,35),(2,41),(2,44),(2,54),(2,57),(2,65),(2,67),(2,68),(2,69),(2,70),(2,71),(2,72),(2,74),(2,75),(3,1),(3,5),(3,11),(3,12),(3,22),(3,24),(3,25),(3,30),(3,31),(3,34),(3,36),(3,39),(3,40),(3,43),(3,45),(3,47),(3,50),(3,51),(3,52),(3,59),(3,61),(3,63),(3,64),(3,66);
/*!40000 ALTER TABLE `ec_product_collection_products` ENABLE KEYS */;
UNLOCK TABLES;

--
-- Table structure for table `ec_product_collections`
--

DROP TABLE IF EXISTS `ec_product_collections`;
/*!40101 SET @saved_cs_client     = @@character_set_client */;
/*!50503 SET character_set_client = utf8mb4 */;
CREATE TABLE `ec_product_collections` (
  `id` bigint unsigned NOT NULL AUTO_INCREMENT,
  `name` varchar(191) COLLATE utf8mb4_unicode_ci NOT NULL,
  `slug` varchar(191) COLLATE utf8mb4_unicode_ci NOT NULL,
  `description` varchar(400) COLLATE utf8mb4_unicode_ci DEFAULT NULL,
  `image` varchar(191) COLLATE utf8mb4_unicode_ci DEFAULT NULL,
  `status` varchar(60) COLLATE utf8mb4_unicode_ci NOT NULL DEFAULT 'published',
  `created_at` timestamp NULL DEFAULT NULL,
  `updated_at` timestamp NULL DEFAULT NULL,
  `is_featured` tinyint unsigned NOT NULL DEFAULT '0',
  PRIMARY KEY (`id`)
) ENGINE=InnoDB AUTO_INCREMENT=8 DEFAULT CHARSET=utf8mb4 COLLATE=utf8mb4_unicode_ci;
/*!40101 SET character_set_client = @saved_cs_client */;

--
-- Dumping data for table `ec_product_collections`
--

LOCK TABLES `ec_product_collections` WRITE;
/*!40000 ALTER TABLE `ec_product_collections` DISABLE KEYS */;
INSERT INTO `ec_product_collections` VALUES (1,'New Arrival','new-arrival',NULL,NULL,'published','2025-06-09 17:17:44','2025-06-09 17:17:44',0),(2,'Best Sellers','best-sellers',NULL,NULL,'published','2025-06-09 17:17:44','2025-06-09 17:17:44',0),(3,'Special Offer','special-offer',NULL,NULL,'published','2025-06-09 17:17:44','2025-06-09 17:17:44',0),(4,'Reactive Providence Hair Color','reactive-providence-hair-color',NULL,'banners/thumb-01.jpg','published','2025-06-09 17:17:44','2025-06-09 17:17:44',0),(5,'New Modern &amp; Stylist Makeup','new-modern-stylist-makeup',NULL,'banners/thumb-02.jpg','published','2025-06-09 17:17:44','2025-06-09 17:17:44',0),(6,'Intensive Glow C+ Serum','intensive-glow-c-serum',NULL,'banners/thumb-03.jpg','published','2025-06-09 17:17:44','2025-06-09 17:17:44',0),(7,'Vogue','vogue',NULL,'banners/thumb-04.jpg','published','2025-06-09 17:17:44','2025-06-09 17:17:44',0);
/*!40000 ALTER TABLE `ec_product_collections` ENABLE KEYS */;
UNLOCK TABLES;

--
-- Table structure for table `ec_product_collections_translations`
--

DROP TABLE IF EXISTS `ec_product_collections_translations`;
/*!40101 SET @saved_cs_client     = @@character_set_client */;
/*!50503 SET character_set_client = utf8mb4 */;
CREATE TABLE `ec_product_collections_translations` (
  `lang_code` varchar(191) COLLATE utf8mb4_unicode_ci NOT NULL,
  `ec_product_collections_id` bigint unsigned NOT NULL,
  `name` varchar(191) COLLATE utf8mb4_unicode_ci DEFAULT NULL,
  `description` varchar(400) COLLATE utf8mb4_unicode_ci DEFAULT NULL,
  PRIMARY KEY (`lang_code`,`ec_product_collections_id`)
) ENGINE=InnoDB DEFAULT CHARSET=utf8mb4 COLLATE=utf8mb4_unicode_ci;
/*!40101 SET character_set_client = @saved_cs_client */;

--
-- Dumping data for table `ec_product_collections_translations`
--

LOCK TABLES `ec_product_collections_translations` WRITE;
/*!40000 ALTER TABLE `ec_product_collections_translations` DISABLE KEYS */;
/*!40000 ALTER TABLE `ec_product_collections_translations` ENABLE KEYS */;
UNLOCK TABLES;

--
-- Table structure for table `ec_product_cross_sale_relations`
--

DROP TABLE IF EXISTS `ec_product_cross_sale_relations`;
/*!40101 SET @saved_cs_client     = @@character_set_client */;
/*!50503 SET character_set_client = utf8mb4 */;
CREATE TABLE `ec_product_cross_sale_relations` (
  `from_product_id` bigint unsigned NOT NULL,
  `to_product_id` bigint unsigned NOT NULL,
  `is_variant` tinyint(1) NOT NULL DEFAULT '0',
  `price` decimal(15,2) DEFAULT '0.00',
  `price_type` varchar(191) COLLATE utf8mb4_unicode_ci NOT NULL DEFAULT 'fixed',
  `apply_to_all_variations` tinyint(1) NOT NULL DEFAULT '1',
  PRIMARY KEY (`from_product_id`,`to_product_id`),
  KEY `ec_product_cross_sale_relations_from_product_id_index` (`from_product_id`),
  KEY `ec_product_cross_sale_relations_to_product_id_index` (`to_product_id`)
) ENGINE=InnoDB DEFAULT CHARSET=utf8mb4 COLLATE=utf8mb4_unicode_ci;
/*!40101 SET character_set_client = @saved_cs_client */;

--
-- Dumping data for table `ec_product_cross_sale_relations`
--

LOCK TABLES `ec_product_cross_sale_relations` WRITE;
/*!40000 ALTER TABLE `ec_product_cross_sale_relations` DISABLE KEYS */;
INSERT INTO `ec_product_cross_sale_relations` VALUES (1,30,0,0.00,'fixed',1),(1,43,0,0.00,'fixed',1),(1,52,0,0.00,'fixed',1),(1,56,0,0.00,'fixed',1),(2,12,0,0.00,'fixed',1),(2,23,0,0.00,'fixed',1),(2,56,0,0.00,'fixed',1),(2,65,0,0.00,'fixed',1),(3,42,0,0.00,'fixed',1),(3,54,0,0.00,'fixed',1),(3,62,0,0.00,'fixed',1),(4,7,0,0.00,'fixed',1),(4,25,0,0.00,'fixed',1),(4,50,0,0.00,'fixed',1),(4,57,0,0.00,'fixed',1),(5,14,0,0.00,'fixed',1),(5,16,0,0.00,'fixed',1),(5,37,0,0.00,'fixed',1),(5,71,0,0.00,'fixed',1),(6,28,0,0.00,'fixed',1),(6,33,0,0.00,'fixed',1),(6,42,0,0.00,'fixed',1),(6,48,0,0.00,'fixed',1),(7,24,0,0.00,'fixed',1),(7,26,0,0.00,'fixed',1),(7,34,0,0.00,'fixed',1),(7,73,0,0.00,'fixed',1),(8,7,0,0.00,'fixed',1),(8,47,0,0.00,'fixed',1),(8,53,0,0.00,'fixed',1),(8,61,0,0.00,'fixed',1),(9,22,0,0.00,'fixed',1),(9,27,0,0.00,'fixed',1),(9,53,0,0.00,'fixed',1),(9,66,0,0.00,'fixed',1),(10,1,0,0.00,'fixed',1),(10,53,0,0.00,'fixed',1),(10,56,0,0.00,'fixed',1),(10,64,0,0.00,'fixed',1),(11,9,0,0.00,'fixed',1),(11,12,0,0.00,'fixed',1),(11,57,0,0.00,'fixed',1),(11,61,0,0.00,'fixed',1),(12,19,0,0.00,'fixed',1),(12,39,0,0.00,'fixed',1),(12,60,0,0.00,'fixed',1),(12,74,0,0.00,'fixed',1),(13,19,0,0.00,'fixed',1),(13,39,0,0.00,'fixed',1),(13,43,0,0.00,'fixed',1),(13,58,0,0.00,'fixed',1),(14,3,0,0.00,'fixed',1),(14,11,0,0.00,'fixed',1),(14,54,0,0.00,'fixed',1),(14,70,0,0.00,'fixed',1),(15,6,0,0.00,'fixed',1),(15,11,0,0.00,'fixed',1),(15,23,0,0.00,'fixed',1),(15,46,0,0.00,'fixed',1),(16,15,0,0.00,'fixed',1),(16,19,0,0.00,'fixed',1),(16,41,0,0.00,'fixed',1),(16,66,0,0.00,'fixed',1),(17,7,0,0.00,'fixed',1),(17,34,0,0.00,'fixed',1),(17,58,0,0.00,'fixed',1),(17,75,0,0.00,'fixed',1),(18,21,0,0.00,'fixed',1),(18,47,0,0.00,'fixed',1),(18,50,0,0.00,'fixed',1),(18,59,0,0.00,'fixed',1),(19,21,0,0.00,'fixed',1),(19,31,0,0.00,'fixed',1),(19,73,0,0.00,'fixed',1),(19,74,0,0.00,'fixed',1),(20,31,0,0.00,'fixed',1),(20,43,0,0.00,'fixed',1),(20,56,0,0.00,'fixed',1),(20,73,0,0.00,'fixed',1),(21,4,0,0.00,'fixed',1),(21,36,0,0.00,'fixed',1),(21,53,0,0.00,'fixed',1),(21,68,0,0.00,'fixed',1),(22,34,0,0.00,'fixed',1),(22,36,0,0.00,'fixed',1),(22,49,0,0.00,'fixed',1),(22,72,0,0.00,'fixed',1),(23,6,0,0.00,'fixed',1),(23,7,0,0.00,'fixed',1),(23,19,0,0.00,'fixed',1),(23,35,0,0.00,'fixed',1),(24,21,0,0.00,'fixed',1),(24,23,0,0.00,'fixed',1),(24,42,0,0.00,'fixed',1),(24,63,0,0.00,'fixed',1),(25,22,0,0.00,'fixed',1),(25,41,0,0.00,'fixed',1),(25,44,0,0.00,'fixed',1),(25,58,0,0.00,'fixed',1),(26,11,0,0.00,'fixed',1),(26,18,0,0.00,'fixed',1),(26,35,0,0.00,'fixed',1),(26,45,0,0.00,'fixed',1),(27,28,0,0.00,'fixed',1),(27,42,0,0.00,'fixed',1),(27,70,0,0.00,'fixed',1),(27,71,0,0.00,'fixed',1),(28,4,0,0.00,'fixed',1),(28,5,0,0.00,'fixed',1),(28,53,0,0.00,'fixed',1),(28,68,0,0.00,'fixed',1),(29,22,0,0.00,'fixed',1),(29,42,0,0.00,'fixed',1),(29,48,0,0.00,'fixed',1),(29,57,0,0.00,'fixed',1),(30,23,0,0.00,'fixed',1),(30,24,0,0.00,'fixed',1),(30,51,0,0.00,'fixed',1),(30,71,0,0.00,'fixed',1),(31,6,0,0.00,'fixed',1),(31,29,0,0.00,'fixed',1),(31,47,0,0.00,'fixed',1),(31,53,0,0.00,'fixed',1),(32,11,0,0.00,'fixed',1),(32,31,0,0.00,'fixed',1),(32,37,0,0.00,'fixed',1),(32,60,0,0.00,'fixed',1),(33,38,0,0.00,'fixed',1),(33,51,0,0.00,'fixed',1),(33,70,0,0.00,'fixed',1),(33,75,0,0.00,'fixed',1),(34,21,0,0.00,'fixed',1),(34,30,0,0.00,'fixed',1),(34,31,0,0.00,'fixed',1),(35,27,0,0.00,'fixed',1),(35,30,0,0.00,'fixed',1),(35,38,0,0.00,'fixed',1),(35,55,0,0.00,'fixed',1),(36,20,0,0.00,'fixed',1),(36,21,0,0.00,'fixed',1),(36,44,0,0.00,'fixed',1),(36,51,0,0.00,'fixed',1),(37,9,0,0.00,'fixed',1),(37,53,0,0.00,'fixed',1),(37,57,0,0.00,'fixed',1),(37,62,0,0.00,'fixed',1),(38,18,0,0.00,'fixed',1),(38,22,0,0.00,'fixed',1),(38,54,0,0.00,'fixed',1),(38,73,0,0.00,'fixed',1),(39,5,0,0.00,'fixed',1),(39,15,0,0.00,'fixed',1),(39,28,0,0.00,'fixed',1),(39,42,0,0.00,'fixed',1),(40,43,0,0.00,'fixed',1),(40,54,0,0.00,'fixed',1),(40,61,0,0.00,'fixed',1),(40,67,0,0.00,'fixed',1),(41,13,0,0.00,'fixed',1),(41,27,0,0.00,'fixed',1),(41,29,0,0.00,'fixed',1),(41,42,0,0.00,'fixed',1),(42,5,0,0.00,'fixed',1),(42,61,0,0.00,'fixed',1),(42,62,0,0.00,'fixed',1),(43,14,0,0.00,'fixed',1),(43,20,0,0.00,'fixed',1),(43,56,0,0.00,'fixed',1),(43,61,0,0.00,'fixed',1),(44,20,0,0.00,'fixed',1),(44,41,0,0.00,'fixed',1),(44,47,0,0.00,'fixed',1),(44,49,0,0.00,'fixed',1),(45,16,0,0.00,'fixed',1),(45,43,0,0.00,'fixed',1),(45,53,0,0.00,'fixed',1),(45,70,0,0.00,'fixed',1),(46,50,0,0.00,'fixed',1),(46,53,0,0.00,'fixed',1),(46,57,0,0.00,'fixed',1),(46,73,0,0.00,'fixed',1),(47,26,0,0.00,'fixed',1),(47,28,0,0.00,'fixed',1),(47,42,0,0.00,'fixed',1),(47,72,0,0.00,'fixed',1),(48,3,0,0.00,'fixed',1),(48,39,0,0.00,'fixed',1),(48,49,0,0.00,'fixed',1),(48,54,0,0.00,'fixed',1),(49,10,0,0.00,'fixed',1),(49,23,0,0.00,'fixed',1),(49,70,0,0.00,'fixed',1),(49,74,0,0.00,'fixed',1),(50,9,0,0.00,'fixed',1),(50,46,0,0.00,'fixed',1),(50,67,0,0.00,'fixed',1),(50,75,0,0.00,'fixed',1),(51,3,0,0.00,'fixed',1),(51,10,0,0.00,'fixed',1),(51,12,0,0.00,'fixed',1),(51,18,0,0.00,'fixed',1),(52,13,0,0.00,'fixed',1),(52,20,0,0.00,'fixed',1),(52,27,0,0.00,'fixed',1),(52,66,0,0.00,'fixed',1),(53,2,0,0.00,'fixed',1),(53,18,0,0.00,'fixed',1),(53,23,0,0.00,'fixed',1),(53,32,0,0.00,'fixed',1),(54,35,0,0.00,'fixed',1),(54,37,0,0.00,'fixed',1),(54,41,0,0.00,'fixed',1),(54,72,0,0.00,'fixed',1),(55,21,0,0.00,'fixed',1),(55,29,0,0.00,'fixed',1),(55,30,0,0.00,'fixed',1),(55,50,0,0.00,'fixed',1),(56,7,0,0.00,'fixed',1),(56,9,0,0.00,'fixed',1),(56,11,0,0.00,'fixed',1),(56,52,0,0.00,'fixed',1),(57,7,0,0.00,'fixed',1),(57,25,0,0.00,'fixed',1),(57,46,0,0.00,'fixed',1),(57,59,0,0.00,'fixed',1),(58,8,0,0.00,'fixed',1),(58,22,0,0.00,'fixed',1),(58,39,0,0.00,'fixed',1),(58,48,0,0.00,'fixed',1),(59,11,0,0.00,'fixed',1),(59,24,0,0.00,'fixed',1),(59,56,0,0.00,'fixed',1),(59,57,0,0.00,'fixed',1),(60,18,0,0.00,'fixed',1),(60,32,0,0.00,'fixed',1),(60,61,0,0.00,'fixed',1),(60,62,0,0.00,'fixed',1),(61,1,0,0.00,'fixed',1),(61,15,0,0.00,'fixed',1),(61,22,0,0.00,'fixed',1),(61,58,0,0.00,'fixed',1),(62,1,0,0.00,'fixed',1),(62,48,0,0.00,'fixed',1),(62,53,0,0.00,'fixed',1),(63,20,0,0.00,'fixed',1),(63,30,0,0.00,'fixed',1),(63,51,0,0.00,'fixed',1),(63,75,0,0.00,'fixed',1),(64,15,0,0.00,'fixed',1),(64,43,0,0.00,'fixed',1),(64,44,0,0.00,'fixed',1),(64,55,0,0.00,'fixed',1),(65,17,0,0.00,'fixed',1),(65,27,0,0.00,'fixed',1),(65,46,0,0.00,'fixed',1),(65,70,0,0.00,'fixed',1),(66,3,0,0.00,'fixed',1),(66,19,0,0.00,'fixed',1),(66,46,0,0.00,'fixed',1),(66,54,0,0.00,'fixed',1),(67,9,0,0.00,'fixed',1),(67,21,0,0.00,'fixed',1),(67,55,0,0.00,'fixed',1),(67,69,0,0.00,'fixed',1),(68,12,0,0.00,'fixed',1),(68,35,0,0.00,'fixed',1),(68,42,0,0.00,'fixed',1),(68,58,0,0.00,'fixed',1),(69,11,0,0.00,'fixed',1),(69,19,0,0.00,'fixed',1),(69,30,0,0.00,'fixed',1),(69,48,0,0.00,'fixed',1),(70,4,0,0.00,'fixed',1),(70,19,0,0.00,'fixed',1),(70,30,0,0.00,'fixed',1),(70,62,0,0.00,'fixed',1),(71,2,0,0.00,'fixed',1),(71,3,0,0.00,'fixed',1),(71,52,0,0.00,'fixed',1),(71,58,0,0.00,'fixed',1),(72,13,0,0.00,'fixed',1),(72,15,0,0.00,'fixed',1),(72,53,0,0.00,'fixed',1),(72,60,0,0.00,'fixed',1),(73,9,0,0.00,'fixed',1),(73,20,0,0.00,'fixed',1),(73,25,0,0.00,'fixed',1),(73,41,0,0.00,'fixed',1),(74,2,0,0.00,'fixed',1),(74,28,0,0.00,'fixed',1),(74,39,0,0.00,'fixed',1),(75,19,0,0.00,'fixed',1),(75,31,0,0.00,'fixed',1),(75,60,0,0.00,'fixed',1),(75,65,0,0.00,'fixed',1);
/*!40000 ALTER TABLE `ec_product_cross_sale_relations` ENABLE KEYS */;
UNLOCK TABLES;

--
-- Table structure for table `ec_product_files`
--

DROP TABLE IF EXISTS `ec_product_files`;
/*!40101 SET @saved_cs_client     = @@character_set_client */;
/*!50503 SET character_set_client = utf8mb4 */;
CREATE TABLE `ec_product_files` (
  `id` bigint unsigned NOT NULL AUTO_INCREMENT,
  `product_id` bigint unsigned DEFAULT NULL,
  `url` varchar(400) COLLATE utf8mb4_unicode_ci DEFAULT NULL,
  `extras` mediumtext COLLATE utf8mb4_unicode_ci,
  `created_at` timestamp NULL DEFAULT NULL,
  `updated_at` timestamp NULL DEFAULT NULL,
  PRIMARY KEY (`id`),
  KEY `ec_product_files_product_id_index` (`product_id`)
) ENGINE=InnoDB AUTO_INCREMENT=372 DEFAULT CHARSET=utf8mb4 COLLATE=utf8mb4_unicode_ci;
/*!40101 SET character_set_client = @saved_cs_client */;

--
-- Dumping data for table `ec_product_files`
--

LOCK TABLES `ec_product_files` WRITE;
/*!40000 ALTER TABLE `ec_product_files` DISABLE KEYS */;
INSERT INTO `ec_product_files` VALUES (1,76,'ecommerce/digital-product-files/product-57.jpg','{\"filename\":\"product-57.jpg\",\"url\":\"ecommerce\\/digital-product-files\\/product-57.jpg\",\"mime_type\":\"image\\/jpeg\",\"size\":9730,\"modified\":\"2025-06-10 00:17:52\",\"name\":\"product-57\",\"extension\":\"jpg\"}','2025-06-09 17:17:52','2025-06-09 17:17:52'),(2,76,'ecommerce/digital-product-files/product-76.jpg','{\"filename\":\"product-76.jpg\",\"url\":\"ecommerce\\/digital-product-files\\/product-76.jpg\",\"mime_type\":\"image\\/jpeg\",\"size\":9730,\"modified\":\"2025-06-10 00:17:52\",\"name\":\"product-76\",\"extension\":\"jpg\"}','2025-06-09 17:17:52','2025-06-09 17:17:52'),(3,76,'ecommerce/digital-product-files/product-5.jpg','{\"filename\":\"product-5.jpg\",\"url\":\"ecommerce\\/digital-product-files\\/product-5.jpg\",\"mime_type\":\"image\\/jpeg\",\"size\":9730,\"modified\":\"2025-06-10 00:17:52\",\"name\":\"product-5\",\"extension\":\"jpg\"}','2025-06-09 17:17:52','2025-06-09 17:17:52'),(4,76,'ecommerce/digital-product-files/product-35.jpg','{\"filename\":\"product-35.jpg\",\"url\":\"ecommerce\\/digital-product-files\\/product-35.jpg\",\"mime_type\":\"image\\/jpeg\",\"size\":9730,\"modified\":\"2025-06-10 00:17:52\",\"name\":\"product-35\",\"extension\":\"jpg\"}','2025-06-09 17:17:52','2025-06-09 17:17:52'),(5,76,'ecommerce/digital-product-files/product-90.jpg','{\"filename\":\"product-90.jpg\",\"url\":\"ecommerce\\/digital-product-files\\/product-90.jpg\",\"mime_type\":\"image\\/jpeg\",\"size\":9730,\"modified\":\"2025-06-10 00:17:52\",\"name\":\"product-90\",\"extension\":\"jpg\"}','2025-06-09 17:17:52','2025-06-09 17:17:52'),(6,76,'ecommerce/digital-product-files/product-6.jpg','{\"filename\":\"product-6.jpg\",\"url\":\"ecommerce\\/digital-product-files\\/product-6.jpg\",\"mime_type\":\"image\\/jpeg\",\"size\":9730,\"modified\":\"2025-06-10 00:17:52\",\"name\":\"product-6\",\"extension\":\"jpg\"}','2025-06-09 17:17:52','2025-06-09 17:17:52'),(7,77,'ecommerce/digital-product-files/product-57.jpg','{\"filename\":\"product-57.jpg\",\"url\":\"ecommerce\\/digital-product-files\\/product-57.jpg\",\"mime_type\":\"image\\/jpeg\",\"size\":9730,\"modified\":\"2025-06-10 00:17:52\",\"name\":\"product-57\",\"extension\":\"jpg\"}','2025-06-09 17:17:52','2025-06-09 17:17:52'),(8,77,'ecommerce/digital-product-files/product-76.jpg','{\"filename\":\"product-76.jpg\",\"url\":\"ecommerce\\/digital-product-files\\/product-76.jpg\",\"mime_type\":\"image\\/jpeg\",\"size\":9730,\"modified\":\"2025-06-10 00:17:52\",\"name\":\"product-76\",\"extension\":\"jpg\"}','2025-06-09 17:17:52','2025-06-09 17:17:52'),(9,77,'ecommerce/digital-product-files/product-5.jpg','{\"filename\":\"product-5.jpg\",\"url\":\"ecommerce\\/digital-product-files\\/product-5.jpg\",\"mime_type\":\"image\\/jpeg\",\"size\":9730,\"modified\":\"2025-06-10 00:17:52\",\"name\":\"product-5\",\"extension\":\"jpg\"}','2025-06-09 17:17:52','2025-06-09 17:17:52'),(10,77,'ecommerce/digital-product-files/product-35.jpg','{\"filename\":\"product-35.jpg\",\"url\":\"ecommerce\\/digital-product-files\\/product-35.jpg\",\"mime_type\":\"image\\/jpeg\",\"size\":9730,\"modified\":\"2025-06-10 00:17:52\",\"name\":\"product-35\",\"extension\":\"jpg\"}','2025-06-09 17:17:52','2025-06-09 17:17:52'),(11,77,'ecommerce/digital-product-files/product-90.jpg','{\"filename\":\"product-90.jpg\",\"url\":\"ecommerce\\/digital-product-files\\/product-90.jpg\",\"mime_type\":\"image\\/jpeg\",\"size\":9730,\"modified\":\"2025-06-10 00:17:52\",\"name\":\"product-90\",\"extension\":\"jpg\"}','2025-06-09 17:17:52','2025-06-09 17:17:52'),(12,77,'ecommerce/digital-product-files/product-6.jpg','{\"filename\":\"product-6.jpg\",\"url\":\"ecommerce\\/digital-product-files\\/product-6.jpg\",\"mime_type\":\"image\\/jpeg\",\"size\":9730,\"modified\":\"2025-06-10 00:17:52\",\"name\":\"product-6\",\"extension\":\"jpg\"}','2025-06-09 17:17:52','2025-06-09 17:17:52'),(13,78,'ecommerce/digital-product-files/product-57.jpg','{\"filename\":\"product-57.jpg\",\"url\":\"ecommerce\\/digital-product-files\\/product-57.jpg\",\"mime_type\":\"image\\/jpeg\",\"size\":9730,\"modified\":\"2025-06-10 00:17:52\",\"name\":\"product-57\",\"extension\":\"jpg\"}','2025-06-09 17:17:52','2025-06-09 17:17:52'),(14,78,'ecommerce/digital-product-files/product-76.jpg','{\"filename\":\"product-76.jpg\",\"url\":\"ecommerce\\/digital-product-files\\/product-76.jpg\",\"mime_type\":\"image\\/jpeg\",\"size\":9730,\"modified\":\"2025-06-10 00:17:52\",\"name\":\"product-76\",\"extension\":\"jpg\"}','2025-06-09 17:17:52','2025-06-09 17:17:52'),(15,78,'ecommerce/digital-product-files/product-5.jpg','{\"filename\":\"product-5.jpg\",\"url\":\"ecommerce\\/digital-product-files\\/product-5.jpg\",\"mime_type\":\"image\\/jpeg\",\"size\":9730,\"modified\":\"2025-06-10 00:17:52\",\"name\":\"product-5\",\"extension\":\"jpg\"}','2025-06-09 17:17:52','2025-06-09 17:17:52'),(16,78,'ecommerce/digital-product-files/product-35.jpg','{\"filename\":\"product-35.jpg\",\"url\":\"ecommerce\\/digital-product-files\\/product-35.jpg\",\"mime_type\":\"image\\/jpeg\",\"size\":9730,\"modified\":\"2025-06-10 00:17:52\",\"name\":\"product-35\",\"extension\":\"jpg\"}','2025-06-09 17:17:52','2025-06-09 17:17:52'),(17,78,'ecommerce/digital-product-files/product-90.jpg','{\"filename\":\"product-90.jpg\",\"url\":\"ecommerce\\/digital-product-files\\/product-90.jpg\",\"mime_type\":\"image\\/jpeg\",\"size\":9730,\"modified\":\"2025-06-10 00:17:52\",\"name\":\"product-90\",\"extension\":\"jpg\"}','2025-06-09 17:17:52','2025-06-09 17:17:52'),(18,78,'ecommerce/digital-product-files/product-6.jpg','{\"filename\":\"product-6.jpg\",\"url\":\"ecommerce\\/digital-product-files\\/product-6.jpg\",\"mime_type\":\"image\\/jpeg\",\"size\":9730,\"modified\":\"2025-06-10 00:17:52\",\"name\":\"product-6\",\"extension\":\"jpg\"}','2025-06-09 17:17:52','2025-06-09 17:17:52'),(19,83,'ecommerce/digital-product-files/product-34.jpg','{\"filename\":\"product-34.jpg\",\"url\":\"ecommerce\\/digital-product-files\\/product-34.jpg\",\"mime_type\":\"image\\/jpeg\",\"size\":9730,\"modified\":\"2025-06-10 00:17:52\",\"name\":\"product-34\",\"extension\":\"jpg\"}','2025-06-09 17:17:52','2025-06-09 17:17:52'),(20,83,'ecommerce/digital-product-files/product-19.jpg','{\"filename\":\"product-19.jpg\",\"url\":\"ecommerce\\/digital-product-files\\/product-19.jpg\",\"mime_type\":\"image\\/jpeg\",\"size\":9730,\"modified\":\"2025-06-10 00:17:52\",\"name\":\"product-19\",\"extension\":\"jpg\"}','2025-06-09 17:17:52','2025-06-09 17:17:52'),(21,83,'ecommerce/digital-product-files/product-57.jpg','{\"filename\":\"product-57.jpg\",\"url\":\"ecommerce\\/digital-product-files\\/product-57.jpg\",\"mime_type\":\"image\\/jpeg\",\"size\":9730,\"modified\":\"2025-06-10 00:17:52\",\"name\":\"product-57\",\"extension\":\"jpg\"}','2025-06-09 17:17:52','2025-06-09 17:17:52'),(22,83,'ecommerce/digital-product-files/product-94.jpg','{\"filename\":\"product-94.jpg\",\"url\":\"ecommerce\\/digital-product-files\\/product-94.jpg\",\"mime_type\":\"image\\/jpeg\",\"size\":9730,\"modified\":\"2025-06-10 00:17:52\",\"name\":\"product-94\",\"extension\":\"jpg\"}','2025-06-09 17:17:52','2025-06-09 17:17:52'),(23,83,'ecommerce/digital-product-files/product-30.jpg','{\"filename\":\"product-30.jpg\",\"url\":\"ecommerce\\/digital-product-files\\/product-30.jpg\",\"mime_type\":\"image\\/jpeg\",\"size\":9730,\"modified\":\"2025-06-10 00:17:52\",\"name\":\"product-30\",\"extension\":\"jpg\"}','2025-06-09 17:17:52','2025-06-09 17:17:52'),(24,88,'ecommerce/digital-product-files/product-19.jpg','{\"filename\":\"product-19.jpg\",\"url\":\"ecommerce\\/digital-product-files\\/product-19.jpg\",\"mime_type\":\"image\\/jpeg\",\"size\":9730,\"modified\":\"2025-06-10 00:17:52\",\"name\":\"product-19\",\"extension\":\"jpg\"}','2025-06-09 17:17:52','2025-06-09 17:17:52'),(25,88,'ecommerce/digital-product-files/product-61.jpg','{\"filename\":\"product-61.jpg\",\"url\":\"ecommerce\\/digital-product-files\\/product-61.jpg\",\"mime_type\":\"image\\/jpeg\",\"size\":9730,\"modified\":\"2025-06-10 00:17:52\",\"name\":\"product-61\",\"extension\":\"jpg\"}','2025-06-09 17:17:52','2025-06-09 17:17:52'),(26,88,'ecommerce/digital-product-files/product-92.jpg','{\"filename\":\"product-92.jpg\",\"url\":\"ecommerce\\/digital-product-files\\/product-92.jpg\",\"mime_type\":\"image\\/jpeg\",\"size\":9730,\"modified\":\"2025-06-10 00:17:52\",\"name\":\"product-92\",\"extension\":\"jpg\"}','2025-06-09 17:17:52','2025-06-09 17:17:52'),(27,88,'ecommerce/digital-product-files/product-6.jpg','{\"filename\":\"product-6.jpg\",\"url\":\"ecommerce\\/digital-product-files\\/product-6.jpg\",\"mime_type\":\"image\\/jpeg\",\"size\":9730,\"modified\":\"2025-06-10 00:17:52\",\"name\":\"product-6\",\"extension\":\"jpg\"}','2025-06-09 17:17:52','2025-06-09 17:17:52'),(28,88,'ecommerce/digital-product-files/product-41.jpg','{\"filename\":\"product-41.jpg\",\"url\":\"ecommerce\\/digital-product-files\\/product-41.jpg\",\"mime_type\":\"image\\/jpeg\",\"size\":9730,\"modified\":\"2025-06-10 00:17:52\",\"name\":\"product-41\",\"extension\":\"jpg\"}','2025-06-09 17:17:52','2025-06-09 17:17:52'),(29,88,'ecommerce/digital-product-files/product-8.jpg','{\"filename\":\"product-8.jpg\",\"url\":\"ecommerce\\/digital-product-files\\/product-8.jpg\",\"mime_type\":\"image\\/jpeg\",\"size\":9730,\"modified\":\"2025-06-10 00:17:52\",\"name\":\"product-8\",\"extension\":\"jpg\"}','2025-06-09 17:17:52','2025-06-09 17:17:52'),(30,88,'ecommerce/digital-product-files/product-42.jpg','{\"filename\":\"product-42.jpg\",\"url\":\"ecommerce\\/digital-product-files\\/product-42.jpg\",\"mime_type\":\"image\\/jpeg\",\"size\":9730,\"modified\":\"2025-06-10 00:17:52\",\"name\":\"product-42\",\"extension\":\"jpg\"}','2025-06-09 17:17:52','2025-06-09 17:17:52'),(31,88,'ecommerce/digital-product-files/product-75.jpg','{\"filename\":\"product-75.jpg\",\"url\":\"ecommerce\\/digital-product-files\\/product-75.jpg\",\"mime_type\":\"image\\/jpeg\",\"size\":9730,\"modified\":\"2025-06-10 00:17:52\",\"name\":\"product-75\",\"extension\":\"jpg\"}','2025-06-09 17:17:52','2025-06-09 17:17:52'),(32,88,'ecommerce/digital-product-files/product-27.jpg','{\"filename\":\"product-27.jpg\",\"url\":\"ecommerce\\/digital-product-files\\/product-27.jpg\",\"mime_type\":\"image\\/jpeg\",\"size\":9730,\"modified\":\"2025-06-10 00:17:52\",\"name\":\"product-27\",\"extension\":\"jpg\"}','2025-06-09 17:17:52','2025-06-09 17:17:52'),(33,89,'ecommerce/digital-product-files/product-19.jpg','{\"filename\":\"product-19.jpg\",\"url\":\"ecommerce\\/digital-product-files\\/product-19.jpg\",\"mime_type\":\"image\\/jpeg\",\"size\":9730,\"modified\":\"2025-06-10 00:17:52\",\"name\":\"product-19\",\"extension\":\"jpg\"}','2025-06-09 17:17:52','2025-06-09 17:17:52'),(34,89,'ecommerce/digital-product-files/product-61.jpg','{\"filename\":\"product-61.jpg\",\"url\":\"ecommerce\\/digital-product-files\\/product-61.jpg\",\"mime_type\":\"image\\/jpeg\",\"size\":9730,\"modified\":\"2025-06-10 00:17:52\",\"name\":\"product-61\",\"extension\":\"jpg\"}','2025-06-09 17:17:52','2025-06-09 17:17:52'),(35,89,'ecommerce/digital-product-files/product-92.jpg','{\"filename\":\"product-92.jpg\",\"url\":\"ecommerce\\/digital-product-files\\/product-92.jpg\",\"mime_type\":\"image\\/jpeg\",\"size\":9730,\"modified\":\"2025-06-10 00:17:52\",\"name\":\"product-92\",\"extension\":\"jpg\"}','2025-06-09 17:17:52','2025-06-09 17:17:52'),(36,89,'ecommerce/digital-product-files/product-6.jpg','{\"filename\":\"product-6.jpg\",\"url\":\"ecommerce\\/digital-product-files\\/product-6.jpg\",\"mime_type\":\"image\\/jpeg\",\"size\":9730,\"modified\":\"2025-06-10 00:17:52\",\"name\":\"product-6\",\"extension\":\"jpg\"}','2025-06-09 17:17:52','2025-06-09 17:17:52'),(37,89,'ecommerce/digital-product-files/product-41.jpg','{\"filename\":\"product-41.jpg\",\"url\":\"ecommerce\\/digital-product-files\\/product-41.jpg\",\"mime_type\":\"image\\/jpeg\",\"size\":9730,\"modified\":\"2025-06-10 00:17:52\",\"name\":\"product-41\",\"extension\":\"jpg\"}','2025-06-09 17:17:52','2025-06-09 17:17:52'),(38,89,'ecommerce/digital-product-files/product-8.jpg','{\"filename\":\"product-8.jpg\",\"url\":\"ecommerce\\/digital-product-files\\/product-8.jpg\",\"mime_type\":\"image\\/jpeg\",\"size\":9730,\"modified\":\"2025-06-10 00:17:52\",\"name\":\"product-8\",\"extension\":\"jpg\"}','2025-06-09 17:17:52','2025-06-09 17:17:52'),(39,89,'ecommerce/digital-product-files/product-42.jpg','{\"filename\":\"product-42.jpg\",\"url\":\"ecommerce\\/digital-product-files\\/product-42.jpg\",\"mime_type\":\"image\\/jpeg\",\"size\":9730,\"modified\":\"2025-06-10 00:17:52\",\"name\":\"product-42\",\"extension\":\"jpg\"}','2025-06-09 17:17:52','2025-06-09 17:17:52'),(40,89,'ecommerce/digital-product-files/product-75.jpg','{\"filename\":\"product-75.jpg\",\"url\":\"ecommerce\\/digital-product-files\\/product-75.jpg\",\"mime_type\":\"image\\/jpeg\",\"size\":9730,\"modified\":\"2025-06-10 00:17:52\",\"name\":\"product-75\",\"extension\":\"jpg\"}','2025-06-09 17:17:52','2025-06-09 17:17:52'),(41,89,'ecommerce/digital-product-files/product-27.jpg','{\"filename\":\"product-27.jpg\",\"url\":\"ecommerce\\/digital-product-files\\/product-27.jpg\",\"mime_type\":\"image\\/jpeg\",\"size\":9730,\"modified\":\"2025-06-10 00:17:52\",\"name\":\"product-27\",\"extension\":\"jpg\"}','2025-06-09 17:17:52','2025-06-09 17:17:52'),(42,90,'ecommerce/digital-product-files/product-19.jpg','{\"filename\":\"product-19.jpg\",\"url\":\"ecommerce\\/digital-product-files\\/product-19.jpg\",\"mime_type\":\"image\\/jpeg\",\"size\":9730,\"modified\":\"2025-06-10 00:17:52\",\"name\":\"product-19\",\"extension\":\"jpg\"}','2025-06-09 17:17:52','2025-06-09 17:17:52'),(43,90,'ecommerce/digital-product-files/product-61.jpg','{\"filename\":\"product-61.jpg\",\"url\":\"ecommerce\\/digital-product-files\\/product-61.jpg\",\"mime_type\":\"image\\/jpeg\",\"size\":9730,\"modified\":\"2025-06-10 00:17:52\",\"name\":\"product-61\",\"extension\":\"jpg\"}','2025-06-09 17:17:52','2025-06-09 17:17:52'),(44,90,'ecommerce/digital-product-files/product-92.jpg','{\"filename\":\"product-92.jpg\",\"url\":\"ecommerce\\/digital-product-files\\/product-92.jpg\",\"mime_type\":\"image\\/jpeg\",\"size\":9730,\"modified\":\"2025-06-10 00:17:52\",\"name\":\"product-92\",\"extension\":\"jpg\"}','2025-06-09 17:17:52','2025-06-09 17:17:52'),(45,90,'ecommerce/digital-product-files/product-6.jpg','{\"filename\":\"product-6.jpg\",\"url\":\"ecommerce\\/digital-product-files\\/product-6.jpg\",\"mime_type\":\"image\\/jpeg\",\"size\":9730,\"modified\":\"2025-06-10 00:17:52\",\"name\":\"product-6\",\"extension\":\"jpg\"}','2025-06-09 17:17:52','2025-06-09 17:17:52'),(46,90,'ecommerce/digital-product-files/product-41.jpg','{\"filename\":\"product-41.jpg\",\"url\":\"ecommerce\\/digital-product-files\\/product-41.jpg\",\"mime_type\":\"image\\/jpeg\",\"size\":9730,\"modified\":\"2025-06-10 00:17:52\",\"name\":\"product-41\",\"extension\":\"jpg\"}','2025-06-09 17:17:52','2025-06-09 17:17:52'),(47,90,'ecommerce/digital-product-files/product-8.jpg','{\"filename\":\"product-8.jpg\",\"url\":\"ecommerce\\/digital-product-files\\/product-8.jpg\",\"mime_type\":\"image\\/jpeg\",\"size\":9730,\"modified\":\"2025-06-10 00:17:52\",\"name\":\"product-8\",\"extension\":\"jpg\"}','2025-06-09 17:17:52','2025-06-09 17:17:52'),(48,90,'ecommerce/digital-product-files/product-42.jpg','{\"filename\":\"product-42.jpg\",\"url\":\"ecommerce\\/digital-product-files\\/product-42.jpg\",\"mime_type\":\"image\\/jpeg\",\"size\":9730,\"modified\":\"2025-06-10 00:17:52\",\"name\":\"product-42\",\"extension\":\"jpg\"}','2025-06-09 17:17:52','2025-06-09 17:17:52'),(49,90,'ecommerce/digital-product-files/product-75.jpg','{\"filename\":\"product-75.jpg\",\"url\":\"ecommerce\\/digital-product-files\\/product-75.jpg\",\"mime_type\":\"image\\/jpeg\",\"size\":9730,\"modified\":\"2025-06-10 00:17:52\",\"name\":\"product-75\",\"extension\":\"jpg\"}','2025-06-09 17:17:52','2025-06-09 17:17:52'),(50,90,'ecommerce/digital-product-files/product-27.jpg','{\"filename\":\"product-27.jpg\",\"url\":\"ecommerce\\/digital-product-files\\/product-27.jpg\",\"mime_type\":\"image\\/jpeg\",\"size\":9730,\"modified\":\"2025-06-10 00:17:52\",\"name\":\"product-27\",\"extension\":\"jpg\"}','2025-06-09 17:17:52','2025-06-09 17:17:52'),(51,91,'ecommerce/digital-product-files/product-19.jpg','{\"filename\":\"product-19.jpg\",\"url\":\"ecommerce\\/digital-product-files\\/product-19.jpg\",\"mime_type\":\"image\\/jpeg\",\"size\":9730,\"modified\":\"2025-06-10 00:17:52\",\"name\":\"product-19\",\"extension\":\"jpg\"}','2025-06-09 17:17:52','2025-06-09 17:17:52'),(52,91,'ecommerce/digital-product-files/product-61.jpg','{\"filename\":\"product-61.jpg\",\"url\":\"ecommerce\\/digital-product-files\\/product-61.jpg\",\"mime_type\":\"image\\/jpeg\",\"size\":9730,\"modified\":\"2025-06-10 00:17:52\",\"name\":\"product-61\",\"extension\":\"jpg\"}','2025-06-09 17:17:52','2025-06-09 17:17:52'),(53,91,'ecommerce/digital-product-files/product-92.jpg','{\"filename\":\"product-92.jpg\",\"url\":\"ecommerce\\/digital-product-files\\/product-92.jpg\",\"mime_type\":\"image\\/jpeg\",\"size\":9730,\"modified\":\"2025-06-10 00:17:52\",\"name\":\"product-92\",\"extension\":\"jpg\"}','2025-06-09 17:17:52','2025-06-09 17:17:52'),(54,91,'ecommerce/digital-product-files/product-6.jpg','{\"filename\":\"product-6.jpg\",\"url\":\"ecommerce\\/digital-product-files\\/product-6.jpg\",\"mime_type\":\"image\\/jpeg\",\"size\":9730,\"modified\":\"2025-06-10 00:17:52\",\"name\":\"product-6\",\"extension\":\"jpg\"}','2025-06-09 17:17:52','2025-06-09 17:17:52'),(55,91,'ecommerce/digital-product-files/product-41.jpg','{\"filename\":\"product-41.jpg\",\"url\":\"ecommerce\\/digital-product-files\\/product-41.jpg\",\"mime_type\":\"image\\/jpeg\",\"size\":9730,\"modified\":\"2025-06-10 00:17:52\",\"name\":\"product-41\",\"extension\":\"jpg\"}','2025-06-09 17:17:52','2025-06-09 17:17:52'),(56,91,'ecommerce/digital-product-files/product-8.jpg','{\"filename\":\"product-8.jpg\",\"url\":\"ecommerce\\/digital-product-files\\/product-8.jpg\",\"mime_type\":\"image\\/jpeg\",\"size\":9730,\"modified\":\"2025-06-10 00:17:52\",\"name\":\"product-8\",\"extension\":\"jpg\"}','2025-06-09 17:17:52','2025-06-09 17:17:52'),(57,91,'ecommerce/digital-product-files/product-42.jpg','{\"filename\":\"product-42.jpg\",\"url\":\"ecommerce\\/digital-product-files\\/product-42.jpg\",\"mime_type\":\"image\\/jpeg\",\"size\":9730,\"modified\":\"2025-06-10 00:17:52\",\"name\":\"product-42\",\"extension\":\"jpg\"}','2025-06-09 17:17:52','2025-06-09 17:17:52'),(58,91,'ecommerce/digital-product-files/product-75.jpg','{\"filename\":\"product-75.jpg\",\"url\":\"ecommerce\\/digital-product-files\\/product-75.jpg\",\"mime_type\":\"image\\/jpeg\",\"size\":9730,\"modified\":\"2025-06-10 00:17:52\",\"name\":\"product-75\",\"extension\":\"jpg\"}','2025-06-09 17:17:52','2025-06-09 17:17:52'),(59,91,'ecommerce/digital-product-files/product-27.jpg','{\"filename\":\"product-27.jpg\",\"url\":\"ecommerce\\/digital-product-files\\/product-27.jpg\",\"mime_type\":\"image\\/jpeg\",\"size\":9730,\"modified\":\"2025-06-10 00:17:52\",\"name\":\"product-27\",\"extension\":\"jpg\"}','2025-06-09 17:17:52','2025-06-09 17:17:52'),(60,92,'ecommerce/digital-product-files/product-19.jpg','{\"filename\":\"product-19.jpg\",\"url\":\"ecommerce\\/digital-product-files\\/product-19.jpg\",\"mime_type\":\"image\\/jpeg\",\"size\":9730,\"modified\":\"2025-06-10 00:17:52\",\"name\":\"product-19\",\"extension\":\"jpg\"}','2025-06-09 17:17:52','2025-06-09 17:17:52'),(61,92,'ecommerce/digital-product-files/product-61.jpg','{\"filename\":\"product-61.jpg\",\"url\":\"ecommerce\\/digital-product-files\\/product-61.jpg\",\"mime_type\":\"image\\/jpeg\",\"size\":9730,\"modified\":\"2025-06-10 00:17:52\",\"name\":\"product-61\",\"extension\":\"jpg\"}','2025-06-09 17:17:52','2025-06-09 17:17:52'),(62,92,'ecommerce/digital-product-files/product-92.jpg','{\"filename\":\"product-92.jpg\",\"url\":\"ecommerce\\/digital-product-files\\/product-92.jpg\",\"mime_type\":\"image\\/jpeg\",\"size\":9730,\"modified\":\"2025-06-10 00:17:52\",\"name\":\"product-92\",\"extension\":\"jpg\"}','2025-06-09 17:17:52','2025-06-09 17:17:52'),(63,92,'ecommerce/digital-product-files/product-6.jpg','{\"filename\":\"product-6.jpg\",\"url\":\"ecommerce\\/digital-product-files\\/product-6.jpg\",\"mime_type\":\"image\\/jpeg\",\"size\":9730,\"modified\":\"2025-06-10 00:17:52\",\"name\":\"product-6\",\"extension\":\"jpg\"}','2025-06-09 17:17:52','2025-06-09 17:17:52'),(64,92,'ecommerce/digital-product-files/product-41.jpg','{\"filename\":\"product-41.jpg\",\"url\":\"ecommerce\\/digital-product-files\\/product-41.jpg\",\"mime_type\":\"image\\/jpeg\",\"size\":9730,\"modified\":\"2025-06-10 00:17:52\",\"name\":\"product-41\",\"extension\":\"jpg\"}','2025-06-09 17:17:52','2025-06-09 17:17:52'),(65,92,'ecommerce/digital-product-files/product-8.jpg','{\"filename\":\"product-8.jpg\",\"url\":\"ecommerce\\/digital-product-files\\/product-8.jpg\",\"mime_type\":\"image\\/jpeg\",\"size\":9730,\"modified\":\"2025-06-10 00:17:52\",\"name\":\"product-8\",\"extension\":\"jpg\"}','2025-06-09 17:17:52','2025-06-09 17:17:52'),(66,92,'ecommerce/digital-product-files/product-42.jpg','{\"filename\":\"product-42.jpg\",\"url\":\"ecommerce\\/digital-product-files\\/product-42.jpg\",\"mime_type\":\"image\\/jpeg\",\"size\":9730,\"modified\":\"2025-06-10 00:17:52\",\"name\":\"product-42\",\"extension\":\"jpg\"}','2025-06-09 17:17:52','2025-06-09 17:17:52'),(67,92,'ecommerce/digital-product-files/product-75.jpg','{\"filename\":\"product-75.jpg\",\"url\":\"ecommerce\\/digital-product-files\\/product-75.jpg\",\"mime_type\":\"image\\/jpeg\",\"size\":9730,\"modified\":\"2025-06-10 00:17:52\",\"name\":\"product-75\",\"extension\":\"jpg\"}','2025-06-09 17:17:52','2025-06-09 17:17:52'),(68,92,'ecommerce/digital-product-files/product-27.jpg','{\"filename\":\"product-27.jpg\",\"url\":\"ecommerce\\/digital-product-files\\/product-27.jpg\",\"mime_type\":\"image\\/jpeg\",\"size\":9730,\"modified\":\"2025-06-10 00:17:52\",\"name\":\"product-27\",\"extension\":\"jpg\"}','2025-06-09 17:17:52','2025-06-09 17:17:52'),(69,102,'ecommerce/digital-product-files/product-35.jpg','{\"filename\":\"product-35.jpg\",\"url\":\"ecommerce\\/digital-product-files\\/product-35.jpg\",\"mime_type\":\"image\\/jpeg\",\"size\":9730,\"modified\":\"2025-06-10 00:17:52\",\"name\":\"product-35\",\"extension\":\"jpg\"}','2025-06-09 17:17:52','2025-06-09 17:17:52'),(70,102,'ecommerce/digital-product-files/product-60.jpg','{\"filename\":\"product-60.jpg\",\"url\":\"ecommerce\\/digital-product-files\\/product-60.jpg\",\"mime_type\":\"image\\/jpeg\",\"size\":9730,\"modified\":\"2025-06-10 00:17:52\",\"name\":\"product-60\",\"extension\":\"jpg\"}','2025-06-09 17:17:52','2025-06-09 17:17:52'),(71,102,'ecommerce/digital-product-files/product-2.jpg','{\"filename\":\"product-2.jpg\",\"url\":\"ecommerce\\/digital-product-files\\/product-2.jpg\",\"mime_type\":\"image\\/jpeg\",\"size\":9730,\"modified\":\"2025-06-10 00:17:52\",\"name\":\"product-2\",\"extension\":\"jpg\"}','2025-06-09 17:17:52','2025-06-09 17:17:52'),(72,102,'ecommerce/digital-product-files/product-75.jpg','{\"filename\":\"product-75.jpg\",\"url\":\"ecommerce\\/digital-product-files\\/product-75.jpg\",\"mime_type\":\"image\\/jpeg\",\"size\":9730,\"modified\":\"2025-06-10 00:17:52\",\"name\":\"product-75\",\"extension\":\"jpg\"}','2025-06-09 17:17:52','2025-06-09 17:17:52'),(73,102,'ecommerce/digital-product-files/product-56.jpg','{\"filename\":\"product-56.jpg\",\"url\":\"ecommerce\\/digital-product-files\\/product-56.jpg\",\"mime_type\":\"image\\/jpeg\",\"size\":9730,\"modified\":\"2025-06-10 00:17:52\",\"name\":\"product-56\",\"extension\":\"jpg\"}','2025-06-09 17:17:52','2025-06-09 17:17:52'),(74,102,'ecommerce/digital-product-files/product-78.jpg','{\"filename\":\"product-78.jpg\",\"url\":\"ecommerce\\/digital-product-files\\/product-78.jpg\",\"mime_type\":\"image\\/jpeg\",\"size\":9730,\"modified\":\"2025-06-10 00:17:52\",\"name\":\"product-78\",\"extension\":\"jpg\"}','2025-06-09 17:17:52','2025-06-09 17:17:52'),(75,102,'ecommerce/digital-product-files/product-9.jpg','{\"filename\":\"product-9.jpg\",\"url\":\"ecommerce\\/digital-product-files\\/product-9.jpg\",\"mime_type\":\"image\\/jpeg\",\"size\":9730,\"modified\":\"2025-06-10 00:17:52\",\"name\":\"product-9\",\"extension\":\"jpg\"}','2025-06-09 17:17:52','2025-06-09 17:17:52'),(76,102,'ecommerce/digital-product-files/product-68.jpg','{\"filename\":\"product-68.jpg\",\"url\":\"ecommerce\\/digital-product-files\\/product-68.jpg\",\"mime_type\":\"image\\/jpeg\",\"size\":9730,\"modified\":\"2025-06-10 00:17:52\",\"name\":\"product-68\",\"extension\":\"jpg\"}','2025-06-09 17:17:52','2025-06-09 17:17:52'),(77,102,'ecommerce/digital-product-files/product-47.jpg','{\"filename\":\"product-47.jpg\",\"url\":\"ecommerce\\/digital-product-files\\/product-47.jpg\",\"mime_type\":\"image\\/jpeg\",\"size\":9730,\"modified\":\"2025-06-10 00:17:52\",\"name\":\"product-47\",\"extension\":\"jpg\"}','2025-06-09 17:17:52','2025-06-09 17:17:52'),(78,103,'ecommerce/digital-product-files/product-35.jpg','{\"filename\":\"product-35.jpg\",\"url\":\"ecommerce\\/digital-product-files\\/product-35.jpg\",\"mime_type\":\"image\\/jpeg\",\"size\":9730,\"modified\":\"2025-06-10 00:17:52\",\"name\":\"product-35\",\"extension\":\"jpg\"}','2025-06-09 17:17:52','2025-06-09 17:17:52'),(79,103,'ecommerce/digital-product-files/product-60.jpg','{\"filename\":\"product-60.jpg\",\"url\":\"ecommerce\\/digital-product-files\\/product-60.jpg\",\"mime_type\":\"image\\/jpeg\",\"size\":9730,\"modified\":\"2025-06-10 00:17:52\",\"name\":\"product-60\",\"extension\":\"jpg\"}','2025-06-09 17:17:52','2025-06-09 17:17:52'),(80,103,'ecommerce/digital-product-files/product-2.jpg','{\"filename\":\"product-2.jpg\",\"url\":\"ecommerce\\/digital-product-files\\/product-2.jpg\",\"mime_type\":\"image\\/jpeg\",\"size\":9730,\"modified\":\"2025-06-10 00:17:52\",\"name\":\"product-2\",\"extension\":\"jpg\"}','2025-06-09 17:17:52','2025-06-09 17:17:52'),(81,103,'ecommerce/digital-product-files/product-75.jpg','{\"filename\":\"product-75.jpg\",\"url\":\"ecommerce\\/digital-product-files\\/product-75.jpg\",\"mime_type\":\"image\\/jpeg\",\"size\":9730,\"modified\":\"2025-06-10 00:17:52\",\"name\":\"product-75\",\"extension\":\"jpg\"}','2025-06-09 17:17:52','2025-06-09 17:17:52'),(82,103,'ecommerce/digital-product-files/product-56.jpg','{\"filename\":\"product-56.jpg\",\"url\":\"ecommerce\\/digital-product-files\\/product-56.jpg\",\"mime_type\":\"image\\/jpeg\",\"size\":9730,\"modified\":\"2025-06-10 00:17:52\",\"name\":\"product-56\",\"extension\":\"jpg\"}','2025-06-09 17:17:52','2025-06-09 17:17:52'),(83,103,'ecommerce/digital-product-files/product-78.jpg','{\"filename\":\"product-78.jpg\",\"url\":\"ecommerce\\/digital-product-files\\/product-78.jpg\",\"mime_type\":\"image\\/jpeg\",\"size\":9730,\"modified\":\"2025-06-10 00:17:52\",\"name\":\"product-78\",\"extension\":\"jpg\"}','2025-06-09 17:17:52','2025-06-09 17:17:52'),(84,103,'ecommerce/digital-product-files/product-9.jpg','{\"filename\":\"product-9.jpg\",\"url\":\"ecommerce\\/digital-product-files\\/product-9.jpg\",\"mime_type\":\"image\\/jpeg\",\"size\":9730,\"modified\":\"2025-06-10 00:17:52\",\"name\":\"product-9\",\"extension\":\"jpg\"}','2025-06-09 17:17:52','2025-06-09 17:17:52'),(85,103,'ecommerce/digital-product-files/product-68.jpg','{\"filename\":\"product-68.jpg\",\"url\":\"ecommerce\\/digital-product-files\\/product-68.jpg\",\"mime_type\":\"image\\/jpeg\",\"size\":9730,\"modified\":\"2025-06-10 00:17:52\",\"name\":\"product-68\",\"extension\":\"jpg\"}','2025-06-09 17:17:52','2025-06-09 17:17:52'),(86,103,'ecommerce/digital-product-files/product-47.jpg','{\"filename\":\"product-47.jpg\",\"url\":\"ecommerce\\/digital-product-files\\/product-47.jpg\",\"mime_type\":\"image\\/jpeg\",\"size\":9730,\"modified\":\"2025-06-10 00:17:52\",\"name\":\"product-47\",\"extension\":\"jpg\"}','2025-06-09 17:17:52','2025-06-09 17:17:52'),(87,104,'ecommerce/digital-product-files/product-35.jpg','{\"filename\":\"product-35.jpg\",\"url\":\"ecommerce\\/digital-product-files\\/product-35.jpg\",\"mime_type\":\"image\\/jpeg\",\"size\":9730,\"modified\":\"2025-06-10 00:17:52\",\"name\":\"product-35\",\"extension\":\"jpg\"}','2025-06-09 17:17:52','2025-06-09 17:17:52'),(88,104,'ecommerce/digital-product-files/product-60.jpg','{\"filename\":\"product-60.jpg\",\"url\":\"ecommerce\\/digital-product-files\\/product-60.jpg\",\"mime_type\":\"image\\/jpeg\",\"size\":9730,\"modified\":\"2025-06-10 00:17:52\",\"name\":\"product-60\",\"extension\":\"jpg\"}','2025-06-09 17:17:52','2025-06-09 17:17:52'),(89,104,'ecommerce/digital-product-files/product-2.jpg','{\"filename\":\"product-2.jpg\",\"url\":\"ecommerce\\/digital-product-files\\/product-2.jpg\",\"mime_type\":\"image\\/jpeg\",\"size\":9730,\"modified\":\"2025-06-10 00:17:52\",\"name\":\"product-2\",\"extension\":\"jpg\"}','2025-06-09 17:17:52','2025-06-09 17:17:52'),(90,104,'ecommerce/digital-product-files/product-75.jpg','{\"filename\":\"product-75.jpg\",\"url\":\"ecommerce\\/digital-product-files\\/product-75.jpg\",\"mime_type\":\"image\\/jpeg\",\"size\":9730,\"modified\":\"2025-06-10 00:17:52\",\"name\":\"product-75\",\"extension\":\"jpg\"}','2025-06-09 17:17:52','2025-06-09 17:17:52'),(91,104,'ecommerce/digital-product-files/product-56.jpg','{\"filename\":\"product-56.jpg\",\"url\":\"ecommerce\\/digital-product-files\\/product-56.jpg\",\"mime_type\":\"image\\/jpeg\",\"size\":9730,\"modified\":\"2025-06-10 00:17:52\",\"name\":\"product-56\",\"extension\":\"jpg\"}','2025-06-09 17:17:52','2025-06-09 17:17:52'),(92,104,'ecommerce/digital-product-files/product-78.jpg','{\"filename\":\"product-78.jpg\",\"url\":\"ecommerce\\/digital-product-files\\/product-78.jpg\",\"mime_type\":\"image\\/jpeg\",\"size\":9730,\"modified\":\"2025-06-10 00:17:52\",\"name\":\"product-78\",\"extension\":\"jpg\"}','2025-06-09 17:17:52','2025-06-09 17:17:52'),(93,104,'ecommerce/digital-product-files/product-9.jpg','{\"filename\":\"product-9.jpg\",\"url\":\"ecommerce\\/digital-product-files\\/product-9.jpg\",\"mime_type\":\"image\\/jpeg\",\"size\":9730,\"modified\":\"2025-06-10 00:17:52\",\"name\":\"product-9\",\"extension\":\"jpg\"}','2025-06-09 17:17:52','2025-06-09 17:17:52'),(94,104,'ecommerce/digital-product-files/product-68.jpg','{\"filename\":\"product-68.jpg\",\"url\":\"ecommerce\\/digital-product-files\\/product-68.jpg\",\"mime_type\":\"image\\/jpeg\",\"size\":9730,\"modified\":\"2025-06-10 00:17:52\",\"name\":\"product-68\",\"extension\":\"jpg\"}','2025-06-09 17:17:52','2025-06-09 17:17:52'),(95,104,'ecommerce/digital-product-files/product-47.jpg','{\"filename\":\"product-47.jpg\",\"url\":\"ecommerce\\/digital-product-files\\/product-47.jpg\",\"mime_type\":\"image\\/jpeg\",\"size\":9730,\"modified\":\"2025-06-10 00:17:52\",\"name\":\"product-47\",\"extension\":\"jpg\"}','2025-06-09 17:17:52','2025-06-09 17:17:52'),(96,113,'ecommerce/digital-product-files/product-69.jpg','{\"filename\":\"product-69.jpg\",\"url\":\"ecommerce\\/digital-product-files\\/product-69.jpg\",\"mime_type\":\"image\\/jpeg\",\"size\":9730,\"modified\":\"2025-06-10 00:17:52\",\"name\":\"product-69\",\"extension\":\"jpg\"}','2025-06-09 17:17:52','2025-06-09 17:17:52'),(97,113,'ecommerce/digital-product-files/product-76.jpg','{\"filename\":\"product-76.jpg\",\"url\":\"ecommerce\\/digital-product-files\\/product-76.jpg\",\"mime_type\":\"image\\/jpeg\",\"size\":9730,\"modified\":\"2025-06-10 00:17:52\",\"name\":\"product-76\",\"extension\":\"jpg\"}','2025-06-09 17:17:52','2025-06-09 17:17:52'),(98,113,'ecommerce/digital-product-files/product-6.jpg','{\"filename\":\"product-6.jpg\",\"url\":\"ecommerce\\/digital-product-files\\/product-6.jpg\",\"mime_type\":\"image\\/jpeg\",\"size\":9730,\"modified\":\"2025-06-10 00:17:52\",\"name\":\"product-6\",\"extension\":\"jpg\"}','2025-06-09 17:17:52','2025-06-09 17:17:52'),(99,113,'ecommerce/digital-product-files/product-25.jpg','{\"filename\":\"product-25.jpg\",\"url\":\"ecommerce\\/digital-product-files\\/product-25.jpg\",\"mime_type\":\"image\\/jpeg\",\"size\":9730,\"modified\":\"2025-06-10 00:17:52\",\"name\":\"product-25\",\"extension\":\"jpg\"}','2025-06-09 17:17:52','2025-06-09 17:17:52'),(100,113,'ecommerce/digital-product-files/product-67.jpg','{\"filename\":\"product-67.jpg\",\"url\":\"ecommerce\\/digital-product-files\\/product-67.jpg\",\"mime_type\":\"image\\/jpeg\",\"size\":9730,\"modified\":\"2025-06-10 00:17:52\",\"name\":\"product-67\",\"extension\":\"jpg\"}','2025-06-09 17:17:52','2025-06-09 17:17:52'),(101,114,'ecommerce/digital-product-files/product-69.jpg','{\"filename\":\"product-69.jpg\",\"url\":\"ecommerce\\/digital-product-files\\/product-69.jpg\",\"mime_type\":\"image\\/jpeg\",\"size\":9730,\"modified\":\"2025-06-10 00:17:52\",\"name\":\"product-69\",\"extension\":\"jpg\"}','2025-06-09 17:17:52','2025-06-09 17:17:52'),(102,114,'ecommerce/digital-product-files/product-76.jpg','{\"filename\":\"product-76.jpg\",\"url\":\"ecommerce\\/digital-product-files\\/product-76.jpg\",\"mime_type\":\"image\\/jpeg\",\"size\":9730,\"modified\":\"2025-06-10 00:17:52\",\"name\":\"product-76\",\"extension\":\"jpg\"}','2025-06-09 17:17:52','2025-06-09 17:17:52'),(103,114,'ecommerce/digital-product-files/product-6.jpg','{\"filename\":\"product-6.jpg\",\"url\":\"ecommerce\\/digital-product-files\\/product-6.jpg\",\"mime_type\":\"image\\/jpeg\",\"size\":9730,\"modified\":\"2025-06-10 00:17:52\",\"name\":\"product-6\",\"extension\":\"jpg\"}','2025-06-09 17:17:52','2025-06-09 17:17:52'),(104,114,'ecommerce/digital-product-files/product-25.jpg','{\"filename\":\"product-25.jpg\",\"url\":\"ecommerce\\/digital-product-files\\/product-25.jpg\",\"mime_type\":\"image\\/jpeg\",\"size\":9730,\"modified\":\"2025-06-10 00:17:52\",\"name\":\"product-25\",\"extension\":\"jpg\"}','2025-06-09 17:17:52','2025-06-09 17:17:52'),(105,114,'ecommerce/digital-product-files/product-67.jpg','{\"filename\":\"product-67.jpg\",\"url\":\"ecommerce\\/digital-product-files\\/product-67.jpg\",\"mime_type\":\"image\\/jpeg\",\"size\":9730,\"modified\":\"2025-06-10 00:17:52\",\"name\":\"product-67\",\"extension\":\"jpg\"}','2025-06-09 17:17:52','2025-06-09 17:17:52'),(106,123,'ecommerce/digital-product-files/product-20.jpg','{\"filename\":\"product-20.jpg\",\"url\":\"ecommerce\\/digital-product-files\\/product-20.jpg\",\"mime_type\":\"image\\/jpeg\",\"size\":9730,\"modified\":\"2025-06-10 00:17:52\",\"name\":\"product-20\",\"extension\":\"jpg\"}','2025-06-09 17:17:52','2025-06-09 17:17:52'),(107,123,'ecommerce/digital-product-files/product-74.jpg','{\"filename\":\"product-74.jpg\",\"url\":\"ecommerce\\/digital-product-files\\/product-74.jpg\",\"mime_type\":\"image\\/jpeg\",\"size\":9730,\"modified\":\"2025-06-10 00:17:52\",\"name\":\"product-74\",\"extension\":\"jpg\"}','2025-06-09 17:17:52','2025-06-09 17:17:52'),(108,123,'ecommerce/digital-product-files/product-11.jpg','{\"filename\":\"product-11.jpg\",\"url\":\"ecommerce\\/digital-product-files\\/product-11.jpg\",\"mime_type\":\"image\\/jpeg\",\"size\":9730,\"modified\":\"2025-06-10 00:17:52\",\"name\":\"product-11\",\"extension\":\"jpg\"}','2025-06-09 17:17:52','2025-06-09 17:17:52'),(109,123,'ecommerce/digital-product-files/product-76.jpg','{\"filename\":\"product-76.jpg\",\"url\":\"ecommerce\\/digital-product-files\\/product-76.jpg\",\"mime_type\":\"image\\/jpeg\",\"size\":9730,\"modified\":\"2025-06-10 00:17:52\",\"name\":\"product-76\",\"extension\":\"jpg\"}','2025-06-09 17:17:52','2025-06-09 17:17:52'),(110,123,'ecommerce/digital-product-files/product-67.jpg','{\"filename\":\"product-67.jpg\",\"url\":\"ecommerce\\/digital-product-files\\/product-67.jpg\",\"mime_type\":\"image\\/jpeg\",\"size\":9730,\"modified\":\"2025-06-10 00:17:52\",\"name\":\"product-67\",\"extension\":\"jpg\"}','2025-06-09 17:17:52','2025-06-09 17:17:52'),(111,123,'ecommerce/digital-product-files/product-66.jpg','{\"filename\":\"product-66.jpg\",\"url\":\"ecommerce\\/digital-product-files\\/product-66.jpg\",\"mime_type\":\"image\\/jpeg\",\"size\":9730,\"modified\":\"2025-06-10 00:17:52\",\"name\":\"product-66\",\"extension\":\"jpg\"}','2025-06-09 17:17:52','2025-06-09 17:17:52'),(112,123,'ecommerce/digital-product-files/product-82.jpg','{\"filename\":\"product-82.jpg\",\"url\":\"ecommerce\\/digital-product-files\\/product-82.jpg\",\"mime_type\":\"image\\/jpeg\",\"size\":9730,\"modified\":\"2025-06-10 00:17:52\",\"name\":\"product-82\",\"extension\":\"jpg\"}','2025-06-09 17:17:52','2025-06-09 17:17:52'),(113,124,'ecommerce/digital-product-files/product-20.jpg','{\"filename\":\"product-20.jpg\",\"url\":\"ecommerce\\/digital-product-files\\/product-20.jpg\",\"mime_type\":\"image\\/jpeg\",\"size\":9730,\"modified\":\"2025-06-10 00:17:52\",\"name\":\"product-20\",\"extension\":\"jpg\"}','2025-06-09 17:17:52','2025-06-09 17:17:52'),(114,124,'ecommerce/digital-product-files/product-74.jpg','{\"filename\":\"product-74.jpg\",\"url\":\"ecommerce\\/digital-product-files\\/product-74.jpg\",\"mime_type\":\"image\\/jpeg\",\"size\":9730,\"modified\":\"2025-06-10 00:17:52\",\"name\":\"product-74\",\"extension\":\"jpg\"}','2025-06-09 17:17:52','2025-06-09 17:17:52'),(115,124,'ecommerce/digital-product-files/product-11.jpg','{\"filename\":\"product-11.jpg\",\"url\":\"ecommerce\\/digital-product-files\\/product-11.jpg\",\"mime_type\":\"image\\/jpeg\",\"size\":9730,\"modified\":\"2025-06-10 00:17:52\",\"name\":\"product-11\",\"extension\":\"jpg\"}','2025-06-09 17:17:52','2025-06-09 17:17:52'),(116,124,'ecommerce/digital-product-files/product-76.jpg','{\"filename\":\"product-76.jpg\",\"url\":\"ecommerce\\/digital-product-files\\/product-76.jpg\",\"mime_type\":\"image\\/jpeg\",\"size\":9730,\"modified\":\"2025-06-10 00:17:52\",\"name\":\"product-76\",\"extension\":\"jpg\"}','2025-06-09 17:17:52','2025-06-09 17:17:52'),(117,124,'ecommerce/digital-product-files/product-67.jpg','{\"filename\":\"product-67.jpg\",\"url\":\"ecommerce\\/digital-product-files\\/product-67.jpg\",\"mime_type\":\"image\\/jpeg\",\"size\":9730,\"modified\":\"2025-06-10 00:17:52\",\"name\":\"product-67\",\"extension\":\"jpg\"}','2025-06-09 17:17:52','2025-06-09 17:17:52'),(118,124,'ecommerce/digital-product-files/product-66.jpg','{\"filename\":\"product-66.jpg\",\"url\":\"ecommerce\\/digital-product-files\\/product-66.jpg\",\"mime_type\":\"image\\/jpeg\",\"size\":9730,\"modified\":\"2025-06-10 00:17:52\",\"name\":\"product-66\",\"extension\":\"jpg\"}','2025-06-09 17:17:52','2025-06-09 17:17:52'),(119,124,'ecommerce/digital-product-files/product-82.jpg','{\"filename\":\"product-82.jpg\",\"url\":\"ecommerce\\/digital-product-files\\/product-82.jpg\",\"mime_type\":\"image\\/jpeg\",\"size\":9730,\"modified\":\"2025-06-10 00:17:52\",\"name\":\"product-82\",\"extension\":\"jpg\"}','2025-06-09 17:17:52','2025-06-09 17:17:52'),(120,125,'ecommerce/digital-product-files/product-20.jpg','{\"filename\":\"product-20.jpg\",\"url\":\"ecommerce\\/digital-product-files\\/product-20.jpg\",\"mime_type\":\"image\\/jpeg\",\"size\":9730,\"modified\":\"2025-06-10 00:17:52\",\"name\":\"product-20\",\"extension\":\"jpg\"}','2025-06-09 17:17:52','2025-06-09 17:17:52'),(121,125,'ecommerce/digital-product-files/product-74.jpg','{\"filename\":\"product-74.jpg\",\"url\":\"ecommerce\\/digital-product-files\\/product-74.jpg\",\"mime_type\":\"image\\/jpeg\",\"size\":9730,\"modified\":\"2025-06-10 00:17:52\",\"name\":\"product-74\",\"extension\":\"jpg\"}','2025-06-09 17:17:52','2025-06-09 17:17:52'),(122,125,'ecommerce/digital-product-files/product-11.jpg','{\"filename\":\"product-11.jpg\",\"url\":\"ecommerce\\/digital-product-files\\/product-11.jpg\",\"mime_type\":\"image\\/jpeg\",\"size\":9730,\"modified\":\"2025-06-10 00:17:52\",\"name\":\"product-11\",\"extension\":\"jpg\"}','2025-06-09 17:17:52','2025-06-09 17:17:52'),(123,125,'ecommerce/digital-product-files/product-76.jpg','{\"filename\":\"product-76.jpg\",\"url\":\"ecommerce\\/digital-product-files\\/product-76.jpg\",\"mime_type\":\"image\\/jpeg\",\"size\":9730,\"modified\":\"2025-06-10 00:17:52\",\"name\":\"product-76\",\"extension\":\"jpg\"}','2025-06-09 17:17:52','2025-06-09 17:17:52'),(124,125,'ecommerce/digital-product-files/product-67.jpg','{\"filename\":\"product-67.jpg\",\"url\":\"ecommerce\\/digital-product-files\\/product-67.jpg\",\"mime_type\":\"image\\/jpeg\",\"size\":9730,\"modified\":\"2025-06-10 00:17:52\",\"name\":\"product-67\",\"extension\":\"jpg\"}','2025-06-09 17:17:52','2025-06-09 17:17:52'),(125,125,'ecommerce/digital-product-files/product-66.jpg','{\"filename\":\"product-66.jpg\",\"url\":\"ecommerce\\/digital-product-files\\/product-66.jpg\",\"mime_type\":\"image\\/jpeg\",\"size\":9730,\"modified\":\"2025-06-10 00:17:52\",\"name\":\"product-66\",\"extension\":\"jpg\"}','2025-06-09 17:17:52','2025-06-09 17:17:52'),(126,125,'ecommerce/digital-product-files/product-82.jpg','{\"filename\":\"product-82.jpg\",\"url\":\"ecommerce\\/digital-product-files\\/product-82.jpg\",\"mime_type\":\"image\\/jpeg\",\"size\":9730,\"modified\":\"2025-06-10 00:17:52\",\"name\":\"product-82\",\"extension\":\"jpg\"}','2025-06-09 17:17:52','2025-06-09 17:17:52'),(127,133,'ecommerce/digital-product-files/product-92.jpg','{\"filename\":\"product-92.jpg\",\"url\":\"ecommerce\\/digital-product-files\\/product-92.jpg\",\"mime_type\":\"image\\/jpeg\",\"size\":9730,\"modified\":\"2025-06-10 00:17:52\",\"name\":\"product-92\",\"extension\":\"jpg\"}','2025-06-09 17:17:52','2025-06-09 17:17:52'),(128,133,'ecommerce/digital-product-files/product-47.jpg','{\"filename\":\"product-47.jpg\",\"url\":\"ecommerce\\/digital-product-files\\/product-47.jpg\",\"mime_type\":\"image\\/jpeg\",\"size\":9730,\"modified\":\"2025-06-10 00:17:52\",\"name\":\"product-47\",\"extension\":\"jpg\"}','2025-06-09 17:17:52','2025-06-09 17:17:52'),(129,133,'ecommerce/digital-product-files/product-88.jpg','{\"filename\":\"product-88.jpg\",\"url\":\"ecommerce\\/digital-product-files\\/product-88.jpg\",\"mime_type\":\"image\\/jpeg\",\"size\":9730,\"modified\":\"2025-06-10 00:17:52\",\"name\":\"product-88\",\"extension\":\"jpg\"}','2025-06-09 17:17:52','2025-06-09 17:17:52'),(130,133,'ecommerce/digital-product-files/product-29.jpg','{\"filename\":\"product-29.jpg\",\"url\":\"ecommerce\\/digital-product-files\\/product-29.jpg\",\"mime_type\":\"image\\/jpeg\",\"size\":9730,\"modified\":\"2025-06-10 00:17:52\",\"name\":\"product-29\",\"extension\":\"jpg\"}','2025-06-09 17:17:52','2025-06-09 17:17:52'),(131,133,'ecommerce/digital-product-files/product-87.jpg','{\"filename\":\"product-87.jpg\",\"url\":\"ecommerce\\/digital-product-files\\/product-87.jpg\",\"mime_type\":\"image\\/jpeg\",\"size\":9730,\"modified\":\"2025-06-10 00:17:52\",\"name\":\"product-87\",\"extension\":\"jpg\"}','2025-06-09 17:17:52','2025-06-09 17:17:52'),(132,134,'ecommerce/digital-product-files/product-92.jpg','{\"filename\":\"product-92.jpg\",\"url\":\"ecommerce\\/digital-product-files\\/product-92.jpg\",\"mime_type\":\"image\\/jpeg\",\"size\":9730,\"modified\":\"2025-06-10 00:17:52\",\"name\":\"product-92\",\"extension\":\"jpg\"}','2025-06-09 17:17:52','2025-06-09 17:17:52'),(133,134,'ecommerce/digital-product-files/product-47.jpg','{\"filename\":\"product-47.jpg\",\"url\":\"ecommerce\\/digital-product-files\\/product-47.jpg\",\"mime_type\":\"image\\/jpeg\",\"size\":9730,\"modified\":\"2025-06-10 00:17:52\",\"name\":\"product-47\",\"extension\":\"jpg\"}','2025-06-09 17:17:52','2025-06-09 17:17:52'),(134,134,'ecommerce/digital-product-files/product-88.jpg','{\"filename\":\"product-88.jpg\",\"url\":\"ecommerce\\/digital-product-files\\/product-88.jpg\",\"mime_type\":\"image\\/jpeg\",\"size\":9730,\"modified\":\"2025-06-10 00:17:52\",\"name\":\"product-88\",\"extension\":\"jpg\"}','2025-06-09 17:17:52','2025-06-09 17:17:52'),(135,134,'ecommerce/digital-product-files/product-29.jpg','{\"filename\":\"product-29.jpg\",\"url\":\"ecommerce\\/digital-product-files\\/product-29.jpg\",\"mime_type\":\"image\\/jpeg\",\"size\":9730,\"modified\":\"2025-06-10 00:17:52\",\"name\":\"product-29\",\"extension\":\"jpg\"}','2025-06-09 17:17:52','2025-06-09 17:17:52'),(136,134,'ecommerce/digital-product-files/product-87.jpg','{\"filename\":\"product-87.jpg\",\"url\":\"ecommerce\\/digital-product-files\\/product-87.jpg\",\"mime_type\":\"image\\/jpeg\",\"size\":9730,\"modified\":\"2025-06-10 00:17:52\",\"name\":\"product-87\",\"extension\":\"jpg\"}','2025-06-09 17:17:52','2025-06-09 17:17:52'),(137,135,'ecommerce/digital-product-files/product-92.jpg','{\"filename\":\"product-92.jpg\",\"url\":\"ecommerce\\/digital-product-files\\/product-92.jpg\",\"mime_type\":\"image\\/jpeg\",\"size\":9730,\"modified\":\"2025-06-10 00:17:52\",\"name\":\"product-92\",\"extension\":\"jpg\"}','2025-06-09 17:17:52','2025-06-09 17:17:52'),(138,135,'ecommerce/digital-product-files/product-47.jpg','{\"filename\":\"product-47.jpg\",\"url\":\"ecommerce\\/digital-product-files\\/product-47.jpg\",\"mime_type\":\"image\\/jpeg\",\"size\":9730,\"modified\":\"2025-06-10 00:17:52\",\"name\":\"product-47\",\"extension\":\"jpg\"}','2025-06-09 17:17:52','2025-06-09 17:17:52'),(139,135,'ecommerce/digital-product-files/product-88.jpg','{\"filename\":\"product-88.jpg\",\"url\":\"ecommerce\\/digital-product-files\\/product-88.jpg\",\"mime_type\":\"image\\/jpeg\",\"size\":9730,\"modified\":\"2025-06-10 00:17:52\",\"name\":\"product-88\",\"extension\":\"jpg\"}','2025-06-09 17:17:52','2025-06-09 17:17:52'),(140,135,'ecommerce/digital-product-files/product-29.jpg','{\"filename\":\"product-29.jpg\",\"url\":\"ecommerce\\/digital-product-files\\/product-29.jpg\",\"mime_type\":\"image\\/jpeg\",\"size\":9730,\"modified\":\"2025-06-10 00:17:52\",\"name\":\"product-29\",\"extension\":\"jpg\"}','2025-06-09 17:17:52','2025-06-09 17:17:52'),(141,135,'ecommerce/digital-product-files/product-87.jpg','{\"filename\":\"product-87.jpg\",\"url\":\"ecommerce\\/digital-product-files\\/product-87.jpg\",\"mime_type\":\"image\\/jpeg\",\"size\":9730,\"modified\":\"2025-06-10 00:17:52\",\"name\":\"product-87\",\"extension\":\"jpg\"}','2025-06-09 17:17:52','2025-06-09 17:17:52'),(142,136,'ecommerce/digital-product-files/product-92.jpg','{\"filename\":\"product-92.jpg\",\"url\":\"ecommerce\\/digital-product-files\\/product-92.jpg\",\"mime_type\":\"image\\/jpeg\",\"size\":9730,\"modified\":\"2025-06-10 00:17:52\",\"name\":\"product-92\",\"extension\":\"jpg\"}','2025-06-09 17:17:52','2025-06-09 17:17:52'),(143,136,'ecommerce/digital-product-files/product-47.jpg','{\"filename\":\"product-47.jpg\",\"url\":\"ecommerce\\/digital-product-files\\/product-47.jpg\",\"mime_type\":\"image\\/jpeg\",\"size\":9730,\"modified\":\"2025-06-10 00:17:52\",\"name\":\"product-47\",\"extension\":\"jpg\"}','2025-06-09 17:17:52','2025-06-09 17:17:52'),(144,136,'ecommerce/digital-product-files/product-88.jpg','{\"filename\":\"product-88.jpg\",\"url\":\"ecommerce\\/digital-product-files\\/product-88.jpg\",\"mime_type\":\"image\\/jpeg\",\"size\":9730,\"modified\":\"2025-06-10 00:17:52\",\"name\":\"product-88\",\"extension\":\"jpg\"}','2025-06-09 17:17:52','2025-06-09 17:17:52'),(145,136,'ecommerce/digital-product-files/product-29.jpg','{\"filename\":\"product-29.jpg\",\"url\":\"ecommerce\\/digital-product-files\\/product-29.jpg\",\"mime_type\":\"image\\/jpeg\",\"size\":9730,\"modified\":\"2025-06-10 00:17:52\",\"name\":\"product-29\",\"extension\":\"jpg\"}','2025-06-09 17:17:52','2025-06-09 17:17:52'),(146,136,'ecommerce/digital-product-files/product-87.jpg','{\"filename\":\"product-87.jpg\",\"url\":\"ecommerce\\/digital-product-files\\/product-87.jpg\",\"mime_type\":\"image\\/jpeg\",\"size\":9730,\"modified\":\"2025-06-10 00:17:52\",\"name\":\"product-87\",\"extension\":\"jpg\"}','2025-06-09 17:17:52','2025-06-09 17:17:52'),(147,141,'ecommerce/digital-product-files/product-37.jpg','{\"filename\":\"product-37.jpg\",\"url\":\"ecommerce\\/digital-product-files\\/product-37.jpg\",\"mime_type\":\"image\\/jpeg\",\"size\":9730,\"modified\":\"2025-06-10 00:17:52\",\"name\":\"product-37\",\"extension\":\"jpg\"}','2025-06-09 17:17:52','2025-06-09 17:17:52'),(148,141,'ecommerce/digital-product-files/product-78.jpg','{\"filename\":\"product-78.jpg\",\"url\":\"ecommerce\\/digital-product-files\\/product-78.jpg\",\"mime_type\":\"image\\/jpeg\",\"size\":9730,\"modified\":\"2025-06-10 00:17:52\",\"name\":\"product-78\",\"extension\":\"jpg\"}','2025-06-09 17:17:52','2025-06-09 17:17:52'),(149,141,'ecommerce/digital-product-files/product-55.jpg','{\"filename\":\"product-55.jpg\",\"url\":\"ecommerce\\/digital-product-files\\/product-55.jpg\",\"mime_type\":\"image\\/jpeg\",\"size\":9730,\"modified\":\"2025-06-10 00:17:52\",\"name\":\"product-55\",\"extension\":\"jpg\"}','2025-06-09 17:17:52','2025-06-09 17:17:52'),(150,141,'ecommerce/digital-product-files/product-39.jpg','{\"filename\":\"product-39.jpg\",\"url\":\"ecommerce\\/digital-product-files\\/product-39.jpg\",\"mime_type\":\"image\\/jpeg\",\"size\":9730,\"modified\":\"2025-06-10 00:17:52\",\"name\":\"product-39\",\"extension\":\"jpg\"}','2025-06-09 17:17:52','2025-06-09 17:17:52'),(151,141,'ecommerce/digital-product-files/product-10.jpg','{\"filename\":\"product-10.jpg\",\"url\":\"ecommerce\\/digital-product-files\\/product-10.jpg\",\"mime_type\":\"image\\/jpeg\",\"size\":9730,\"modified\":\"2025-06-10 00:17:52\",\"name\":\"product-10\",\"extension\":\"jpg\"}','2025-06-09 17:17:52','2025-06-09 17:17:52'),(152,141,'ecommerce/digital-product-files/product-94.jpg','{\"filename\":\"product-94.jpg\",\"url\":\"ecommerce\\/digital-product-files\\/product-94.jpg\",\"mime_type\":\"image\\/jpeg\",\"size\":9730,\"modified\":\"2025-06-10 00:17:52\",\"name\":\"product-94\",\"extension\":\"jpg\"}','2025-06-09 17:17:52','2025-06-09 17:17:52'),(153,141,'ecommerce/digital-product-files/product-83.jpg','{\"filename\":\"product-83.jpg\",\"url\":\"ecommerce\\/digital-product-files\\/product-83.jpg\",\"mime_type\":\"image\\/jpeg\",\"size\":9730,\"modified\":\"2025-06-10 00:17:52\",\"name\":\"product-83\",\"extension\":\"jpg\"}','2025-06-09 17:17:52','2025-06-09 17:17:52'),(154,141,'ecommerce/digital-product-files/product-58.jpg','{\"filename\":\"product-58.jpg\",\"url\":\"ecommerce\\/digital-product-files\\/product-58.jpg\",\"mime_type\":\"image\\/jpeg\",\"size\":9730,\"modified\":\"2025-06-10 00:17:52\",\"name\":\"product-58\",\"extension\":\"jpg\"}','2025-06-09 17:17:52','2025-06-09 17:17:52'),(155,149,'ecommerce/digital-product-files/product-88.jpg','{\"filename\":\"product-88.jpg\",\"url\":\"ecommerce\\/digital-product-files\\/product-88.jpg\",\"mime_type\":\"image\\/jpeg\",\"size\":9730,\"modified\":\"2025-06-10 00:17:53\",\"name\":\"product-88\",\"extension\":\"jpg\"}','2025-06-09 17:17:53','2025-06-09 17:17:53'),(156,149,'ecommerce/digital-product-files/product-25.jpg','{\"filename\":\"product-25.jpg\",\"url\":\"ecommerce\\/digital-product-files\\/product-25.jpg\",\"mime_type\":\"image\\/jpeg\",\"size\":9730,\"modified\":\"2025-06-10 00:17:53\",\"name\":\"product-25\",\"extension\":\"jpg\"}','2025-06-09 17:17:53','2025-06-09 17:17:53'),(157,149,'ecommerce/digital-product-files/product-17.jpg','{\"filename\":\"product-17.jpg\",\"url\":\"ecommerce\\/digital-product-files\\/product-17.jpg\",\"mime_type\":\"image\\/jpeg\",\"size\":9730,\"modified\":\"2025-06-10 00:17:53\",\"name\":\"product-17\",\"extension\":\"jpg\"}','2025-06-09 17:17:53','2025-06-09 17:17:53'),(158,149,'ecommerce/digital-product-files/product-61.jpg','{\"filename\":\"product-61.jpg\",\"url\":\"ecommerce\\/digital-product-files\\/product-61.jpg\",\"mime_type\":\"image\\/jpeg\",\"size\":9730,\"modified\":\"2025-06-10 00:17:53\",\"name\":\"product-61\",\"extension\":\"jpg\"}','2025-06-09 17:17:53','2025-06-09 17:17:53'),(159,149,'ecommerce/digital-product-files/product-78.jpg','{\"filename\":\"product-78.jpg\",\"url\":\"ecommerce\\/digital-product-files\\/product-78.jpg\",\"mime_type\":\"image\\/jpeg\",\"size\":9730,\"modified\":\"2025-06-10 00:17:53\",\"name\":\"product-78\",\"extension\":\"jpg\"}','2025-06-09 17:17:53','2025-06-09 17:17:53'),(160,150,'ecommerce/digital-product-files/product-88.jpg','{\"filename\":\"product-88.jpg\",\"url\":\"ecommerce\\/digital-product-files\\/product-88.jpg\",\"mime_type\":\"image\\/jpeg\",\"size\":9730,\"modified\":\"2025-06-10 00:17:53\",\"name\":\"product-88\",\"extension\":\"jpg\"}','2025-06-09 17:17:53','2025-06-09 17:17:53'),(161,150,'ecommerce/digital-product-files/product-25.jpg','{\"filename\":\"product-25.jpg\",\"url\":\"ecommerce\\/digital-product-files\\/product-25.jpg\",\"mime_type\":\"image\\/jpeg\",\"size\":9730,\"modified\":\"2025-06-10 00:17:53\",\"name\":\"product-25\",\"extension\":\"jpg\"}','2025-06-09 17:17:53','2025-06-09 17:17:53'),(162,150,'ecommerce/digital-product-files/product-17.jpg','{\"filename\":\"product-17.jpg\",\"url\":\"ecommerce\\/digital-product-files\\/product-17.jpg\",\"mime_type\":\"image\\/jpeg\",\"size\":9730,\"modified\":\"2025-06-10 00:17:53\",\"name\":\"product-17\",\"extension\":\"jpg\"}','2025-06-09 17:17:53','2025-06-09 17:17:53'),(163,150,'ecommerce/digital-product-files/product-61.jpg','{\"filename\":\"product-61.jpg\",\"url\":\"ecommerce\\/digital-product-files\\/product-61.jpg\",\"mime_type\":\"image\\/jpeg\",\"size\":9730,\"modified\":\"2025-06-10 00:17:53\",\"name\":\"product-61\",\"extension\":\"jpg\"}','2025-06-09 17:17:53','2025-06-09 17:17:53'),(164,150,'ecommerce/digital-product-files/product-78.jpg','{\"filename\":\"product-78.jpg\",\"url\":\"ecommerce\\/digital-product-files\\/product-78.jpg\",\"mime_type\":\"image\\/jpeg\",\"size\":9730,\"modified\":\"2025-06-10 00:17:53\",\"name\":\"product-78\",\"extension\":\"jpg\"}','2025-06-09 17:17:53','2025-06-09 17:17:53'),(165,151,'ecommerce/digital-product-files/product-88.jpg','{\"filename\":\"product-88.jpg\",\"url\":\"ecommerce\\/digital-product-files\\/product-88.jpg\",\"mime_type\":\"image\\/jpeg\",\"size\":9730,\"modified\":\"2025-06-10 00:17:53\",\"name\":\"product-88\",\"extension\":\"jpg\"}','2025-06-09 17:17:53','2025-06-09 17:17:53'),(166,151,'ecommerce/digital-product-files/product-25.jpg','{\"filename\":\"product-25.jpg\",\"url\":\"ecommerce\\/digital-product-files\\/product-25.jpg\",\"mime_type\":\"image\\/jpeg\",\"size\":9730,\"modified\":\"2025-06-10 00:17:53\",\"name\":\"product-25\",\"extension\":\"jpg\"}','2025-06-09 17:17:53','2025-06-09 17:17:53'),(167,151,'ecommerce/digital-product-files/product-17.jpg','{\"filename\":\"product-17.jpg\",\"url\":\"ecommerce\\/digital-product-files\\/product-17.jpg\",\"mime_type\":\"image\\/jpeg\",\"size\":9730,\"modified\":\"2025-06-10 00:17:53\",\"name\":\"product-17\",\"extension\":\"jpg\"}','2025-06-09 17:17:53','2025-06-09 17:17:53'),(168,151,'ecommerce/digital-product-files/product-61.jpg','{\"filename\":\"product-61.jpg\",\"url\":\"ecommerce\\/digital-product-files\\/product-61.jpg\",\"mime_type\":\"image\\/jpeg\",\"size\":9730,\"modified\":\"2025-06-10 00:17:53\",\"name\":\"product-61\",\"extension\":\"jpg\"}','2025-06-09 17:17:53','2025-06-09 17:17:53'),(169,151,'ecommerce/digital-product-files/product-78.jpg','{\"filename\":\"product-78.jpg\",\"url\":\"ecommerce\\/digital-product-files\\/product-78.jpg\",\"mime_type\":\"image\\/jpeg\",\"size\":9730,\"modified\":\"2025-06-10 00:17:53\",\"name\":\"product-78\",\"extension\":\"jpg\"}','2025-06-09 17:17:53','2025-06-09 17:17:53'),(170,160,'ecommerce/digital-product-files/product-35.jpg','{\"filename\":\"product-35.jpg\",\"url\":\"ecommerce\\/digital-product-files\\/product-35.jpg\",\"mime_type\":\"image\\/jpeg\",\"size\":9730,\"modified\":\"2025-06-10 00:17:53\",\"name\":\"product-35\",\"extension\":\"jpg\"}','2025-06-09 17:17:53','2025-06-09 17:17:53'),(171,160,'ecommerce/digital-product-files/product-80.jpg','{\"filename\":\"product-80.jpg\",\"url\":\"ecommerce\\/digital-product-files\\/product-80.jpg\",\"mime_type\":\"image\\/jpeg\",\"size\":9730,\"modified\":\"2025-06-10 00:17:53\",\"name\":\"product-80\",\"extension\":\"jpg\"}','2025-06-09 17:17:53','2025-06-09 17:17:53'),(172,160,'ecommerce/digital-product-files/product-91.jpg','{\"filename\":\"product-91.jpg\",\"url\":\"ecommerce\\/digital-product-files\\/product-91.jpg\",\"mime_type\":\"image\\/jpeg\",\"size\":9730,\"modified\":\"2025-06-10 00:17:53\",\"name\":\"product-91\",\"extension\":\"jpg\"}','2025-06-09 17:17:53','2025-06-09 17:17:53'),(173,160,'ecommerce/digital-product-files/product-72.jpg','{\"filename\":\"product-72.jpg\",\"url\":\"ecommerce\\/digital-product-files\\/product-72.jpg\",\"mime_type\":\"image\\/jpeg\",\"size\":9730,\"modified\":\"2025-06-10 00:17:53\",\"name\":\"product-72\",\"extension\":\"jpg\"}','2025-06-09 17:17:53','2025-06-09 17:17:53'),(174,160,'ecommerce/digital-product-files/product-42.jpg','{\"filename\":\"product-42.jpg\",\"url\":\"ecommerce\\/digital-product-files\\/product-42.jpg\",\"mime_type\":\"image\\/jpeg\",\"size\":9730,\"modified\":\"2025-06-10 00:17:53\",\"name\":\"product-42\",\"extension\":\"jpg\"}','2025-06-09 17:17:53','2025-06-09 17:17:53'),(175,160,'ecommerce/digital-product-files/product-60.jpg','{\"filename\":\"product-60.jpg\",\"url\":\"ecommerce\\/digital-product-files\\/product-60.jpg\",\"mime_type\":\"image\\/jpeg\",\"size\":9730,\"modified\":\"2025-06-10 00:17:53\",\"name\":\"product-60\",\"extension\":\"jpg\"}','2025-06-09 17:17:53','2025-06-09 17:17:53'),(176,161,'ecommerce/digital-product-files/product-35.jpg','{\"filename\":\"product-35.jpg\",\"url\":\"ecommerce\\/digital-product-files\\/product-35.jpg\",\"mime_type\":\"image\\/jpeg\",\"size\":9730,\"modified\":\"2025-06-10 00:17:53\",\"name\":\"product-35\",\"extension\":\"jpg\"}','2025-06-09 17:17:53','2025-06-09 17:17:53'),(177,161,'ecommerce/digital-product-files/product-80.jpg','{\"filename\":\"product-80.jpg\",\"url\":\"ecommerce\\/digital-product-files\\/product-80.jpg\",\"mime_type\":\"image\\/jpeg\",\"size\":9730,\"modified\":\"2025-06-10 00:17:53\",\"name\":\"product-80\",\"extension\":\"jpg\"}','2025-06-09 17:17:53','2025-06-09 17:17:53'),(178,161,'ecommerce/digital-product-files/product-91.jpg','{\"filename\":\"product-91.jpg\",\"url\":\"ecommerce\\/digital-product-files\\/product-91.jpg\",\"mime_type\":\"image\\/jpeg\",\"size\":9730,\"modified\":\"2025-06-10 00:17:53\",\"name\":\"product-91\",\"extension\":\"jpg\"}','2025-06-09 17:17:53','2025-06-09 17:17:53'),(179,161,'ecommerce/digital-product-files/product-72.jpg','{\"filename\":\"product-72.jpg\",\"url\":\"ecommerce\\/digital-product-files\\/product-72.jpg\",\"mime_type\":\"image\\/jpeg\",\"size\":9730,\"modified\":\"2025-06-10 00:17:53\",\"name\":\"product-72\",\"extension\":\"jpg\"}','2025-06-09 17:17:53','2025-06-09 17:17:53'),(180,161,'ecommerce/digital-product-files/product-42.jpg','{\"filename\":\"product-42.jpg\",\"url\":\"ecommerce\\/digital-product-files\\/product-42.jpg\",\"mime_type\":\"image\\/jpeg\",\"size\":9730,\"modified\":\"2025-06-10 00:17:53\",\"name\":\"product-42\",\"extension\":\"jpg\"}','2025-06-09 17:17:53','2025-06-09 17:17:53'),(181,161,'ecommerce/digital-product-files/product-60.jpg','{\"filename\":\"product-60.jpg\",\"url\":\"ecommerce\\/digital-product-files\\/product-60.jpg\",\"mime_type\":\"image\\/jpeg\",\"size\":9730,\"modified\":\"2025-06-10 00:17:53\",\"name\":\"product-60\",\"extension\":\"jpg\"}','2025-06-09 17:17:53','2025-06-09 17:17:53'),(182,162,'ecommerce/digital-product-files/product-35.jpg','{\"filename\":\"product-35.jpg\",\"url\":\"ecommerce\\/digital-product-files\\/product-35.jpg\",\"mime_type\":\"image\\/jpeg\",\"size\":9730,\"modified\":\"2025-06-10 00:17:53\",\"name\":\"product-35\",\"extension\":\"jpg\"}','2025-06-09 17:17:53','2025-06-09 17:17:53'),(183,162,'ecommerce/digital-product-files/product-80.jpg','{\"filename\":\"product-80.jpg\",\"url\":\"ecommerce\\/digital-product-files\\/product-80.jpg\",\"mime_type\":\"image\\/jpeg\",\"size\":9730,\"modified\":\"2025-06-10 00:17:53\",\"name\":\"product-80\",\"extension\":\"jpg\"}','2025-06-09 17:17:53','2025-06-09 17:17:53'),(184,162,'ecommerce/digital-product-files/product-91.jpg','{\"filename\":\"product-91.jpg\",\"url\":\"ecommerce\\/digital-product-files\\/product-91.jpg\",\"mime_type\":\"image\\/jpeg\",\"size\":9730,\"modified\":\"2025-06-10 00:17:53\",\"name\":\"product-91\",\"extension\":\"jpg\"}','2025-06-09 17:17:53','2025-06-09 17:17:53'),(185,162,'ecommerce/digital-product-files/product-72.jpg','{\"filename\":\"product-72.jpg\",\"url\":\"ecommerce\\/digital-product-files\\/product-72.jpg\",\"mime_type\":\"image\\/jpeg\",\"size\":9730,\"modified\":\"2025-06-10 00:17:53\",\"name\":\"product-72\",\"extension\":\"jpg\"}','2025-06-09 17:17:53','2025-06-09 17:17:53'),(186,162,'ecommerce/digital-product-files/product-42.jpg','{\"filename\":\"product-42.jpg\",\"url\":\"ecommerce\\/digital-product-files\\/product-42.jpg\",\"mime_type\":\"image\\/jpeg\",\"size\":9730,\"modified\":\"2025-06-10 00:17:53\",\"name\":\"product-42\",\"extension\":\"jpg\"}','2025-06-09 17:17:53','2025-06-09 17:17:53'),(187,162,'ecommerce/digital-product-files/product-60.jpg','{\"filename\":\"product-60.jpg\",\"url\":\"ecommerce\\/digital-product-files\\/product-60.jpg\",\"mime_type\":\"image\\/jpeg\",\"size\":9730,\"modified\":\"2025-06-10 00:17:53\",\"name\":\"product-60\",\"extension\":\"jpg\"}','2025-06-09 17:17:53','2025-06-09 17:17:53'),(188,163,'ecommerce/digital-product-files/product-35.jpg','{\"filename\":\"product-35.jpg\",\"url\":\"ecommerce\\/digital-product-files\\/product-35.jpg\",\"mime_type\":\"image\\/jpeg\",\"size\":9730,\"modified\":\"2025-06-10 00:17:53\",\"name\":\"product-35\",\"extension\":\"jpg\"}','2025-06-09 17:17:53','2025-06-09 17:17:53'),(189,163,'ecommerce/digital-product-files/product-80.jpg','{\"filename\":\"product-80.jpg\",\"url\":\"ecommerce\\/digital-product-files\\/product-80.jpg\",\"mime_type\":\"image\\/jpeg\",\"size\":9730,\"modified\":\"2025-06-10 00:17:53\",\"name\":\"product-80\",\"extension\":\"jpg\"}','2025-06-09 17:17:53','2025-06-09 17:17:53'),(190,163,'ecommerce/digital-product-files/product-91.jpg','{\"filename\":\"product-91.jpg\",\"url\":\"ecommerce\\/digital-product-files\\/product-91.jpg\",\"mime_type\":\"image\\/jpeg\",\"size\":9730,\"modified\":\"2025-06-10 00:17:53\",\"name\":\"product-91\",\"extension\":\"jpg\"}','2025-06-09 17:17:53','2025-06-09 17:17:53'),(191,163,'ecommerce/digital-product-files/product-72.jpg','{\"filename\":\"product-72.jpg\",\"url\":\"ecommerce\\/digital-product-files\\/product-72.jpg\",\"mime_type\":\"image\\/jpeg\",\"size\":9730,\"modified\":\"2025-06-10 00:17:53\",\"name\":\"product-72\",\"extension\":\"jpg\"}','2025-06-09 17:17:53','2025-06-09 17:17:53'),(192,163,'ecommerce/digital-product-files/product-42.jpg','{\"filename\":\"product-42.jpg\",\"url\":\"ecommerce\\/digital-product-files\\/product-42.jpg\",\"mime_type\":\"image\\/jpeg\",\"size\":9730,\"modified\":\"2025-06-10 00:17:53\",\"name\":\"product-42\",\"extension\":\"jpg\"}','2025-06-09 17:17:53','2025-06-09 17:17:53'),(193,163,'ecommerce/digital-product-files/product-60.jpg','{\"filename\":\"product-60.jpg\",\"url\":\"ecommerce\\/digital-product-files\\/product-60.jpg\",\"mime_type\":\"image\\/jpeg\",\"size\":9730,\"modified\":\"2025-06-10 00:17:53\",\"name\":\"product-60\",\"extension\":\"jpg\"}','2025-06-09 17:17:53','2025-06-09 17:17:53'),(194,174,'ecommerce/digital-product-files/product-92.jpg','{\"filename\":\"product-92.jpg\",\"url\":\"ecommerce\\/digital-product-files\\/product-92.jpg\",\"mime_type\":\"image\\/jpeg\",\"size\":9730,\"modified\":\"2025-06-10 00:17:53\",\"name\":\"product-92\",\"extension\":\"jpg\"}','2025-06-09 17:17:53','2025-06-09 17:17:53'),(195,174,'ecommerce/digital-product-files/product-48.jpg','{\"filename\":\"product-48.jpg\",\"url\":\"ecommerce\\/digital-product-files\\/product-48.jpg\",\"mime_type\":\"image\\/jpeg\",\"size\":9730,\"modified\":\"2025-06-10 00:17:53\",\"name\":\"product-48\",\"extension\":\"jpg\"}','2025-06-09 17:17:53','2025-06-09 17:17:53'),(196,174,'ecommerce/digital-product-files/product-81.jpg','{\"filename\":\"product-81.jpg\",\"url\":\"ecommerce\\/digital-product-files\\/product-81.jpg\",\"mime_type\":\"image\\/jpeg\",\"size\":9730,\"modified\":\"2025-06-10 00:17:53\",\"name\":\"product-81\",\"extension\":\"jpg\"}','2025-06-09 17:17:53','2025-06-09 17:17:53'),(197,174,'ecommerce/digital-product-files/product-77.jpg','{\"filename\":\"product-77.jpg\",\"url\":\"ecommerce\\/digital-product-files\\/product-77.jpg\",\"mime_type\":\"image\\/jpeg\",\"size\":9730,\"modified\":\"2025-06-10 00:17:53\",\"name\":\"product-77\",\"extension\":\"jpg\"}','2025-06-09 17:17:53','2025-06-09 17:17:53'),(198,174,'ecommerce/digital-product-files/product-11.jpg','{\"filename\":\"product-11.jpg\",\"url\":\"ecommerce\\/digital-product-files\\/product-11.jpg\",\"mime_type\":\"image\\/jpeg\",\"size\":9730,\"modified\":\"2025-06-10 00:17:53\",\"name\":\"product-11\",\"extension\":\"jpg\"}','2025-06-09 17:17:53','2025-06-09 17:17:53'),(199,174,'ecommerce/digital-product-files/product-80.jpg','{\"filename\":\"product-80.jpg\",\"url\":\"ecommerce\\/digital-product-files\\/product-80.jpg\",\"mime_type\":\"image\\/jpeg\",\"size\":9730,\"modified\":\"2025-06-10 00:17:53\",\"name\":\"product-80\",\"extension\":\"jpg\"}','2025-06-09 17:17:53','2025-06-09 17:17:53'),(200,174,'ecommerce/digital-product-files/product-30.jpg','{\"filename\":\"product-30.jpg\",\"url\":\"ecommerce\\/digital-product-files\\/product-30.jpg\",\"mime_type\":\"image\\/jpeg\",\"size\":9730,\"modified\":\"2025-06-10 00:17:53\",\"name\":\"product-30\",\"extension\":\"jpg\"}','2025-06-09 17:17:53','2025-06-09 17:17:53'),(201,174,'ecommerce/digital-product-files/product-85.jpg','{\"filename\":\"product-85.jpg\",\"url\":\"ecommerce\\/digital-product-files\\/product-85.jpg\",\"mime_type\":\"image\\/jpeg\",\"size\":9730,\"modified\":\"2025-06-10 00:17:53\",\"name\":\"product-85\",\"extension\":\"jpg\"}','2025-06-09 17:17:53','2025-06-09 17:17:53'),(202,174,'ecommerce/digital-product-files/product-57.jpg','{\"filename\":\"product-57.jpg\",\"url\":\"ecommerce\\/digital-product-files\\/product-57.jpg\",\"mime_type\":\"image\\/jpeg\",\"size\":9730,\"modified\":\"2025-06-10 00:17:53\",\"name\":\"product-57\",\"extension\":\"jpg\"}','2025-06-09 17:17:53','2025-06-09 17:17:53'),(203,186,'ecommerce/digital-product-files/product-9.jpg','{\"filename\":\"product-9.jpg\",\"url\":\"ecommerce\\/digital-product-files\\/product-9.jpg\",\"mime_type\":\"image\\/jpeg\",\"size\":9730,\"modified\":\"2025-06-10 00:17:53\",\"name\":\"product-9\",\"extension\":\"jpg\"}','2025-06-09 17:17:53','2025-06-09 17:17:53'),(204,186,'ecommerce/digital-product-files/product-4.jpg','{\"filename\":\"product-4.jpg\",\"url\":\"ecommerce\\/digital-product-files\\/product-4.jpg\",\"mime_type\":\"image\\/jpeg\",\"size\":9730,\"modified\":\"2025-06-10 00:17:53\",\"name\":\"product-4\",\"extension\":\"jpg\"}','2025-06-09 17:17:53','2025-06-09 17:17:53'),(205,186,'ecommerce/digital-product-files/product-20.jpg','{\"filename\":\"product-20.jpg\",\"url\":\"ecommerce\\/digital-product-files\\/product-20.jpg\",\"mime_type\":\"image\\/jpeg\",\"size\":9730,\"modified\":\"2025-06-10 00:17:53\",\"name\":\"product-20\",\"extension\":\"jpg\"}','2025-06-09 17:17:53','2025-06-09 17:17:53'),(206,186,'ecommerce/digital-product-files/product-75.jpg','{\"filename\":\"product-75.jpg\",\"url\":\"ecommerce\\/digital-product-files\\/product-75.jpg\",\"mime_type\":\"image\\/jpeg\",\"size\":9730,\"modified\":\"2025-06-10 00:17:53\",\"name\":\"product-75\",\"extension\":\"jpg\"}','2025-06-09 17:17:53','2025-06-09 17:17:53'),(207,186,'ecommerce/digital-product-files/product-13.jpg','{\"filename\":\"product-13.jpg\",\"url\":\"ecommerce\\/digital-product-files\\/product-13.jpg\",\"mime_type\":\"image\\/jpeg\",\"size\":9730,\"modified\":\"2025-06-10 00:17:53\",\"name\":\"product-13\",\"extension\":\"jpg\"}','2025-06-09 17:17:53','2025-06-09 17:17:53'),(208,186,'ecommerce/digital-product-files/product-49.jpg','{\"filename\":\"product-49.jpg\",\"url\":\"ecommerce\\/digital-product-files\\/product-49.jpg\",\"mime_type\":\"image\\/jpeg\",\"size\":9730,\"modified\":\"2025-06-10 00:17:53\",\"name\":\"product-49\",\"extension\":\"jpg\"}','2025-06-09 17:17:53','2025-06-09 17:17:53'),(209,186,'ecommerce/digital-product-files/product-62.jpg','{\"filename\":\"product-62.jpg\",\"url\":\"ecommerce\\/digital-product-files\\/product-62.jpg\",\"mime_type\":\"image\\/jpeg\",\"size\":9730,\"modified\":\"2025-06-10 00:17:53\",\"name\":\"product-62\",\"extension\":\"jpg\"}','2025-06-09 17:17:53','2025-06-09 17:17:53'),(210,186,'ecommerce/digital-product-files/product-93.jpg','{\"filename\":\"product-93.jpg\",\"url\":\"ecommerce\\/digital-product-files\\/product-93.jpg\",\"mime_type\":\"image\\/jpeg\",\"size\":9730,\"modified\":\"2025-06-10 00:17:53\",\"name\":\"product-93\",\"extension\":\"jpg\"}','2025-06-09 17:17:53','2025-06-09 17:17:53'),(211,187,'ecommerce/digital-product-files/product-9.jpg','{\"filename\":\"product-9.jpg\",\"url\":\"ecommerce\\/digital-product-files\\/product-9.jpg\",\"mime_type\":\"image\\/jpeg\",\"size\":9730,\"modified\":\"2025-06-10 00:17:53\",\"name\":\"product-9\",\"extension\":\"jpg\"}','2025-06-09 17:17:53','2025-06-09 17:17:53'),(212,187,'ecommerce/digital-product-files/product-4.jpg','{\"filename\":\"product-4.jpg\",\"url\":\"ecommerce\\/digital-product-files\\/product-4.jpg\",\"mime_type\":\"image\\/jpeg\",\"size\":9730,\"modified\":\"2025-06-10 00:17:53\",\"name\":\"product-4\",\"extension\":\"jpg\"}','2025-06-09 17:17:53','2025-06-09 17:17:53'),(213,187,'ecommerce/digital-product-files/product-20.jpg','{\"filename\":\"product-20.jpg\",\"url\":\"ecommerce\\/digital-product-files\\/product-20.jpg\",\"mime_type\":\"image\\/jpeg\",\"size\":9730,\"modified\":\"2025-06-10 00:17:53\",\"name\":\"product-20\",\"extension\":\"jpg\"}','2025-06-09 17:17:53','2025-06-09 17:17:53'),(214,187,'ecommerce/digital-product-files/product-75.jpg','{\"filename\":\"product-75.jpg\",\"url\":\"ecommerce\\/digital-product-files\\/product-75.jpg\",\"mime_type\":\"image\\/jpeg\",\"size\":9730,\"modified\":\"2025-06-10 00:17:53\",\"name\":\"product-75\",\"extension\":\"jpg\"}','2025-06-09 17:17:53','2025-06-09 17:17:53'),(215,187,'ecommerce/digital-product-files/product-13.jpg','{\"filename\":\"product-13.jpg\",\"url\":\"ecommerce\\/digital-product-files\\/product-13.jpg\",\"mime_type\":\"image\\/jpeg\",\"size\":9730,\"modified\":\"2025-06-10 00:17:53\",\"name\":\"product-13\",\"extension\":\"jpg\"}','2025-06-09 17:17:53','2025-06-09 17:17:53'),(216,187,'ecommerce/digital-product-files/product-49.jpg','{\"filename\":\"product-49.jpg\",\"url\":\"ecommerce\\/digital-product-files\\/product-49.jpg\",\"mime_type\":\"image\\/jpeg\",\"size\":9730,\"modified\":\"2025-06-10 00:17:53\",\"name\":\"product-49\",\"extension\":\"jpg\"}','2025-06-09 17:17:53','2025-06-09 17:17:53'),(217,187,'ecommerce/digital-product-files/product-62.jpg','{\"filename\":\"product-62.jpg\",\"url\":\"ecommerce\\/digital-product-files\\/product-62.jpg\",\"mime_type\":\"image\\/jpeg\",\"size\":9730,\"modified\":\"2025-06-10 00:17:53\",\"name\":\"product-62\",\"extension\":\"jpg\"}','2025-06-09 17:17:53','2025-06-09 17:17:53'),(218,187,'ecommerce/digital-product-files/product-93.jpg','{\"filename\":\"product-93.jpg\",\"url\":\"ecommerce\\/digital-product-files\\/product-93.jpg\",\"mime_type\":\"image\\/jpeg\",\"size\":9730,\"modified\":\"2025-06-10 00:17:53\",\"name\":\"product-93\",\"extension\":\"jpg\"}','2025-06-09 17:17:53','2025-06-09 17:17:53'),(219,188,'ecommerce/digital-product-files/product-9.jpg','{\"filename\":\"product-9.jpg\",\"url\":\"ecommerce\\/digital-product-files\\/product-9.jpg\",\"mime_type\":\"image\\/jpeg\",\"size\":9730,\"modified\":\"2025-06-10 00:17:53\",\"name\":\"product-9\",\"extension\":\"jpg\"}','2025-06-09 17:17:53','2025-06-09 17:17:53'),(220,188,'ecommerce/digital-product-files/product-4.jpg','{\"filename\":\"product-4.jpg\",\"url\":\"ecommerce\\/digital-product-files\\/product-4.jpg\",\"mime_type\":\"image\\/jpeg\",\"size\":9730,\"modified\":\"2025-06-10 00:17:53\",\"name\":\"product-4\",\"extension\":\"jpg\"}','2025-06-09 17:17:53','2025-06-09 17:17:53'),(221,188,'ecommerce/digital-product-files/product-20.jpg','{\"filename\":\"product-20.jpg\",\"url\":\"ecommerce\\/digital-product-files\\/product-20.jpg\",\"mime_type\":\"image\\/jpeg\",\"size\":9730,\"modified\":\"2025-06-10 00:17:53\",\"name\":\"product-20\",\"extension\":\"jpg\"}','2025-06-09 17:17:53','2025-06-09 17:17:53'),(222,188,'ecommerce/digital-product-files/product-75.jpg','{\"filename\":\"product-75.jpg\",\"url\":\"ecommerce\\/digital-product-files\\/product-75.jpg\",\"mime_type\":\"image\\/jpeg\",\"size\":9730,\"modified\":\"2025-06-10 00:17:53\",\"name\":\"product-75\",\"extension\":\"jpg\"}','2025-06-09 17:17:53','2025-06-09 17:17:53'),(223,188,'ecommerce/digital-product-files/product-13.jpg','{\"filename\":\"product-13.jpg\",\"url\":\"ecommerce\\/digital-product-files\\/product-13.jpg\",\"mime_type\":\"image\\/jpeg\",\"size\":9730,\"modified\":\"2025-06-10 00:17:53\",\"name\":\"product-13\",\"extension\":\"jpg\"}','2025-06-09 17:17:53','2025-06-09 17:17:53'),(224,188,'ecommerce/digital-product-files/product-49.jpg','{\"filename\":\"product-49.jpg\",\"url\":\"ecommerce\\/digital-product-files\\/product-49.jpg\",\"mime_type\":\"image\\/jpeg\",\"size\":9730,\"modified\":\"2025-06-10 00:17:53\",\"name\":\"product-49\",\"extension\":\"jpg\"}','2025-06-09 17:17:53','2025-06-09 17:17:53'),(225,188,'ecommerce/digital-product-files/product-62.jpg','{\"filename\":\"product-62.jpg\",\"url\":\"ecommerce\\/digital-product-files\\/product-62.jpg\",\"mime_type\":\"image\\/jpeg\",\"size\":9730,\"modified\":\"2025-06-10 00:17:53\",\"name\":\"product-62\",\"extension\":\"jpg\"}','2025-06-09 17:17:53','2025-06-09 17:17:53'),(226,188,'ecommerce/digital-product-files/product-93.jpg','{\"filename\":\"product-93.jpg\",\"url\":\"ecommerce\\/digital-product-files\\/product-93.jpg\",\"mime_type\":\"image\\/jpeg\",\"size\":9730,\"modified\":\"2025-06-10 00:17:53\",\"name\":\"product-93\",\"extension\":\"jpg\"}','2025-06-09 17:17:53','2025-06-09 17:17:53'),(227,196,'ecommerce/digital-product-files/product-47.jpg','{\"filename\":\"product-47.jpg\",\"url\":\"ecommerce\\/digital-product-files\\/product-47.jpg\",\"mime_type\":\"image\\/jpeg\",\"size\":9730,\"modified\":\"2025-06-10 00:17:53\",\"name\":\"product-47\",\"extension\":\"jpg\"}','2025-06-09 17:17:53','2025-06-09 17:17:53'),(228,196,'ecommerce/digital-product-files/product-30.jpg','{\"filename\":\"product-30.jpg\",\"url\":\"ecommerce\\/digital-product-files\\/product-30.jpg\",\"mime_type\":\"image\\/jpeg\",\"size\":9730,\"modified\":\"2025-06-10 00:17:53\",\"name\":\"product-30\",\"extension\":\"jpg\"}','2025-06-09 17:17:53','2025-06-09 17:17:53'),(229,196,'ecommerce/digital-product-files/product-34.jpg','{\"filename\":\"product-34.jpg\",\"url\":\"ecommerce\\/digital-product-files\\/product-34.jpg\",\"mime_type\":\"image\\/jpeg\",\"size\":9730,\"modified\":\"2025-06-10 00:17:53\",\"name\":\"product-34\",\"extension\":\"jpg\"}','2025-06-09 17:17:53','2025-06-09 17:17:53'),(230,196,'ecommerce/digital-product-files/product-66.jpg','{\"filename\":\"product-66.jpg\",\"url\":\"ecommerce\\/digital-product-files\\/product-66.jpg\",\"mime_type\":\"image\\/jpeg\",\"size\":9730,\"modified\":\"2025-06-10 00:17:53\",\"name\":\"product-66\",\"extension\":\"jpg\"}','2025-06-09 17:17:53','2025-06-09 17:17:53'),(231,196,'ecommerce/digital-product-files/product-1.jpg','{\"filename\":\"product-1.jpg\",\"url\":\"ecommerce\\/digital-product-files\\/product-1.jpg\",\"mime_type\":\"image\\/jpeg\",\"size\":9730,\"modified\":\"2025-06-10 00:17:53\",\"name\":\"product-1\",\"extension\":\"jpg\"}','2025-06-09 17:17:53','2025-06-09 17:17:53'),(232,197,'ecommerce/digital-product-files/product-47.jpg','{\"filename\":\"product-47.jpg\",\"url\":\"ecommerce\\/digital-product-files\\/product-47.jpg\",\"mime_type\":\"image\\/jpeg\",\"size\":9730,\"modified\":\"2025-06-10 00:17:53\",\"name\":\"product-47\",\"extension\":\"jpg\"}','2025-06-09 17:17:53','2025-06-09 17:17:53'),(233,197,'ecommerce/digital-product-files/product-30.jpg','{\"filename\":\"product-30.jpg\",\"url\":\"ecommerce\\/digital-product-files\\/product-30.jpg\",\"mime_type\":\"image\\/jpeg\",\"size\":9730,\"modified\":\"2025-06-10 00:17:53\",\"name\":\"product-30\",\"extension\":\"jpg\"}','2025-06-09 17:17:53','2025-06-09 17:17:53'),(234,197,'ecommerce/digital-product-files/product-34.jpg','{\"filename\":\"product-34.jpg\",\"url\":\"ecommerce\\/digital-product-files\\/product-34.jpg\",\"mime_type\":\"image\\/jpeg\",\"size\":9730,\"modified\":\"2025-06-10 00:17:53\",\"name\":\"product-34\",\"extension\":\"jpg\"}','2025-06-09 17:17:53','2025-06-09 17:17:53'),(235,197,'ecommerce/digital-product-files/product-66.jpg','{\"filename\":\"product-66.jpg\",\"url\":\"ecommerce\\/digital-product-files\\/product-66.jpg\",\"mime_type\":\"image\\/jpeg\",\"size\":9730,\"modified\":\"2025-06-10 00:17:53\",\"name\":\"product-66\",\"extension\":\"jpg\"}','2025-06-09 17:17:53','2025-06-09 17:17:53'),(236,197,'ecommerce/digital-product-files/product-1.jpg','{\"filename\":\"product-1.jpg\",\"url\":\"ecommerce\\/digital-product-files\\/product-1.jpg\",\"mime_type\":\"image\\/jpeg\",\"size\":9730,\"modified\":\"2025-06-10 00:17:53\",\"name\":\"product-1\",\"extension\":\"jpg\"}','2025-06-09 17:17:53','2025-06-09 17:17:53'),(237,198,'ecommerce/digital-product-files/product-47.jpg','{\"filename\":\"product-47.jpg\",\"url\":\"ecommerce\\/digital-product-files\\/product-47.jpg\",\"mime_type\":\"image\\/jpeg\",\"size\":9730,\"modified\":\"2025-06-10 00:17:53\",\"name\":\"product-47\",\"extension\":\"jpg\"}','2025-06-09 17:17:53','2025-06-09 17:17:53'),(238,198,'ecommerce/digital-product-files/product-30.jpg','{\"filename\":\"product-30.jpg\",\"url\":\"ecommerce\\/digital-product-files\\/product-30.jpg\",\"mime_type\":\"image\\/jpeg\",\"size\":9730,\"modified\":\"2025-06-10 00:17:53\",\"name\":\"product-30\",\"extension\":\"jpg\"}','2025-06-09 17:17:53','2025-06-09 17:17:53'),(239,198,'ecommerce/digital-product-files/product-34.jpg','{\"filename\":\"product-34.jpg\",\"url\":\"ecommerce\\/digital-product-files\\/product-34.jpg\",\"mime_type\":\"image\\/jpeg\",\"size\":9730,\"modified\":\"2025-06-10 00:17:53\",\"name\":\"product-34\",\"extension\":\"jpg\"}','2025-06-09 17:17:53','2025-06-09 17:17:53'),(240,198,'ecommerce/digital-product-files/product-66.jpg','{\"filename\":\"product-66.jpg\",\"url\":\"ecommerce\\/digital-product-files\\/product-66.jpg\",\"mime_type\":\"image\\/jpeg\",\"size\":9730,\"modified\":\"2025-06-10 00:17:53\",\"name\":\"product-66\",\"extension\":\"jpg\"}','2025-06-09 17:17:53','2025-06-09 17:17:53'),(241,198,'ecommerce/digital-product-files/product-1.jpg','{\"filename\":\"product-1.jpg\",\"url\":\"ecommerce\\/digital-product-files\\/product-1.jpg\",\"mime_type\":\"image\\/jpeg\",\"size\":9730,\"modified\":\"2025-06-10 00:17:53\",\"name\":\"product-1\",\"extension\":\"jpg\"}','2025-06-09 17:17:53','2025-06-09 17:17:53'),(242,204,'ecommerce/digital-product-files/product-4.jpg','{\"filename\":\"product-4.jpg\",\"url\":\"ecommerce\\/digital-product-files\\/product-4.jpg\",\"mime_type\":\"image\\/jpeg\",\"size\":9730,\"modified\":\"2025-06-10 00:17:53\",\"name\":\"product-4\",\"extension\":\"jpg\"}','2025-06-09 17:17:53','2025-06-09 17:17:53'),(243,204,'ecommerce/digital-product-files/product-68.jpg','{\"filename\":\"product-68.jpg\",\"url\":\"ecommerce\\/digital-product-files\\/product-68.jpg\",\"mime_type\":\"image\\/jpeg\",\"size\":9730,\"modified\":\"2025-06-10 00:17:53\",\"name\":\"product-68\",\"extension\":\"jpg\"}','2025-06-09 17:17:53','2025-06-09 17:17:53'),(244,204,'ecommerce/digital-product-files/product-16.jpg','{\"filename\":\"product-16.jpg\",\"url\":\"ecommerce\\/digital-product-files\\/product-16.jpg\",\"mime_type\":\"image\\/jpeg\",\"size\":9730,\"modified\":\"2025-06-10 00:17:53\",\"name\":\"product-16\",\"extension\":\"jpg\"}','2025-06-09 17:17:53','2025-06-09 17:17:53'),(245,204,'ecommerce/digital-product-files/product-75.jpg','{\"filename\":\"product-75.jpg\",\"url\":\"ecommerce\\/digital-product-files\\/product-75.jpg\",\"mime_type\":\"image\\/jpeg\",\"size\":9730,\"modified\":\"2025-06-10 00:17:53\",\"name\":\"product-75\",\"extension\":\"jpg\"}','2025-06-09 17:17:53','2025-06-09 17:17:53'),(246,204,'ecommerce/digital-product-files/product-30.jpg','{\"filename\":\"product-30.jpg\",\"url\":\"ecommerce\\/digital-product-files\\/product-30.jpg\",\"mime_type\":\"image\\/jpeg\",\"size\":9730,\"modified\":\"2025-06-10 00:17:53\",\"name\":\"product-30\",\"extension\":\"jpg\"}','2025-06-09 17:17:53','2025-06-09 17:17:53'),(247,204,'ecommerce/digital-product-files/product-63.jpg','{\"filename\":\"product-63.jpg\",\"url\":\"ecommerce\\/digital-product-files\\/product-63.jpg\",\"mime_type\":\"image\\/jpeg\",\"size\":9730,\"modified\":\"2025-06-10 00:17:53\",\"name\":\"product-63\",\"extension\":\"jpg\"}','2025-06-09 17:17:53','2025-06-09 17:17:53'),(248,204,'ecommerce/digital-product-files/product-59.jpg','{\"filename\":\"product-59.jpg\",\"url\":\"ecommerce\\/digital-product-files\\/product-59.jpg\",\"mime_type\":\"image\\/jpeg\",\"size\":9730,\"modified\":\"2025-06-10 00:17:53\",\"name\":\"product-59\",\"extension\":\"jpg\"}','2025-06-09 17:17:53','2025-06-09 17:17:53'),(249,205,'ecommerce/digital-product-files/product-4.jpg','{\"filename\":\"product-4.jpg\",\"url\":\"ecommerce\\/digital-product-files\\/product-4.jpg\",\"mime_type\":\"image\\/jpeg\",\"size\":9730,\"modified\":\"2025-06-10 00:17:53\",\"name\":\"product-4\",\"extension\":\"jpg\"}','2025-06-09 17:17:53','2025-06-09 17:17:53'),(250,205,'ecommerce/digital-product-files/product-68.jpg','{\"filename\":\"product-68.jpg\",\"url\":\"ecommerce\\/digital-product-files\\/product-68.jpg\",\"mime_type\":\"image\\/jpeg\",\"size\":9730,\"modified\":\"2025-06-10 00:17:53\",\"name\":\"product-68\",\"extension\":\"jpg\"}','2025-06-09 17:17:53','2025-06-09 17:17:53'),(251,205,'ecommerce/digital-product-files/product-16.jpg','{\"filename\":\"product-16.jpg\",\"url\":\"ecommerce\\/digital-product-files\\/product-16.jpg\",\"mime_type\":\"image\\/jpeg\",\"size\":9730,\"modified\":\"2025-06-10 00:17:53\",\"name\":\"product-16\",\"extension\":\"jpg\"}','2025-06-09 17:17:53','2025-06-09 17:17:53'),(252,205,'ecommerce/digital-product-files/product-75.jpg','{\"filename\":\"product-75.jpg\",\"url\":\"ecommerce\\/digital-product-files\\/product-75.jpg\",\"mime_type\":\"image\\/jpeg\",\"size\":9730,\"modified\":\"2025-06-10 00:17:53\",\"name\":\"product-75\",\"extension\":\"jpg\"}','2025-06-09 17:17:53','2025-06-09 17:17:53'),(253,205,'ecommerce/digital-product-files/product-30.jpg','{\"filename\":\"product-30.jpg\",\"url\":\"ecommerce\\/digital-product-files\\/product-30.jpg\",\"mime_type\":\"image\\/jpeg\",\"size\":9730,\"modified\":\"2025-06-10 00:17:53\",\"name\":\"product-30\",\"extension\":\"jpg\"}','2025-06-09 17:17:53','2025-06-09 17:17:53'),(254,205,'ecommerce/digital-product-files/product-63.jpg','{\"filename\":\"product-63.jpg\",\"url\":\"ecommerce\\/digital-product-files\\/product-63.jpg\",\"mime_type\":\"image\\/jpeg\",\"size\":9730,\"modified\":\"2025-06-10 00:17:53\",\"name\":\"product-63\",\"extension\":\"jpg\"}','2025-06-09 17:17:53','2025-06-09 17:17:53'),(255,205,'ecommerce/digital-product-files/product-59.jpg','{\"filename\":\"product-59.jpg\",\"url\":\"ecommerce\\/digital-product-files\\/product-59.jpg\",\"mime_type\":\"image\\/jpeg\",\"size\":9730,\"modified\":\"2025-06-10 00:17:53\",\"name\":\"product-59\",\"extension\":\"jpg\"}','2025-06-09 17:17:53','2025-06-09 17:17:53'),(256,214,'ecommerce/digital-product-files/product-82.jpg','{\"filename\":\"product-82.jpg\",\"url\":\"ecommerce\\/digital-product-files\\/product-82.jpg\",\"mime_type\":\"image\\/jpeg\",\"size\":9730,\"modified\":\"2025-06-10 00:17:53\",\"name\":\"product-82\",\"extension\":\"jpg\"}','2025-06-09 17:17:53','2025-06-09 17:17:53'),(257,214,'ecommerce/digital-product-files/product-17.jpg','{\"filename\":\"product-17.jpg\",\"url\":\"ecommerce\\/digital-product-files\\/product-17.jpg\",\"mime_type\":\"image\\/jpeg\",\"size\":9730,\"modified\":\"2025-06-10 00:17:53\",\"name\":\"product-17\",\"extension\":\"jpg\"}','2025-06-09 17:17:53','2025-06-09 17:17:53'),(258,214,'ecommerce/digital-product-files/product-44.jpg','{\"filename\":\"product-44.jpg\",\"url\":\"ecommerce\\/digital-product-files\\/product-44.jpg\",\"mime_type\":\"image\\/jpeg\",\"size\":9730,\"modified\":\"2025-06-10 00:17:53\",\"name\":\"product-44\",\"extension\":\"jpg\"}','2025-06-09 17:17:53','2025-06-09 17:17:53'),(259,214,'ecommerce/digital-product-files/product-77.jpg','{\"filename\":\"product-77.jpg\",\"url\":\"ecommerce\\/digital-product-files\\/product-77.jpg\",\"mime_type\":\"image\\/jpeg\",\"size\":9730,\"modified\":\"2025-06-10 00:17:53\",\"name\":\"product-77\",\"extension\":\"jpg\"}','2025-06-09 17:17:53','2025-06-09 17:17:53'),(260,214,'ecommerce/digital-product-files/product-1.jpg','{\"filename\":\"product-1.jpg\",\"url\":\"ecommerce\\/digital-product-files\\/product-1.jpg\",\"mime_type\":\"image\\/jpeg\",\"size\":9730,\"modified\":\"2025-06-10 00:17:53\",\"name\":\"product-1\",\"extension\":\"jpg\"}','2025-06-09 17:17:53','2025-06-09 17:17:53'),(261,214,'ecommerce/digital-product-files/product-61.jpg','{\"filename\":\"product-61.jpg\",\"url\":\"ecommerce\\/digital-product-files\\/product-61.jpg\",\"mime_type\":\"image\\/jpeg\",\"size\":9730,\"modified\":\"2025-06-10 00:17:53\",\"name\":\"product-61\",\"extension\":\"jpg\"}','2025-06-09 17:17:53','2025-06-09 17:17:53'),(262,214,'ecommerce/digital-product-files/product-76.jpg','{\"filename\":\"product-76.jpg\",\"url\":\"ecommerce\\/digital-product-files\\/product-76.jpg\",\"mime_type\":\"image\\/jpeg\",\"size\":9730,\"modified\":\"2025-06-10 00:17:53\",\"name\":\"product-76\",\"extension\":\"jpg\"}','2025-06-09 17:17:53','2025-06-09 17:17:53'),(263,214,'ecommerce/digital-product-files/product-53.jpg','{\"filename\":\"product-53.jpg\",\"url\":\"ecommerce\\/digital-product-files\\/product-53.jpg\",\"mime_type\":\"image\\/jpeg\",\"size\":9730,\"modified\":\"2025-06-10 00:17:53\",\"name\":\"product-53\",\"extension\":\"jpg\"}','2025-06-09 17:17:53','2025-06-09 17:17:53'),(264,214,'ecommerce/digital-product-files/product-8.jpg','{\"filename\":\"product-8.jpg\",\"url\":\"ecommerce\\/digital-product-files\\/product-8.jpg\",\"mime_type\":\"image\\/jpeg\",\"size\":9730,\"modified\":\"2025-06-10 00:17:53\",\"name\":\"product-8\",\"extension\":\"jpg\"}','2025-06-09 17:17:53','2025-06-09 17:17:53'),(265,214,'ecommerce/digital-product-files/product-58.jpg','{\"filename\":\"product-58.jpg\",\"url\":\"ecommerce\\/digital-product-files\\/product-58.jpg\",\"mime_type\":\"image\\/jpeg\",\"size\":9730,\"modified\":\"2025-06-10 00:17:53\",\"name\":\"product-58\",\"extension\":\"jpg\"}','2025-06-09 17:17:53','2025-06-09 17:17:53'),(266,214,'ecommerce/digital-product-files/product-47.jpg','{\"filename\":\"product-47.jpg\",\"url\":\"ecommerce\\/digital-product-files\\/product-47.jpg\",\"mime_type\":\"image\\/jpeg\",\"size\":9730,\"modified\":\"2025-06-10 00:17:53\",\"name\":\"product-47\",\"extension\":\"jpg\"}','2025-06-09 17:17:53','2025-06-09 17:17:53'),(267,214,'ecommerce/digital-product-files/product-12.jpg','{\"filename\":\"product-12.jpg\",\"url\":\"ecommerce\\/digital-product-files\\/product-12.jpg\",\"mime_type\":\"image\\/jpeg\",\"size\":9730,\"modified\":\"2025-06-10 00:17:53\",\"name\":\"product-12\",\"extension\":\"jpg\"}','2025-06-09 17:17:53','2025-06-09 17:17:53'),(268,222,'ecommerce/digital-product-files/product-35.jpg','{\"filename\":\"product-35.jpg\",\"url\":\"ecommerce\\/digital-product-files\\/product-35.jpg\",\"mime_type\":\"image\\/jpeg\",\"size\":9730,\"modified\":\"2025-06-10 00:17:53\",\"name\":\"product-35\",\"extension\":\"jpg\"}','2025-06-09 17:17:53','2025-06-09 17:17:53'),(269,222,'ecommerce/digital-product-files/product-40.jpg','{\"filename\":\"product-40.jpg\",\"url\":\"ecommerce\\/digital-product-files\\/product-40.jpg\",\"mime_type\":\"image\\/jpeg\",\"size\":9730,\"modified\":\"2025-06-10 00:17:53\",\"name\":\"product-40\",\"extension\":\"jpg\"}','2025-06-09 17:17:53','2025-06-09 17:17:53'),(270,222,'ecommerce/digital-product-files/product-80.jpg','{\"filename\":\"product-80.jpg\",\"url\":\"ecommerce\\/digital-product-files\\/product-80.jpg\",\"mime_type\":\"image\\/jpeg\",\"size\":9730,\"modified\":\"2025-06-10 00:17:53\",\"name\":\"product-80\",\"extension\":\"jpg\"}','2025-06-09 17:17:53','2025-06-09 17:17:53'),(271,222,'ecommerce/digital-product-files/product-9.jpg','{\"filename\":\"product-9.jpg\",\"url\":\"ecommerce\\/digital-product-files\\/product-9.jpg\",\"mime_type\":\"image\\/jpeg\",\"size\":9730,\"modified\":\"2025-06-10 00:17:53\",\"name\":\"product-9\",\"extension\":\"jpg\"}','2025-06-09 17:17:53','2025-06-09 17:17:53'),(272,222,'ecommerce/digital-product-files/product-16.jpg','{\"filename\":\"product-16.jpg\",\"url\":\"ecommerce\\/digital-product-files\\/product-16.jpg\",\"mime_type\":\"image\\/jpeg\",\"size\":9730,\"modified\":\"2025-06-10 00:17:53\",\"name\":\"product-16\",\"extension\":\"jpg\"}','2025-06-09 17:17:53','2025-06-09 17:17:53'),(273,222,'ecommerce/digital-product-files/product-92.jpg','{\"filename\":\"product-92.jpg\",\"url\":\"ecommerce\\/digital-product-files\\/product-92.jpg\",\"mime_type\":\"image\\/jpeg\",\"size\":9730,\"modified\":\"2025-06-10 00:17:53\",\"name\":\"product-92\",\"extension\":\"jpg\"}','2025-06-09 17:17:53','2025-06-09 17:17:53'),(274,222,'ecommerce/digital-product-files/product-60.jpg','{\"filename\":\"product-60.jpg\",\"url\":\"ecommerce\\/digital-product-files\\/product-60.jpg\",\"mime_type\":\"image\\/jpeg\",\"size\":9730,\"modified\":\"2025-06-10 00:17:53\",\"name\":\"product-60\",\"extension\":\"jpg\"}','2025-06-09 17:17:53','2025-06-09 17:17:53'),(275,222,'ecommerce/digital-product-files/product-29.jpg','{\"filename\":\"product-29.jpg\",\"url\":\"ecommerce\\/digital-product-files\\/product-29.jpg\",\"mime_type\":\"image\\/jpeg\",\"size\":9730,\"modified\":\"2025-06-10 00:17:53\",\"name\":\"product-29\",\"extension\":\"jpg\"}','2025-06-09 17:17:53','2025-06-09 17:17:53'),(276,222,'ecommerce/digital-product-files/product-47.jpg','{\"filename\":\"product-47.jpg\",\"url\":\"ecommerce\\/digital-product-files\\/product-47.jpg\",\"mime_type\":\"image\\/jpeg\",\"size\":9730,\"modified\":\"2025-06-10 00:17:53\",\"name\":\"product-47\",\"extension\":\"jpg\"}','2025-06-09 17:17:53','2025-06-09 17:17:53'),(277,222,'ecommerce/digital-product-files/product-22.jpg','{\"filename\":\"product-22.jpg\",\"url\":\"ecommerce\\/digital-product-files\\/product-22.jpg\",\"mime_type\":\"image\\/jpeg\",\"size\":9730,\"modified\":\"2025-06-10 00:17:53\",\"name\":\"product-22\",\"extension\":\"jpg\"}','2025-06-09 17:17:53','2025-06-09 17:17:53'),(278,222,'ecommerce/digital-product-files/product-23.jpg','{\"filename\":\"product-23.jpg\",\"url\":\"ecommerce\\/digital-product-files\\/product-23.jpg\",\"mime_type\":\"image\\/jpeg\",\"size\":9730,\"modified\":\"2025-06-10 00:17:53\",\"name\":\"product-23\",\"extension\":\"jpg\"}','2025-06-09 17:17:53','2025-06-09 17:17:53'),(279,223,'ecommerce/digital-product-files/product-35.jpg','{\"filename\":\"product-35.jpg\",\"url\":\"ecommerce\\/digital-product-files\\/product-35.jpg\",\"mime_type\":\"image\\/jpeg\",\"size\":9730,\"modified\":\"2025-06-10 00:17:53\",\"name\":\"product-35\",\"extension\":\"jpg\"}','2025-06-09 17:17:53','2025-06-09 17:17:53'),(280,223,'ecommerce/digital-product-files/product-40.jpg','{\"filename\":\"product-40.jpg\",\"url\":\"ecommerce\\/digital-product-files\\/product-40.jpg\",\"mime_type\":\"image\\/jpeg\",\"size\":9730,\"modified\":\"2025-06-10 00:17:53\",\"name\":\"product-40\",\"extension\":\"jpg\"}','2025-06-09 17:17:53','2025-06-09 17:17:53'),(281,223,'ecommerce/digital-product-files/product-80.jpg','{\"filename\":\"product-80.jpg\",\"url\":\"ecommerce\\/digital-product-files\\/product-80.jpg\",\"mime_type\":\"image\\/jpeg\",\"size\":9730,\"modified\":\"2025-06-10 00:17:53\",\"name\":\"product-80\",\"extension\":\"jpg\"}','2025-06-09 17:17:53','2025-06-09 17:17:53'),(282,223,'ecommerce/digital-product-files/product-9.jpg','{\"filename\":\"product-9.jpg\",\"url\":\"ecommerce\\/digital-product-files\\/product-9.jpg\",\"mime_type\":\"image\\/jpeg\",\"size\":9730,\"modified\":\"2025-06-10 00:17:53\",\"name\":\"product-9\",\"extension\":\"jpg\"}','2025-06-09 17:17:53','2025-06-09 17:17:53'),(283,223,'ecommerce/digital-product-files/product-16.jpg','{\"filename\":\"product-16.jpg\",\"url\":\"ecommerce\\/digital-product-files\\/product-16.jpg\",\"mime_type\":\"image\\/jpeg\",\"size\":9730,\"modified\":\"2025-06-10 00:17:53\",\"name\":\"product-16\",\"extension\":\"jpg\"}','2025-06-09 17:17:53','2025-06-09 17:17:53'),(284,223,'ecommerce/digital-product-files/product-92.jpg','{\"filename\":\"product-92.jpg\",\"url\":\"ecommerce\\/digital-product-files\\/product-92.jpg\",\"mime_type\":\"image\\/jpeg\",\"size\":9730,\"modified\":\"2025-06-10 00:17:53\",\"name\":\"product-92\",\"extension\":\"jpg\"}','2025-06-09 17:17:53','2025-06-09 17:17:53'),(285,223,'ecommerce/digital-product-files/product-60.jpg','{\"filename\":\"product-60.jpg\",\"url\":\"ecommerce\\/digital-product-files\\/product-60.jpg\",\"mime_type\":\"image\\/jpeg\",\"size\":9730,\"modified\":\"2025-06-10 00:17:53\",\"name\":\"product-60\",\"extension\":\"jpg\"}','2025-06-09 17:17:53','2025-06-09 17:17:53'),(286,223,'ecommerce/digital-product-files/product-29.jpg','{\"filename\":\"product-29.jpg\",\"url\":\"ecommerce\\/digital-product-files\\/product-29.jpg\",\"mime_type\":\"image\\/jpeg\",\"size\":9730,\"modified\":\"2025-06-10 00:17:53\",\"name\":\"product-29\",\"extension\":\"jpg\"}','2025-06-09 17:17:53','2025-06-09 17:17:53'),(287,223,'ecommerce/digital-product-files/product-47.jpg','{\"filename\":\"product-47.jpg\",\"url\":\"ecommerce\\/digital-product-files\\/product-47.jpg\",\"mime_type\":\"image\\/jpeg\",\"size\":9730,\"modified\":\"2025-06-10 00:17:53\",\"name\":\"product-47\",\"extension\":\"jpg\"}','2025-06-09 17:17:53','2025-06-09 17:17:53'),(288,223,'ecommerce/digital-product-files/product-22.jpg','{\"filename\":\"product-22.jpg\",\"url\":\"ecommerce\\/digital-product-files\\/product-22.jpg\",\"mime_type\":\"image\\/jpeg\",\"size\":9730,\"modified\":\"2025-06-10 00:17:53\",\"name\":\"product-22\",\"extension\":\"jpg\"}','2025-06-09 17:17:53','2025-06-09 17:17:53'),(289,223,'ecommerce/digital-product-files/product-23.jpg','{\"filename\":\"product-23.jpg\",\"url\":\"ecommerce\\/digital-product-files\\/product-23.jpg\",\"mime_type\":\"image\\/jpeg\",\"size\":9730,\"modified\":\"2025-06-10 00:17:53\",\"name\":\"product-23\",\"extension\":\"jpg\"}','2025-06-09 17:17:53','2025-06-09 17:17:53'),(290,232,'ecommerce/digital-product-files/product-47.jpg','{\"filename\":\"product-47.jpg\",\"url\":\"ecommerce\\/digital-product-files\\/product-47.jpg\",\"mime_type\":\"image\\/jpeg\",\"size\":9730,\"modified\":\"2025-06-10 00:17:53\",\"name\":\"product-47\",\"extension\":\"jpg\"}','2025-06-09 17:17:53','2025-06-09 17:17:53'),(291,232,'ecommerce/digital-product-files/product-27.jpg','{\"filename\":\"product-27.jpg\",\"url\":\"ecommerce\\/digital-product-files\\/product-27.jpg\",\"mime_type\":\"image\\/jpeg\",\"size\":9730,\"modified\":\"2025-06-10 00:17:53\",\"name\":\"product-27\",\"extension\":\"jpg\"}','2025-06-09 17:17:53','2025-06-09 17:17:53'),(292,232,'ecommerce/digital-product-files/product-72.jpg','{\"filename\":\"product-72.jpg\",\"url\":\"ecommerce\\/digital-product-files\\/product-72.jpg\",\"mime_type\":\"image\\/jpeg\",\"size\":9730,\"modified\":\"2025-06-10 00:17:53\",\"name\":\"product-72\",\"extension\":\"jpg\"}','2025-06-09 17:17:53','2025-06-09 17:17:53'),(293,232,'ecommerce/digital-product-files/product-82.jpg','{\"filename\":\"product-82.jpg\",\"url\":\"ecommerce\\/digital-product-files\\/product-82.jpg\",\"mime_type\":\"image\\/jpeg\",\"size\":9730,\"modified\":\"2025-06-10 00:17:53\",\"name\":\"product-82\",\"extension\":\"jpg\"}','2025-06-09 17:17:53','2025-06-09 17:17:53'),(294,232,'ecommerce/digital-product-files/product-23.jpg','{\"filename\":\"product-23.jpg\",\"url\":\"ecommerce\\/digital-product-files\\/product-23.jpg\",\"mime_type\":\"image\\/jpeg\",\"size\":9730,\"modified\":\"2025-06-10 00:17:53\",\"name\":\"product-23\",\"extension\":\"jpg\"}','2025-06-09 17:17:53','2025-06-09 17:17:53'),(295,232,'ecommerce/digital-product-files/product-24.jpg','{\"filename\":\"product-24.jpg\",\"url\":\"ecommerce\\/digital-product-files\\/product-24.jpg\",\"mime_type\":\"image\\/jpeg\",\"size\":9730,\"modified\":\"2025-06-10 00:17:53\",\"name\":\"product-24\",\"extension\":\"jpg\"}','2025-06-09 17:17:53','2025-06-09 17:17:53'),(296,232,'ecommerce/digital-product-files/product-62.jpg','{\"filename\":\"product-62.jpg\",\"url\":\"ecommerce\\/digital-product-files\\/product-62.jpg\",\"mime_type\":\"image\\/jpeg\",\"size\":9730,\"modified\":\"2025-06-10 00:17:53\",\"name\":\"product-62\",\"extension\":\"jpg\"}','2025-06-09 17:17:53','2025-06-09 17:17:53'),(297,232,'ecommerce/digital-product-files/product-51.jpg','{\"filename\":\"product-51.jpg\",\"url\":\"ecommerce\\/digital-product-files\\/product-51.jpg\",\"mime_type\":\"image\\/jpeg\",\"size\":9730,\"modified\":\"2025-06-10 00:17:53\",\"name\":\"product-51\",\"extension\":\"jpg\"}','2025-06-09 17:17:53','2025-06-09 17:17:53'),(298,232,'ecommerce/digital-product-files/product-10.jpg','{\"filename\":\"product-10.jpg\",\"url\":\"ecommerce\\/digital-product-files\\/product-10.jpg\",\"mime_type\":\"image\\/jpeg\",\"size\":9730,\"modified\":\"2025-06-10 00:17:53\",\"name\":\"product-10\",\"extension\":\"jpg\"}','2025-06-09 17:17:53','2025-06-09 17:17:53'),(299,232,'ecommerce/digital-product-files/product-22.jpg','{\"filename\":\"product-22.jpg\",\"url\":\"ecommerce\\/digital-product-files\\/product-22.jpg\",\"mime_type\":\"image\\/jpeg\",\"size\":9730,\"modified\":\"2025-06-10 00:17:53\",\"name\":\"product-22\",\"extension\":\"jpg\"}','2025-06-09 17:17:53','2025-06-09 17:17:53'),(300,232,'ecommerce/digital-product-files/product-40.jpg','{\"filename\":\"product-40.jpg\",\"url\":\"ecommerce\\/digital-product-files\\/product-40.jpg\",\"mime_type\":\"image\\/jpeg\",\"size\":9730,\"modified\":\"2025-06-10 00:17:53\",\"name\":\"product-40\",\"extension\":\"jpg\"}','2025-06-09 17:17:53','2025-06-09 17:17:53'),(301,232,'ecommerce/digital-product-files/product-91.jpg','{\"filename\":\"product-91.jpg\",\"url\":\"ecommerce\\/digital-product-files\\/product-91.jpg\",\"mime_type\":\"image\\/jpeg\",\"size\":9730,\"modified\":\"2025-06-10 00:17:53\",\"name\":\"product-91\",\"extension\":\"jpg\"}','2025-06-09 17:17:53','2025-06-09 17:17:53'),(302,233,'ecommerce/digital-product-files/product-47.jpg','{\"filename\":\"product-47.jpg\",\"url\":\"ecommerce\\/digital-product-files\\/product-47.jpg\",\"mime_type\":\"image\\/jpeg\",\"size\":9730,\"modified\":\"2025-06-10 00:17:53\",\"name\":\"product-47\",\"extension\":\"jpg\"}','2025-06-09 17:17:53','2025-06-09 17:17:53'),(303,233,'ecommerce/digital-product-files/product-27.jpg','{\"filename\":\"product-27.jpg\",\"url\":\"ecommerce\\/digital-product-files\\/product-27.jpg\",\"mime_type\":\"image\\/jpeg\",\"size\":9730,\"modified\":\"2025-06-10 00:17:53\",\"name\":\"product-27\",\"extension\":\"jpg\"}','2025-06-09 17:17:53','2025-06-09 17:17:53'),(304,233,'ecommerce/digital-product-files/product-72.jpg','{\"filename\":\"product-72.jpg\",\"url\":\"ecommerce\\/digital-product-files\\/product-72.jpg\",\"mime_type\":\"image\\/jpeg\",\"size\":9730,\"modified\":\"2025-06-10 00:17:53\",\"name\":\"product-72\",\"extension\":\"jpg\"}','2025-06-09 17:17:53','2025-06-09 17:17:53'),(305,233,'ecommerce/digital-product-files/product-82.jpg','{\"filename\":\"product-82.jpg\",\"url\":\"ecommerce\\/digital-product-files\\/product-82.jpg\",\"mime_type\":\"image\\/jpeg\",\"size\":9730,\"modified\":\"2025-06-10 00:17:53\",\"name\":\"product-82\",\"extension\":\"jpg\"}','2025-06-09 17:17:53','2025-06-09 17:17:53'),(306,233,'ecommerce/digital-product-files/product-23.jpg','{\"filename\":\"product-23.jpg\",\"url\":\"ecommerce\\/digital-product-files\\/product-23.jpg\",\"mime_type\":\"image\\/jpeg\",\"size\":9730,\"modified\":\"2025-06-10 00:17:53\",\"name\":\"product-23\",\"extension\":\"jpg\"}','2025-06-09 17:17:53','2025-06-09 17:17:53'),(307,233,'ecommerce/digital-product-files/product-24.jpg','{\"filename\":\"product-24.jpg\",\"url\":\"ecommerce\\/digital-product-files\\/product-24.jpg\",\"mime_type\":\"image\\/jpeg\",\"size\":9730,\"modified\":\"2025-06-10 00:17:53\",\"name\":\"product-24\",\"extension\":\"jpg\"}','2025-06-09 17:17:53','2025-06-09 17:17:53'),(308,233,'ecommerce/digital-product-files/product-62.jpg','{\"filename\":\"product-62.jpg\",\"url\":\"ecommerce\\/digital-product-files\\/product-62.jpg\",\"mime_type\":\"image\\/jpeg\",\"size\":9730,\"modified\":\"2025-06-10 00:17:53\",\"name\":\"product-62\",\"extension\":\"jpg\"}','2025-06-09 17:17:53','2025-06-09 17:17:53'),(309,233,'ecommerce/digital-product-files/product-51.jpg','{\"filename\":\"product-51.jpg\",\"url\":\"ecommerce\\/digital-product-files\\/product-51.jpg\",\"mime_type\":\"image\\/jpeg\",\"size\":9730,\"modified\":\"2025-06-10 00:17:53\",\"name\":\"product-51\",\"extension\":\"jpg\"}','2025-06-09 17:17:53','2025-06-09 17:17:53'),(310,233,'ecommerce/digital-product-files/product-10.jpg','{\"filename\":\"product-10.jpg\",\"url\":\"ecommerce\\/digital-product-files\\/product-10.jpg\",\"mime_type\":\"image\\/jpeg\",\"size\":9730,\"modified\":\"2025-06-10 00:17:53\",\"name\":\"product-10\",\"extension\":\"jpg\"}','2025-06-09 17:17:53','2025-06-09 17:17:53'),(311,233,'ecommerce/digital-product-files/product-22.jpg','{\"filename\":\"product-22.jpg\",\"url\":\"ecommerce\\/digital-product-files\\/product-22.jpg\",\"mime_type\":\"image\\/jpeg\",\"size\":9730,\"modified\":\"2025-06-10 00:17:53\",\"name\":\"product-22\",\"extension\":\"jpg\"}','2025-06-09 17:17:53','2025-06-09 17:17:53'),(312,233,'ecommerce/digital-product-files/product-40.jpg','{\"filename\":\"product-40.jpg\",\"url\":\"ecommerce\\/digital-product-files\\/product-40.jpg\",\"mime_type\":\"image\\/jpeg\",\"size\":9730,\"modified\":\"2025-06-10 00:17:53\",\"name\":\"product-40\",\"extension\":\"jpg\"}','2025-06-09 17:17:53','2025-06-09 17:17:53'),(313,233,'ecommerce/digital-product-files/product-91.jpg','{\"filename\":\"product-91.jpg\",\"url\":\"ecommerce\\/digital-product-files\\/product-91.jpg\",\"mime_type\":\"image\\/jpeg\",\"size\":9730,\"modified\":\"2025-06-10 00:17:53\",\"name\":\"product-91\",\"extension\":\"jpg\"}','2025-06-09 17:17:53','2025-06-09 17:17:53'),(314,234,'ecommerce/digital-product-files/product-47.jpg','{\"filename\":\"product-47.jpg\",\"url\":\"ecommerce\\/digital-product-files\\/product-47.jpg\",\"mime_type\":\"image\\/jpeg\",\"size\":9730,\"modified\":\"2025-06-10 00:17:53\",\"name\":\"product-47\",\"extension\":\"jpg\"}','2025-06-09 17:17:53','2025-06-09 17:17:53'),(315,234,'ecommerce/digital-product-files/product-27.jpg','{\"filename\":\"product-27.jpg\",\"url\":\"ecommerce\\/digital-product-files\\/product-27.jpg\",\"mime_type\":\"image\\/jpeg\",\"size\":9730,\"modified\":\"2025-06-10 00:17:53\",\"name\":\"product-27\",\"extension\":\"jpg\"}','2025-06-09 17:17:53','2025-06-09 17:17:53'),(316,234,'ecommerce/digital-product-files/product-72.jpg','{\"filename\":\"product-72.jpg\",\"url\":\"ecommerce\\/digital-product-files\\/product-72.jpg\",\"mime_type\":\"image\\/jpeg\",\"size\":9730,\"modified\":\"2025-06-10 00:17:53\",\"name\":\"product-72\",\"extension\":\"jpg\"}','2025-06-09 17:17:53','2025-06-09 17:17:53'),(317,234,'ecommerce/digital-product-files/product-82.jpg','{\"filename\":\"product-82.jpg\",\"url\":\"ecommerce\\/digital-product-files\\/product-82.jpg\",\"mime_type\":\"image\\/jpeg\",\"size\":9730,\"modified\":\"2025-06-10 00:17:53\",\"name\":\"product-82\",\"extension\":\"jpg\"}','2025-06-09 17:17:53','2025-06-09 17:17:53'),(318,234,'ecommerce/digital-product-files/product-23.jpg','{\"filename\":\"product-23.jpg\",\"url\":\"ecommerce\\/digital-product-files\\/product-23.jpg\",\"mime_type\":\"image\\/jpeg\",\"size\":9730,\"modified\":\"2025-06-10 00:17:53\",\"name\":\"product-23\",\"extension\":\"jpg\"}','2025-06-09 17:17:53','2025-06-09 17:17:53'),(319,234,'ecommerce/digital-product-files/product-24.jpg','{\"filename\":\"product-24.jpg\",\"url\":\"ecommerce\\/digital-product-files\\/product-24.jpg\",\"mime_type\":\"image\\/jpeg\",\"size\":9730,\"modified\":\"2025-06-10 00:17:53\",\"name\":\"product-24\",\"extension\":\"jpg\"}','2025-06-09 17:17:53','2025-06-09 17:17:53'),(320,234,'ecommerce/digital-product-files/product-62.jpg','{\"filename\":\"product-62.jpg\",\"url\":\"ecommerce\\/digital-product-files\\/product-62.jpg\",\"mime_type\":\"image\\/jpeg\",\"size\":9730,\"modified\":\"2025-06-10 00:17:53\",\"name\":\"product-62\",\"extension\":\"jpg\"}','2025-06-09 17:17:53','2025-06-09 17:17:53'),(321,234,'ecommerce/digital-product-files/product-51.jpg','{\"filename\":\"product-51.jpg\",\"url\":\"ecommerce\\/digital-product-files\\/product-51.jpg\",\"mime_type\":\"image\\/jpeg\",\"size\":9730,\"modified\":\"2025-06-10 00:17:53\",\"name\":\"product-51\",\"extension\":\"jpg\"}','2025-06-09 17:17:53','2025-06-09 17:17:53'),(322,234,'ecommerce/digital-product-files/product-10.jpg','{\"filename\":\"product-10.jpg\",\"url\":\"ecommerce\\/digital-product-files\\/product-10.jpg\",\"mime_type\":\"image\\/jpeg\",\"size\":9730,\"modified\":\"2025-06-10 00:17:53\",\"name\":\"product-10\",\"extension\":\"jpg\"}','2025-06-09 17:17:53','2025-06-09 17:17:53'),(323,234,'ecommerce/digital-product-files/product-22.jpg','{\"filename\":\"product-22.jpg\",\"url\":\"ecommerce\\/digital-product-files\\/product-22.jpg\",\"mime_type\":\"image\\/jpeg\",\"size\":9730,\"modified\":\"2025-06-10 00:17:53\",\"name\":\"product-22\",\"extension\":\"jpg\"}','2025-06-09 17:17:53','2025-06-09 17:17:53'),(324,234,'ecommerce/digital-product-files/product-40.jpg','{\"filename\":\"product-40.jpg\",\"url\":\"ecommerce\\/digital-product-files\\/product-40.jpg\",\"mime_type\":\"image\\/jpeg\",\"size\":9730,\"modified\":\"2025-06-10 00:17:53\",\"name\":\"product-40\",\"extension\":\"jpg\"}','2025-06-09 17:17:53','2025-06-09 17:17:53'),(325,234,'ecommerce/digital-product-files/product-91.jpg','{\"filename\":\"product-91.jpg\",\"url\":\"ecommerce\\/digital-product-files\\/product-91.jpg\",\"mime_type\":\"image\\/jpeg\",\"size\":9730,\"modified\":\"2025-06-10 00:17:53\",\"name\":\"product-91\",\"extension\":\"jpg\"}','2025-06-09 17:17:53','2025-06-09 17:17:53'),(326,241,'ecommerce/digital-product-files/product-56.jpg','{\"filename\":\"product-56.jpg\",\"url\":\"ecommerce\\/digital-product-files\\/product-56.jpg\",\"mime_type\":\"image\\/jpeg\",\"size\":9730,\"modified\":\"2025-06-10 00:17:54\",\"name\":\"product-56\",\"extension\":\"jpg\"}','2025-06-09 17:17:54','2025-06-09 17:17:54'),(327,241,'ecommerce/digital-product-files/product-60.jpg','{\"filename\":\"product-60.jpg\",\"url\":\"ecommerce\\/digital-product-files\\/product-60.jpg\",\"mime_type\":\"image\\/jpeg\",\"size\":9730,\"modified\":\"2025-06-10 00:17:54\",\"name\":\"product-60\",\"extension\":\"jpg\"}','2025-06-09 17:17:54','2025-06-09 17:17:54'),(328,241,'ecommerce/digital-product-files/product-3.jpg','{\"filename\":\"product-3.jpg\",\"url\":\"ecommerce\\/digital-product-files\\/product-3.jpg\",\"mime_type\":\"image\\/jpeg\",\"size\":9730,\"modified\":\"2025-06-10 00:17:54\",\"name\":\"product-3\",\"extension\":\"jpg\"}','2025-06-09 17:17:54','2025-06-09 17:17:54'),(329,241,'ecommerce/digital-product-files/product-71.jpg','{\"filename\":\"product-71.jpg\",\"url\":\"ecommerce\\/digital-product-files\\/product-71.jpg\",\"mime_type\":\"image\\/jpeg\",\"size\":9730,\"modified\":\"2025-06-10 00:17:54\",\"name\":\"product-71\",\"extension\":\"jpg\"}','2025-06-09 17:17:54','2025-06-09 17:17:54'),(330,241,'ecommerce/digital-product-files/product-9.jpg','{\"filename\":\"product-9.jpg\",\"url\":\"ecommerce\\/digital-product-files\\/product-9.jpg\",\"mime_type\":\"image\\/jpeg\",\"size\":9730,\"modified\":\"2025-06-10 00:17:54\",\"name\":\"product-9\",\"extension\":\"jpg\"}','2025-06-09 17:17:54','2025-06-09 17:17:54'),(331,241,'ecommerce/digital-product-files/product-13.jpg','{\"filename\":\"product-13.jpg\",\"url\":\"ecommerce\\/digital-product-files\\/product-13.jpg\",\"mime_type\":\"image\\/jpeg\",\"size\":9730,\"modified\":\"2025-06-10 00:17:54\",\"name\":\"product-13\",\"extension\":\"jpg\"}','2025-06-09 17:17:54','2025-06-09 17:17:54'),(332,241,'ecommerce/digital-product-files/product-28.jpg','{\"filename\":\"product-28.jpg\",\"url\":\"ecommerce\\/digital-product-files\\/product-28.jpg\",\"mime_type\":\"image\\/jpeg\",\"size\":9730,\"modified\":\"2025-06-10 00:17:54\",\"name\":\"product-28\",\"extension\":\"jpg\"}','2025-06-09 17:17:54','2025-06-09 17:17:54'),(333,241,'ecommerce/digital-product-files/product-86.jpg','{\"filename\":\"product-86.jpg\",\"url\":\"ecommerce\\/digital-product-files\\/product-86.jpg\",\"mime_type\":\"image\\/jpeg\",\"size\":9730,\"modified\":\"2025-06-10 00:17:54\",\"name\":\"product-86\",\"extension\":\"jpg\"}','2025-06-09 17:17:54','2025-06-09 17:17:54'),(334,242,'ecommerce/digital-product-files/product-56.jpg','{\"filename\":\"product-56.jpg\",\"url\":\"ecommerce\\/digital-product-files\\/product-56.jpg\",\"mime_type\":\"image\\/jpeg\",\"size\":9730,\"modified\":\"2025-06-10 00:17:54\",\"name\":\"product-56\",\"extension\":\"jpg\"}','2025-06-09 17:17:54','2025-06-09 17:17:54'),(335,242,'ecommerce/digital-product-files/product-60.jpg','{\"filename\":\"product-60.jpg\",\"url\":\"ecommerce\\/digital-product-files\\/product-60.jpg\",\"mime_type\":\"image\\/jpeg\",\"size\":9730,\"modified\":\"2025-06-10 00:17:54\",\"name\":\"product-60\",\"extension\":\"jpg\"}','2025-06-09 17:17:54','2025-06-09 17:17:54'),(336,242,'ecommerce/digital-product-files/product-3.jpg','{\"filename\":\"product-3.jpg\",\"url\":\"ecommerce\\/digital-product-files\\/product-3.jpg\",\"mime_type\":\"image\\/jpeg\",\"size\":9730,\"modified\":\"2025-06-10 00:17:54\",\"name\":\"product-3\",\"extension\":\"jpg\"}','2025-06-09 17:17:54','2025-06-09 17:17:54'),(337,242,'ecommerce/digital-product-files/product-71.jpg','{\"filename\":\"product-71.jpg\",\"url\":\"ecommerce\\/digital-product-files\\/product-71.jpg\",\"mime_type\":\"image\\/jpeg\",\"size\":9730,\"modified\":\"2025-06-10 00:17:54\",\"name\":\"product-71\",\"extension\":\"jpg\"}','2025-06-09 17:17:54','2025-06-09 17:17:54'),(338,242,'ecommerce/digital-product-files/product-9.jpg','{\"filename\":\"product-9.jpg\",\"url\":\"ecommerce\\/digital-product-files\\/product-9.jpg\",\"mime_type\":\"image\\/jpeg\",\"size\":9730,\"modified\":\"2025-06-10 00:17:54\",\"name\":\"product-9\",\"extension\":\"jpg\"}','2025-06-09 17:17:54','2025-06-09 17:17:54'),(339,242,'ecommerce/digital-product-files/product-13.jpg','{\"filename\":\"product-13.jpg\",\"url\":\"ecommerce\\/digital-product-files\\/product-13.jpg\",\"mime_type\":\"image\\/jpeg\",\"size\":9730,\"modified\":\"2025-06-10 00:17:54\",\"name\":\"product-13\",\"extension\":\"jpg\"}','2025-06-09 17:17:54','2025-06-09 17:17:54'),(340,242,'ecommerce/digital-product-files/product-28.jpg','{\"filename\":\"product-28.jpg\",\"url\":\"ecommerce\\/digital-product-files\\/product-28.jpg\",\"mime_type\":\"image\\/jpeg\",\"size\":9730,\"modified\":\"2025-06-10 00:17:54\",\"name\":\"product-28\",\"extension\":\"jpg\"}','2025-06-09 17:17:54','2025-06-09 17:17:54'),(341,242,'ecommerce/digital-product-files/product-86.jpg','{\"filename\":\"product-86.jpg\",\"url\":\"ecommerce\\/digital-product-files\\/product-86.jpg\",\"mime_type\":\"image\\/jpeg\",\"size\":9730,\"modified\":\"2025-06-10 00:17:54\",\"name\":\"product-86\",\"extension\":\"jpg\"}','2025-06-09 17:17:54','2025-06-09 17:17:54'),(342,243,'ecommerce/digital-product-files/product-56.jpg','{\"filename\":\"product-56.jpg\",\"url\":\"ecommerce\\/digital-product-files\\/product-56.jpg\",\"mime_type\":\"image\\/jpeg\",\"size\":9730,\"modified\":\"2025-06-10 00:17:54\",\"name\":\"product-56\",\"extension\":\"jpg\"}','2025-06-09 17:17:54','2025-06-09 17:17:54'),(343,243,'ecommerce/digital-product-files/product-60.jpg','{\"filename\":\"product-60.jpg\",\"url\":\"ecommerce\\/digital-product-files\\/product-60.jpg\",\"mime_type\":\"image\\/jpeg\",\"size\":9730,\"modified\":\"2025-06-10 00:17:54\",\"name\":\"product-60\",\"extension\":\"jpg\"}','2025-06-09 17:17:54','2025-06-09 17:17:54'),(344,243,'ecommerce/digital-product-files/product-3.jpg','{\"filename\":\"product-3.jpg\",\"url\":\"ecommerce\\/digital-product-files\\/product-3.jpg\",\"mime_type\":\"image\\/jpeg\",\"size\":9730,\"modified\":\"2025-06-10 00:17:54\",\"name\":\"product-3\",\"extension\":\"jpg\"}','2025-06-09 17:17:54','2025-06-09 17:17:54'),(345,243,'ecommerce/digital-product-files/product-71.jpg','{\"filename\":\"product-71.jpg\",\"url\":\"ecommerce\\/digital-product-files\\/product-71.jpg\",\"mime_type\":\"image\\/jpeg\",\"size\":9730,\"modified\":\"2025-06-10 00:17:54\",\"name\":\"product-71\",\"extension\":\"jpg\"}','2025-06-09 17:17:54','2025-06-09 17:17:54'),(346,243,'ecommerce/digital-product-files/product-9.jpg','{\"filename\":\"product-9.jpg\",\"url\":\"ecommerce\\/digital-product-files\\/product-9.jpg\",\"mime_type\":\"image\\/jpeg\",\"size\":9730,\"modified\":\"2025-06-10 00:17:54\",\"name\":\"product-9\",\"extension\":\"jpg\"}','2025-06-09 17:17:54','2025-06-09 17:17:54'),(347,243,'ecommerce/digital-product-files/product-13.jpg','{\"filename\":\"product-13.jpg\",\"url\":\"ecommerce\\/digital-product-files\\/product-13.jpg\",\"mime_type\":\"image\\/jpeg\",\"size\":9730,\"modified\":\"2025-06-10 00:17:54\",\"name\":\"product-13\",\"extension\":\"jpg\"}','2025-06-09 17:17:54','2025-06-09 17:17:54'),(348,243,'ecommerce/digital-product-files/product-28.jpg','{\"filename\":\"product-28.jpg\",\"url\":\"ecommerce\\/digital-product-files\\/product-28.jpg\",\"mime_type\":\"image\\/jpeg\",\"size\":9730,\"modified\":\"2025-06-10 00:17:54\",\"name\":\"product-28\",\"extension\":\"jpg\"}','2025-06-09 17:17:54','2025-06-09 17:17:54'),(349,243,'ecommerce/digital-product-files/product-86.jpg','{\"filename\":\"product-86.jpg\",\"url\":\"ecommerce\\/digital-product-files\\/product-86.jpg\",\"mime_type\":\"image\\/jpeg\",\"size\":9730,\"modified\":\"2025-06-10 00:17:54\",\"name\":\"product-86\",\"extension\":\"jpg\"}','2025-06-09 17:17:54','2025-06-09 17:17:54'),(350,250,'ecommerce/digital-product-files/product-31.jpg','{\"filename\":\"product-31.jpg\",\"url\":\"ecommerce\\/digital-product-files\\/product-31.jpg\",\"mime_type\":\"image\\/jpeg\",\"size\":9730,\"modified\":\"2025-06-10 00:17:54\",\"name\":\"product-31\",\"extension\":\"jpg\"}','2025-06-09 17:17:54','2025-06-09 17:17:54'),(351,250,'ecommerce/digital-product-files/product-56.jpg','{\"filename\":\"product-56.jpg\",\"url\":\"ecommerce\\/digital-product-files\\/product-56.jpg\",\"mime_type\":\"image\\/jpeg\",\"size\":9730,\"modified\":\"2025-06-10 00:17:54\",\"name\":\"product-56\",\"extension\":\"jpg\"}','2025-06-09 17:17:54','2025-06-09 17:17:54'),(352,250,'ecommerce/digital-product-files/product-39.jpg','{\"filename\":\"product-39.jpg\",\"url\":\"ecommerce\\/digital-product-files\\/product-39.jpg\",\"mime_type\":\"image\\/jpeg\",\"size\":9730,\"modified\":\"2025-06-10 00:17:54\",\"name\":\"product-39\",\"extension\":\"jpg\"}','2025-06-09 17:17:54','2025-06-09 17:17:54'),(353,250,'ecommerce/digital-product-files/product-13.jpg','{\"filename\":\"product-13.jpg\",\"url\":\"ecommerce\\/digital-product-files\\/product-13.jpg\",\"mime_type\":\"image\\/jpeg\",\"size\":9730,\"modified\":\"2025-06-10 00:17:54\",\"name\":\"product-13\",\"extension\":\"jpg\"}','2025-06-09 17:17:54','2025-06-09 17:17:54'),(354,250,'ecommerce/digital-product-files/product-6.jpg','{\"filename\":\"product-6.jpg\",\"url\":\"ecommerce\\/digital-product-files\\/product-6.jpg\",\"mime_type\":\"image\\/jpeg\",\"size\":9730,\"modified\":\"2025-06-10 00:17:54\",\"name\":\"product-6\",\"extension\":\"jpg\"}','2025-06-09 17:17:54','2025-06-09 17:17:54'),(355,250,'ecommerce/digital-product-files/product-60.jpg','{\"filename\":\"product-60.jpg\",\"url\":\"ecommerce\\/digital-product-files\\/product-60.jpg\",\"mime_type\":\"image\\/jpeg\",\"size\":9730,\"modified\":\"2025-06-10 00:17:54\",\"name\":\"product-60\",\"extension\":\"jpg\"}','2025-06-09 17:17:54','2025-06-09 17:17:54'),(356,250,'ecommerce/digital-product-files/product-9.jpg','{\"filename\":\"product-9.jpg\",\"url\":\"ecommerce\\/digital-product-files\\/product-9.jpg\",\"mime_type\":\"image\\/jpeg\",\"size\":9730,\"modified\":\"2025-06-10 00:17:54\",\"name\":\"product-9\",\"extension\":\"jpg\"}','2025-06-09 17:17:54','2025-06-09 17:17:54'),(357,250,'ecommerce/digital-product-files/product-53.jpg','{\"filename\":\"product-53.jpg\",\"url\":\"ecommerce\\/digital-product-files\\/product-53.jpg\",\"mime_type\":\"image\\/jpeg\",\"size\":9730,\"modified\":\"2025-06-10 00:17:54\",\"name\":\"product-53\",\"extension\":\"jpg\"}','2025-06-09 17:17:54','2025-06-09 17:17:54'),(358,250,'ecommerce/digital-product-files/product-35.jpg','{\"filename\":\"product-35.jpg\",\"url\":\"ecommerce\\/digital-product-files\\/product-35.jpg\",\"mime_type\":\"image\\/jpeg\",\"size\":9730,\"modified\":\"2025-06-10 00:17:54\",\"name\":\"product-35\",\"extension\":\"jpg\"}','2025-06-09 17:17:54','2025-06-09 17:17:54'),(359,250,'ecommerce/digital-product-files/product-47.jpg','{\"filename\":\"product-47.jpg\",\"url\":\"ecommerce\\/digital-product-files\\/product-47.jpg\",\"mime_type\":\"image\\/jpeg\",\"size\":9730,\"modified\":\"2025-06-10 00:17:54\",\"name\":\"product-47\",\"extension\":\"jpg\"}','2025-06-09 17:17:54','2025-06-09 17:17:54'),(360,250,'ecommerce/digital-product-files/product-81.jpg','{\"filename\":\"product-81.jpg\",\"url\":\"ecommerce\\/digital-product-files\\/product-81.jpg\",\"mime_type\":\"image\\/jpeg\",\"size\":9730,\"modified\":\"2025-06-10 00:17:54\",\"name\":\"product-81\",\"extension\":\"jpg\"}','2025-06-09 17:17:54','2025-06-09 17:17:54'),(361,251,'ecommerce/digital-product-files/product-31.jpg','{\"filename\":\"product-31.jpg\",\"url\":\"ecommerce\\/digital-product-files\\/product-31.jpg\",\"mime_type\":\"image\\/jpeg\",\"size\":9730,\"modified\":\"2025-06-10 00:17:54\",\"name\":\"product-31\",\"extension\":\"jpg\"}','2025-06-09 17:17:54','2025-06-09 17:17:54'),(362,251,'ecommerce/digital-product-files/product-56.jpg','{\"filename\":\"product-56.jpg\",\"url\":\"ecommerce\\/digital-product-files\\/product-56.jpg\",\"mime_type\":\"image\\/jpeg\",\"size\":9730,\"modified\":\"2025-06-10 00:17:54\",\"name\":\"product-56\",\"extension\":\"jpg\"}','2025-06-09 17:17:54','2025-06-09 17:17:54'),(363,251,'ecommerce/digital-product-files/product-39.jpg','{\"filename\":\"product-39.jpg\",\"url\":\"ecommerce\\/digital-product-files\\/product-39.jpg\",\"mime_type\":\"image\\/jpeg\",\"size\":9730,\"modified\":\"2025-06-10 00:17:54\",\"name\":\"product-39\",\"extension\":\"jpg\"}','2025-06-09 17:17:54','2025-06-09 17:17:54'),(364,251,'ecommerce/digital-product-files/product-13.jpg','{\"filename\":\"product-13.jpg\",\"url\":\"ecommerce\\/digital-product-files\\/product-13.jpg\",\"mime_type\":\"image\\/jpeg\",\"size\":9730,\"modified\":\"2025-06-10 00:17:54\",\"name\":\"product-13\",\"extension\":\"jpg\"}','2025-06-09 17:17:54','2025-06-09 17:17:54'),(365,251,'ecommerce/digital-product-files/product-6.jpg','{\"filename\":\"product-6.jpg\",\"url\":\"ecommerce\\/digital-product-files\\/product-6.jpg\",\"mime_type\":\"image\\/jpeg\",\"size\":9730,\"modified\":\"2025-06-10 00:17:54\",\"name\":\"product-6\",\"extension\":\"jpg\"}','2025-06-09 17:17:54','2025-06-09 17:17:54'),(366,251,'ecommerce/digital-product-files/product-60.jpg','{\"filename\":\"product-60.jpg\",\"url\":\"ecommerce\\/digital-product-files\\/product-60.jpg\",\"mime_type\":\"image\\/jpeg\",\"size\":9730,\"modified\":\"2025-06-10 00:17:54\",\"name\":\"product-60\",\"extension\":\"jpg\"}','2025-06-09 17:17:54','2025-06-09 17:17:54'),(367,251,'ecommerce/digital-product-files/product-9.jpg','{\"filename\":\"product-9.jpg\",\"url\":\"ecommerce\\/digital-product-files\\/product-9.jpg\",\"mime_type\":\"image\\/jpeg\",\"size\":9730,\"modified\":\"2025-06-10 00:17:54\",\"name\":\"product-9\",\"extension\":\"jpg\"}','2025-06-09 17:17:54','2025-06-09 17:17:54'),(368,251,'ecommerce/digital-product-files/product-53.jpg','{\"filename\":\"product-53.jpg\",\"url\":\"ecommerce\\/digital-product-files\\/product-53.jpg\",\"mime_type\":\"image\\/jpeg\",\"size\":9730,\"modified\":\"2025-06-10 00:17:54\",\"name\":\"product-53\",\"extension\":\"jpg\"}','2025-06-09 17:17:54','2025-06-09 17:17:54'),(369,251,'ecommerce/digital-product-files/product-35.jpg','{\"filename\":\"product-35.jpg\",\"url\":\"ecommerce\\/digital-product-files\\/product-35.jpg\",\"mime_type\":\"image\\/jpeg\",\"size\":9730,\"modified\":\"2025-06-10 00:17:54\",\"name\":\"product-35\",\"extension\":\"jpg\"}','2025-06-09 17:17:54','2025-06-09 17:17:54'),(370,251,'ecommerce/digital-product-files/product-47.jpg','{\"filename\":\"product-47.jpg\",\"url\":\"ecommerce\\/digital-product-files\\/product-47.jpg\",\"mime_type\":\"image\\/jpeg\",\"size\":9730,\"modified\":\"2025-06-10 00:17:54\",\"name\":\"product-47\",\"extension\":\"jpg\"}','2025-06-09 17:17:54','2025-06-09 17:17:54'),(371,251,'ecommerce/digital-product-files/product-81.jpg','{\"filename\":\"product-81.jpg\",\"url\":\"ecommerce\\/digital-product-files\\/product-81.jpg\",\"mime_type\":\"image\\/jpeg\",\"size\":9730,\"modified\":\"2025-06-10 00:17:54\",\"name\":\"product-81\",\"extension\":\"jpg\"}','2025-06-09 17:17:54','2025-06-09 17:17:54');
/*!40000 ALTER TABLE `ec_product_files` ENABLE KEYS */;
UNLOCK TABLES;

--
-- Table structure for table `ec_product_label_products`
--

DROP TABLE IF EXISTS `ec_product_label_products`;
/*!40101 SET @saved_cs_client     = @@character_set_client */;
/*!50503 SET character_set_client = utf8mb4 */;
CREATE TABLE `ec_product_label_products` (
  `product_label_id` bigint unsigned NOT NULL,
  `product_id` bigint unsigned NOT NULL,
  PRIMARY KEY (`product_label_id`,`product_id`),
  KEY `ec_product_label_products_product_label_id_index` (`product_label_id`),
  KEY `ec_product_label_products_product_id_index` (`product_id`)
) ENGINE=InnoDB DEFAULT CHARSET=utf8mb4 COLLATE=utf8mb4_unicode_ci;
/*!40101 SET character_set_client = @saved_cs_client */;

--
-- Dumping data for table `ec_product_label_products`
--

LOCK TABLES `ec_product_label_products` WRITE;
/*!40000 ALTER TABLE `ec_product_label_products` DISABLE KEYS */;
INSERT INTO `ec_product_label_products` VALUES (1,28),(1,49),(1,56),(1,63),(2,7),(2,14),(2,35),(3,21),(3,42),(3,70);
/*!40000 ALTER TABLE `ec_product_label_products` ENABLE KEYS */;
UNLOCK TABLES;

--
-- Table structure for table `ec_product_labels`
--

DROP TABLE IF EXISTS `ec_product_labels`;
/*!40101 SET @saved_cs_client     = @@character_set_client */;
/*!50503 SET character_set_client = utf8mb4 */;
CREATE TABLE `ec_product_labels` (
  `id` bigint unsigned NOT NULL AUTO_INCREMENT,
  `name` varchar(191) COLLATE utf8mb4_unicode_ci NOT NULL,
  `color` varchar(120) COLLATE utf8mb4_unicode_ci DEFAULT NULL,
  `status` varchar(60) COLLATE utf8mb4_unicode_ci NOT NULL DEFAULT 'published',
  `created_at` timestamp NULL DEFAULT NULL,
  `updated_at` timestamp NULL DEFAULT NULL,
  `text_color` varchar(120) COLLATE utf8mb4_unicode_ci DEFAULT NULL,
  PRIMARY KEY (`id`)
) ENGINE=InnoDB AUTO_INCREMENT=4 DEFAULT CHARSET=utf8mb4 COLLATE=utf8mb4_unicode_ci;
/*!40101 SET character_set_client = @saved_cs_client */;

--
-- Dumping data for table `ec_product_labels`
--

LOCK TABLES `ec_product_labels` WRITE;
/*!40000 ALTER TABLE `ec_product_labels` DISABLE KEYS */;
INSERT INTO `ec_product_labels` VALUES (1,'Hot','#d71e2d','published','2025-06-09 17:17:44','2025-06-09 17:17:44',NULL),(2,'New','#02856e','published','2025-06-09 17:17:44','2025-06-09 17:17:44',NULL),(3,'Sale','#fe9931','published','2025-06-09 17:17:44','2025-06-09 17:17:44',NULL);
/*!40000 ALTER TABLE `ec_product_labels` ENABLE KEYS */;
UNLOCK TABLES;

--
-- Table structure for table `ec_product_labels_translations`
--

DROP TABLE IF EXISTS `ec_product_labels_translations`;
/*!40101 SET @saved_cs_client     = @@character_set_client */;
/*!50503 SET character_set_client = utf8mb4 */;
CREATE TABLE `ec_product_labels_translations` (
  `lang_code` varchar(191) COLLATE utf8mb4_unicode_ci NOT NULL,
  `ec_product_labels_id` bigint unsigned NOT NULL,
  `name` varchar(191) COLLATE utf8mb4_unicode_ci DEFAULT NULL,
  `description` varchar(400) COLLATE utf8mb4_unicode_ci DEFAULT NULL,
  PRIMARY KEY (`lang_code`,`ec_product_labels_id`)
) ENGINE=InnoDB DEFAULT CHARSET=utf8mb4 COLLATE=utf8mb4_unicode_ci;
/*!40101 SET character_set_client = @saved_cs_client */;

--
-- Dumping data for table `ec_product_labels_translations`
--

LOCK TABLES `ec_product_labels_translations` WRITE;
/*!40000 ALTER TABLE `ec_product_labels_translations` DISABLE KEYS */;
/*!40000 ALTER TABLE `ec_product_labels_translations` ENABLE KEYS */;
UNLOCK TABLES;

--
-- Table structure for table `ec_product_related_relations`
--

DROP TABLE IF EXISTS `ec_product_related_relations`;
/*!40101 SET @saved_cs_client     = @@character_set_client */;
/*!50503 SET character_set_client = utf8mb4 */;
CREATE TABLE `ec_product_related_relations` (
  `from_product_id` bigint unsigned NOT NULL,
  `to_product_id` bigint unsigned NOT NULL,
  PRIMARY KEY (`from_product_id`,`to_product_id`),
  KEY `ec_product_related_relations_from_product_id_index` (`from_product_id`),
  KEY `ec_product_related_relations_to_product_id_index` (`to_product_id`)
) ENGINE=InnoDB DEFAULT CHARSET=utf8mb4 COLLATE=utf8mb4_unicode_ci;
/*!40101 SET character_set_client = @saved_cs_client */;

--
-- Dumping data for table `ec_product_related_relations`
--

LOCK TABLES `ec_product_related_relations` WRITE;
/*!40000 ALTER TABLE `ec_product_related_relations` DISABLE KEYS */;
/*!40000 ALTER TABLE `ec_product_related_relations` ENABLE KEYS */;
UNLOCK TABLES;

--
-- Table structure for table `ec_product_specification_attribute`
--

DROP TABLE IF EXISTS `ec_product_specification_attribute`;
/*!40101 SET @saved_cs_client     = @@character_set_client */;
/*!50503 SET character_set_client = utf8mb4 */;
CREATE TABLE `ec_product_specification_attribute` (
  `product_id` bigint unsigned NOT NULL,
  `attribute_id` bigint unsigned NOT NULL,
  `value` text COLLATE utf8mb4_unicode_ci,
  `hidden` tinyint(1) NOT NULL DEFAULT '0',
  `order` tinyint NOT NULL DEFAULT '0',
  PRIMARY KEY (`product_id`,`attribute_id`)
) ENGINE=InnoDB DEFAULT CHARSET=utf8mb4 COLLATE=utf8mb4_unicode_ci;
/*!40101 SET character_set_client = @saved_cs_client */;

--
-- Dumping data for table `ec_product_specification_attribute`
--

LOCK TABLES `ec_product_specification_attribute` WRITE;
/*!40000 ALTER TABLE `ec_product_specification_attribute` DISABLE KEYS */;
INSERT INTO `ec_product_specification_attribute` VALUES (1,1,'7.22 cm',0,0),(1,2,'15.21 cm',0,0),(1,3,'47.5 cm',0,0),(1,4,'91.15 cm',0,0),(1,5,'85.57 cm',0,0),(2,6,'90.96 cm',0,0),(2,7,'69.37 cm',0,0),(2,8,'2560x1440',0,0),(3,1,'16.92 cm',0,0),(3,2,'3.95 cm',0,0),(3,3,'2.99 cm',0,0),(3,4,'96.78 cm',0,0),(3,5,'39.84 cm',0,0),(4,1,'95.91 cm',0,0),(4,2,'50.24 cm',0,0),(4,3,'84.51 cm',0,0),(4,4,'63.54 cm',0,0),(4,5,'4.84 cm',0,0),(5,1,'4.18 cm',0,0),(5,2,'52.05 cm',0,0),(5,3,'41.72 cm',0,0),(5,4,'30.85 cm',0,0),(5,5,'3.44 cm',0,0),(6,1,'72.46 cm',0,0),(6,2,'47.25 cm',0,0),(6,3,'28.93 cm',0,0),(6,4,'46.02 cm',0,0),(6,5,'19.96 cm',0,0),(7,6,'59.31 cm',0,0),(7,7,'26.26 cm',0,0),(7,8,'2560x1440',0,0),(8,6,'82.41 cm',0,0),(8,7,'93.84 cm',0,0),(8,8,'2560x1440',0,0),(9,6,'87.39 cm',0,0),(9,7,'66.21 cm',0,0),(9,8,'3840x2160',0,0),(10,6,'20.01 cm',0,0),(10,7,'89.99 cm',0,0),(10,8,'1920x1080',0,0),(11,1,'57.54 cm',0,0),(11,2,'2.52 cm',0,0),(11,3,'14.68 cm',0,0),(11,4,'66.75 cm',0,0),(11,5,'88.95 cm',0,0),(12,1,'65.96 cm',0,0),(12,2,'82.92 cm',0,0),(12,3,'46.21 cm',0,0),(12,4,'10.1 cm',0,0),(12,5,'13.29 cm',0,0),(13,1,'12.96 cm',0,0),(13,2,'91.07 cm',0,0),(13,3,'31.38 cm',0,0),(13,4,'3.36 cm',0,0),(13,5,'99.68 cm',0,0),(14,1,'71.05 cm',0,0),(14,2,'34.64 cm',0,0),(14,3,'8.56 cm',0,0),(14,4,'34.88 cm',0,0),(14,5,'60.79 cm',0,0),(15,6,'2.19 cm',0,0),(15,7,'21.3 cm',0,0),(15,8,'2560x1440',0,0),(16,1,'48.63 cm',0,0),(16,2,'70.91 cm',0,0),(16,3,'74.89 cm',0,0),(16,4,'57.53 cm',0,0),(16,5,'62.6 cm',0,0),(17,1,'44.36 cm',0,0),(17,2,'82.14 cm',0,0),(17,3,'84.83 cm',0,0),(17,4,'78.9 cm',0,0),(17,5,'99.91 cm',0,0),(18,6,'5.89 cm',0,0),(18,7,'76.19 cm',0,0),(18,8,'1920x1080',0,0),(19,1,'77.46 cm',0,0),(19,2,'98 cm',0,0),(19,3,'73.39 cm',0,0),(19,4,'59.84 cm',0,0),(19,5,'98.81 cm',0,0),(20,6,'65.4 cm',0,0),(20,7,'65.5 cm',0,0),(20,8,'2560x1440',0,0),(21,6,'29.52 cm',0,0),(21,7,'35.05 cm',0,0),(21,8,'3840x2160',0,0),(22,1,'85.22 cm',0,0),(22,2,'41.32 cm',0,0),(22,3,'16.39 cm',0,0),(22,4,'42.63 cm',0,0),(22,5,'38.85 cm',0,0),(23,1,'1.21 cm',0,0),(23,2,'79.96 cm',0,0),(23,3,'61.3 cm',0,0),(23,4,'81.61 cm',0,0),(23,5,'13.48 cm',0,0),(24,1,'3.6 cm',0,0),(24,2,'77.96 cm',0,0),(24,3,'28.9 cm',0,0),(24,4,'68.36 cm',0,0),(24,5,'23.76 cm',0,0),(25,6,'93.8 cm',0,0),(25,7,'96.8 cm',0,0),(25,8,'2560x1440',0,0),(26,1,'66.3 cm',0,0),(26,2,'67.23 cm',0,0),(26,3,'55.27 cm',0,0),(26,4,'70.73 cm',0,0),(26,5,'80.21 cm',0,0),(27,1,'89.39 cm',0,0),(27,2,'8.48 cm',0,0),(27,3,'43.14 cm',0,0),(27,4,'70.88 cm',0,0),(27,5,'2.18 cm',0,0),(28,6,'69.97 cm',0,0),(28,7,'92.18 cm',0,0),(28,8,'1920x1080',0,0),(29,6,'20 cm',0,0),(29,7,'21.76 cm',0,0),(29,8,'3840x2160',0,0),(30,6,'78.95 cm',0,0),(30,7,'35.77 cm',0,0),(30,8,'3840x2160',0,0),(31,1,'92.56 cm',0,0),(31,2,'99.19 cm',0,0),(31,3,'35.24 cm',0,0),(31,4,'95.47 cm',0,0),(31,5,'6.11 cm',0,0),(32,1,'61.63 cm',0,0),(32,2,'97.27 cm',0,0),(32,3,'87.11 cm',0,0),(32,4,'13.55 cm',0,0),(32,5,'56.36 cm',0,0),(33,6,'52.85 cm',0,0),(33,7,'86.06 cm',0,0),(33,8,'1920x1080',0,0),(34,6,'25.76 cm',0,0),(34,7,'68.36 cm',0,0),(34,8,'2560x1440',0,0),(35,1,'4.66 cm',0,0),(35,2,'48.59 cm',0,0),(35,3,'95.26 cm',0,0),(35,4,'45.55 cm',0,0),(35,5,'42.36 cm',0,0),(36,1,'35.96 cm',0,0),(36,2,'29.44 cm',0,0),(36,3,'32.36 cm',0,0),(36,4,'5.65 cm',0,0),(36,5,'20.7 cm',0,0),(37,1,'40.87 cm',0,0),(37,2,'70.18 cm',0,0),(37,3,'29.32 cm',0,0),(37,4,'11.91 cm',0,0),(37,5,'18.85 cm',0,0),(38,6,'55.21 cm',0,0),(38,7,'73.32 cm',0,0),(38,8,'3840x2160',0,0),(39,1,'57.1 cm',0,0),(39,2,'80.44 cm',0,0),(39,3,'54.22 cm',0,0),(39,4,'46.26 cm',0,0),(39,5,'4.73 cm',0,0),(40,1,'80.98 cm',0,0),(40,2,'56.81 cm',0,0),(40,3,'82.19 cm',0,0),(40,4,'85.83 cm',0,0),(40,5,'64.62 cm',0,0),(41,1,'61.7 cm',0,0),(41,2,'2.94 cm',0,0),(41,3,'13.49 cm',0,0),(41,4,'35.92 cm',0,0),(41,5,'80.77 cm',0,0),(42,6,'88.42 cm',0,0),(42,7,'81.3 cm',0,0),(42,8,'1920x1080',0,0),(43,6,'94.7 cm',0,0),(43,7,'83.32 cm',0,0),(43,8,'3840x2160',0,0),(44,1,'90.53 cm',0,0),(44,2,'15.72 cm',0,0),(44,3,'49.14 cm',0,0),(44,4,'81.91 cm',0,0),(44,5,'37.97 cm',0,0),(45,1,'30.9 cm',0,0),(45,2,'43.97 cm',0,0),(45,3,'88.24 cm',0,0),(45,4,'75.44 cm',0,0),(45,5,'7.75 cm',0,0),(46,6,'89.41 cm',0,0),(46,7,'4.39 cm',0,0),(46,8,'1920x1080',0,0),(47,1,'38.77 cm',0,0),(47,2,'30.62 cm',0,0),(47,3,'32.72 cm',0,0),(47,4,'77.02 cm',0,0),(47,5,'42.47 cm',0,0),(48,6,'48.49 cm',0,0),(48,7,'76.78 cm',0,0),(48,8,'1920x1080',0,0),(49,6,'29.5 cm',0,0),(49,7,'32.63 cm',0,0),(49,8,'2560x1440',0,0),(50,1,'93.17 cm',0,0),(50,2,'93.99 cm',0,0),(50,3,'93.7 cm',0,0),(50,4,'26.8 cm',0,0),(50,5,'83.54 cm',0,0),(51,1,'33.05 cm',0,0),(51,2,'28 cm',0,0),(51,3,'66.47 cm',0,0),(51,4,'75.88 cm',0,0),(51,5,'9.32 cm',0,0),(52,6,'35.43 cm',0,0),(52,7,'21.17 cm',0,0),(52,8,'3840x2160',0,0),(53,1,'3.86 cm',0,0),(53,2,'66.31 cm',0,0),(53,3,'83.95 cm',0,0),(53,4,'61.71 cm',0,0),(53,5,'36.16 cm',0,0),(54,1,'61.8 cm',0,0),(54,2,'37.38 cm',0,0),(54,3,'63.15 cm',0,0),(54,4,'86.63 cm',0,0),(54,5,'20.38 cm',0,0),(55,1,'23.09 cm',0,0),(55,2,'44.09 cm',0,0),(55,3,'32.4 cm',0,0),(55,4,'20.61 cm',0,0),(55,5,'26.25 cm',0,0),(56,1,'33.02 cm',0,0),(56,2,'65.74 cm',0,0),(56,3,'19.51 cm',0,0),(56,4,'46.98 cm',0,0),(56,5,'27.93 cm',0,0),(57,1,'34.4 cm',0,0),(57,2,'8.27 cm',0,0),(57,3,'21.58 cm',0,0),(57,4,'66.22 cm',0,0),(57,5,'12.79 cm',0,0),(58,6,'49.15 cm',0,0),(58,7,'65.1 cm',0,0),(58,8,'2560x1440',0,0),(59,6,'36.21 cm',0,0),(59,7,'86.56 cm',0,0),(59,8,'2560x1440',0,0),(60,1,'52.84 cm',0,0),(60,2,'38.97 cm',0,0),(60,3,'8.05 cm',0,0),(60,4,'56.55 cm',0,0),(60,5,'24.21 cm',0,0),(61,1,'38.24 cm',0,0),(61,2,'53.54 cm',0,0),(61,3,'91.91 cm',0,0),(61,4,'21.7 cm',0,0),(61,5,'38.26 cm',0,0),(62,6,'78.06 cm',0,0),(62,7,'47.77 cm',0,0),(62,8,'1920x1080',0,0),(63,6,'18.04 cm',0,0),(63,7,'75.62 cm',0,0),(63,8,'3840x2160',0,0),(64,1,'67.18 cm',0,0),(64,2,'74.27 cm',0,0),(64,3,'29.96 cm',0,0),(64,4,'24.38 cm',0,0),(64,5,'21.62 cm',0,0),(65,1,'57.47 cm',0,0),(65,2,'51.16 cm',0,0),(65,3,'30.56 cm',0,0),(65,4,'63.48 cm',0,0),(65,5,'69.83 cm',0,0),(66,1,'25.66 cm',0,0),(66,2,'49.01 cm',0,0),(66,3,'82.88 cm',0,0),(66,4,'85.4 cm',0,0),(66,5,'51.64 cm',0,0),(67,1,'53.58 cm',0,0),(67,2,'18.85 cm',0,0),(67,3,'13.43 cm',0,0),(67,4,'79.46 cm',0,0),(67,5,'77.39 cm',0,0),(68,6,'83.72 cm',0,0),(68,7,'16.83 cm',0,0),(68,8,'1920x1080',0,0),(69,1,'77.15 cm',0,0),(69,2,'59.94 cm',0,0),(69,3,'98.56 cm',0,0),(69,4,'40.77 cm',0,0),(69,5,'10.99 cm',0,0),(70,1,'92.41 cm',0,0),(70,2,'35.02 cm',0,0),(70,3,'45.97 cm',0,0),(70,4,'7.01 cm',0,0),(70,5,'76.62 cm',0,0),(71,6,'79.6 cm',0,0),(71,7,'64.3 cm',0,0),(71,8,'3840x2160',0,0),(72,6,'27.5 cm',0,0),(72,7,'72.61 cm',0,0),(72,8,'3840x2160',0,0),(73,1,'88.91 cm',0,0),(73,2,'19.51 cm',0,0),(73,3,'20.91 cm',0,0),(73,4,'27.95 cm',0,0),(73,5,'74.15 cm',0,0),(74,6,'33.79 cm',0,0),(74,7,'11.43 cm',0,0),(74,8,'1920x1080',0,0),(75,1,'57.03 cm',0,0),(75,2,'27.18 cm',0,0),(75,3,'62.44 cm',0,0),(75,4,'24.26 cm',0,0),(75,5,'96.32 cm',0,0);
/*!40000 ALTER TABLE `ec_product_specification_attribute` ENABLE KEYS */;
UNLOCK TABLES;

--
-- Table structure for table `ec_product_tag_product`
--

DROP TABLE IF EXISTS `ec_product_tag_product`;
/*!40101 SET @saved_cs_client     = @@character_set_client */;
/*!50503 SET character_set_client = utf8mb4 */;
CREATE TABLE `ec_product_tag_product` (
  `product_id` bigint unsigned NOT NULL,
  `tag_id` bigint unsigned NOT NULL,
  PRIMARY KEY (`product_id`,`tag_id`),
  KEY `ec_product_tag_product_product_id_index` (`product_id`),
  KEY `ec_product_tag_product_tag_id_index` (`tag_id`)
) ENGINE=InnoDB DEFAULT CHARSET=utf8mb4 COLLATE=utf8mb4_unicode_ci;
/*!40101 SET character_set_client = @saved_cs_client */;

--
-- Dumping data for table `ec_product_tag_product`
--

LOCK TABLES `ec_product_tag_product` WRITE;
/*!40000 ALTER TABLE `ec_product_tag_product` DISABLE KEYS */;
INSERT INTO `ec_product_tag_product` VALUES (1,5),(1,6),(2,2),(2,4),(3,2),(3,6),(4,2),(4,3),(4,5),(5,1),(5,2),(5,5),(6,2),(6,3),(7,2),(7,5),(8,1),(8,5),(9,1),(9,2),(10,4),(10,5),(11,2),(11,3),(11,5),(12,2),(13,1),(13,3),(13,6),(14,4),(14,5),(14,6),(15,4),(15,5),(15,6),(16,1),(16,4),(16,5),(17,1),(17,3),(17,6),(18,1),(18,2),(18,3),(19,1),(19,2),(19,4),(20,3),(20,5),(20,6),(21,1),(21,3),(22,1),(22,4),(22,6),(23,1),(23,2),(23,5),(24,4),(24,6),(25,3),(25,5),(26,2),(26,5),(27,1),(27,3),(27,6),(28,3),(28,4),(28,6),(29,1),(30,1),(30,4),(31,3),(31,4),(32,3),(32,5),(32,6),(33,2),(33,3),(33,5),(34,1),(34,3),(34,5),(35,1),(35,5),(36,3),(36,4),(37,1),(37,3),(37,5),(38,3),(38,4),(38,5),(39,2),(39,6),(40,1),(40,2),(41,1),(41,5),(42,3),(42,6),(43,3),(43,4),(43,5),(44,1),(44,4),(45,2),(45,3),(45,4),(46,3),(46,5),(46,6),(47,4),(47,5),(47,6),(48,1),(48,4),(48,6),(49,2),(49,3),(49,6),(50,3),(50,4),(50,6),(51,1),(51,3),(51,6),(52,1),(52,3),(52,6),(53,2),(53,4),(53,5),(54,1),(54,4),(54,6),(55,2),(55,3),(55,4),(56,2),(56,5),(57,2),(57,3),(58,1),(58,2),(59,1),(59,2),(59,4),(60,1),(60,2),(60,3),(61,5),(61,6),(62,4),(62,6),(63,1),(63,4),(64,2),(64,3),(64,4),(65,2),(65,4),(66,1),(66,4),(66,5),(67,1),(67,4),(67,6),(68,4),(68,5),(68,6),(69,2),(69,4),(70,1),(70,4),(70,5),(71,1),(71,3),(71,6),(72,5),(72,6),(73,5),(73,6),(74,1),(74,2),(75,2),(75,3),(75,4);
/*!40000 ALTER TABLE `ec_product_tag_product` ENABLE KEYS */;
UNLOCK TABLES;

--
-- Table structure for table `ec_product_tags`
--

DROP TABLE IF EXISTS `ec_product_tags`;
/*!40101 SET @saved_cs_client     = @@character_set_client */;
/*!50503 SET character_set_client = utf8mb4 */;
CREATE TABLE `ec_product_tags` (
  `id` bigint unsigned NOT NULL AUTO_INCREMENT,
  `name` varchar(120) COLLATE utf8mb4_unicode_ci NOT NULL,
  `description` varchar(400) COLLATE utf8mb4_unicode_ci DEFAULT NULL,
  `status` varchar(60) COLLATE utf8mb4_unicode_ci NOT NULL DEFAULT 'published',
  `created_at` timestamp NULL DEFAULT NULL,
  `updated_at` timestamp NULL DEFAULT NULL,
  PRIMARY KEY (`id`)
) ENGINE=InnoDB AUTO_INCREMENT=7 DEFAULT CHARSET=utf8mb4 COLLATE=utf8mb4_unicode_ci;
/*!40101 SET character_set_client = @saved_cs_client */;

--
-- Dumping data for table `ec_product_tags`
--

LOCK TABLES `ec_product_tags` WRITE;
/*!40000 ALTER TABLE `ec_product_tags` DISABLE KEYS */;
INSERT INTO `ec_product_tags` VALUES (1,'Electronic',NULL,'published','2025-06-09 17:17:44','2025-06-09 17:17:44'),(2,'Mobile',NULL,'published','2025-06-09 17:17:44','2025-06-09 17:17:44'),(3,'Iphone',NULL,'published','2025-06-09 17:17:44','2025-06-09 17:17:44'),(4,'Printer',NULL,'published','2025-06-09 17:17:44','2025-06-09 17:17:44'),(5,'Office',NULL,'published','2025-06-09 17:17:44','2025-06-09 17:17:44'),(6,'IT',NULL,'published','2025-06-09 17:17:44','2025-06-09 17:17:44');
/*!40000 ALTER TABLE `ec_product_tags` ENABLE KEYS */;
UNLOCK TABLES;

--
-- Table structure for table `ec_product_tags_translations`
--

DROP TABLE IF EXISTS `ec_product_tags_translations`;
/*!40101 SET @saved_cs_client     = @@character_set_client */;
/*!50503 SET character_set_client = utf8mb4 */;
CREATE TABLE `ec_product_tags_translations` (
  `lang_code` varchar(191) COLLATE utf8mb4_unicode_ci NOT NULL,
  `ec_product_tags_id` bigint unsigned NOT NULL,
  `name` varchar(191) COLLATE utf8mb4_unicode_ci DEFAULT NULL,
  PRIMARY KEY (`lang_code`,`ec_product_tags_id`)
) ENGINE=InnoDB DEFAULT CHARSET=utf8mb4 COLLATE=utf8mb4_unicode_ci;
/*!40101 SET character_set_client = @saved_cs_client */;

--
-- Dumping data for table `ec_product_tags_translations`
--

LOCK TABLES `ec_product_tags_translations` WRITE;
/*!40000 ALTER TABLE `ec_product_tags_translations` DISABLE KEYS */;
/*!40000 ALTER TABLE `ec_product_tags_translations` ENABLE KEYS */;
UNLOCK TABLES;

--
-- Table structure for table `ec_product_up_sale_relations`
--

DROP TABLE IF EXISTS `ec_product_up_sale_relations`;
/*!40101 SET @saved_cs_client     = @@character_set_client */;
/*!50503 SET character_set_client = utf8mb4 */;
CREATE TABLE `ec_product_up_sale_relations` (
  `from_product_id` bigint unsigned NOT NULL,
  `to_product_id` bigint unsigned NOT NULL,
  PRIMARY KEY (`from_product_id`,`to_product_id`),
  KEY `ec_product_up_sale_relations_from_product_id_index` (`from_product_id`),
  KEY `ec_product_up_sale_relations_to_product_id_index` (`to_product_id`)
) ENGINE=InnoDB DEFAULT CHARSET=utf8mb4 COLLATE=utf8mb4_unicode_ci;
/*!40101 SET character_set_client = @saved_cs_client */;

--
-- Dumping data for table `ec_product_up_sale_relations`
--

LOCK TABLES `ec_product_up_sale_relations` WRITE;
/*!40000 ALTER TABLE `ec_product_up_sale_relations` DISABLE KEYS */;
/*!40000 ALTER TABLE `ec_product_up_sale_relations` ENABLE KEYS */;
UNLOCK TABLES;

--
-- Table structure for table `ec_product_variation_items`
--

DROP TABLE IF EXISTS `ec_product_variation_items`;
/*!40101 SET @saved_cs_client     = @@character_set_client */;
/*!50503 SET character_set_client = utf8mb4 */;
CREATE TABLE `ec_product_variation_items` (
  `id` bigint unsigned NOT NULL AUTO_INCREMENT,
  `attribute_id` bigint unsigned NOT NULL,
  `variation_id` bigint unsigned NOT NULL,
  PRIMARY KEY (`id`),
  UNIQUE KEY `ec_product_variation_items_attribute_id_variation_id_unique` (`attribute_id`,`variation_id`),
  KEY `attribute_variation_index` (`attribute_id`,`variation_id`)
) ENGINE=InnoDB AUTO_INCREMENT=363 DEFAULT CHARSET=utf8mb4 COLLATE=utf8mb4_unicode_ci;
/*!40101 SET character_set_client = @saved_cs_client */;

--
-- Dumping data for table `ec_product_variation_items`
--

LOCK TABLES `ec_product_variation_items` WRITE;
/*!40000 ALTER TABLE `ec_product_variation_items` DISABLE KEYS */;
INSERT INTO `ec_product_variation_items` VALUES (1,1,1),(5,1,3),(27,1,14),(33,1,17),(43,1,22),(53,1,27),(59,1,30),(63,1,32),(67,1,34),(71,1,36),(75,1,38),(81,1,41),(83,1,42),(89,1,45),(101,1,51),(109,1,55),(125,1,63),(133,1,67),(137,1,69),(145,1,73),(147,1,74),(151,1,76),(155,1,78),(157,1,79),(159,1,80),(169,1,85),(179,1,90),(189,1,95),(207,1,104),(209,1,105),(215,1,108),(223,1,112),(229,1,115),(233,1,117),(239,1,120),(243,1,122),(251,1,126),(253,1,127),(255,1,128),(269,1,135),(287,1,144),(301,1,151),(303,1,152),(305,1,153),(317,1,159),(321,1,161),(329,1,165),(331,1,166),(355,1,178),(357,1,179),(3,2,2),(7,2,4),(11,2,6),(17,2,9),(29,2,15),(35,2,18),(41,2,21),(45,2,23),(55,2,28),(61,2,31),(69,2,35),(87,2,44),(95,2,48),(111,2,56),(117,2,59),(123,2,62),(127,2,64),(153,2,77),(197,2,99),(199,2,100),(213,2,107),(221,2,111),(237,2,119),(263,2,132),(267,2,134),(277,2,139),(291,2,146),(293,2,147),(295,2,148),(311,2,156),(315,2,158),(325,2,163),(327,2,164),(333,2,167),(337,2,169),(345,2,173),(25,3,13),(65,3,33),(97,3,49),(129,3,65),(131,3,66),(139,3,70),(167,3,84),(171,3,86),(173,3,87),(181,3,91),(187,3,94),(193,3,97),(195,3,98),(201,3,101),(205,3,103),(227,3,114),(231,3,116),(245,3,123),(249,3,125),(265,3,133),(273,3,137),(281,3,141),(283,3,142),(319,3,160),(343,3,172),(9,4,5),(13,4,7),(15,4,8),(21,4,11),(23,4,12),(39,4,20),(47,4,24),(49,4,25),(77,4,39),(79,4,40),(105,4,53),(113,4,57),(115,4,58),(119,4,60),(121,4,61),(135,4,68),(141,4,71),(149,4,75),(165,4,83),(177,4,89),(183,4,92),(211,4,106),(217,4,109),(219,4,110),(225,4,113),(241,4,121),(257,4,129),(271,4,136),(289,4,145),(297,4,149),(313,4,157),(339,4,170),(347,4,174),(349,4,175),(353,4,177),(361,4,181),(19,5,10),(31,5,16),(37,5,19),(51,5,26),(57,5,29),(73,5,37),(85,5,43),(91,5,46),(93,5,47),(99,5,50),(103,5,52),(107,5,54),(143,5,72),(161,5,81),(163,5,82),(175,5,88),(185,5,93),(191,5,96),(203,5,102),(235,5,118),(247,5,124),(259,5,130),(261,5,131),(275,5,138),(279,5,140),(285,5,143),(299,5,150),(307,5,154),(309,5,155),(323,5,162),(335,5,168),(341,5,171),(351,5,176),(359,5,180),(18,6,9),(24,6,12),(38,6,19),(52,6,26),(68,6,34),(74,6,37),(76,6,38),(78,6,39),(80,6,40),(86,6,43),(88,6,44),(92,6,46),(94,6,47),(96,6,48),(98,6,49),(102,6,51),(122,6,61),(126,6,63),(128,6,64),(138,6,69),(142,6,71),(144,6,72),(160,6,80),(166,6,83),(168,6,84),(180,6,90),(186,6,93),(192,6,96),(200,6,100),(204,6,102),(210,6,105),(214,6,107),(218,6,109),(220,6,110),(230,6,115),(252,6,126),(260,6,130),(268,6,134),(296,6,148),(306,6,153),(308,6,154),(310,6,155),(312,6,156),(314,6,157),(316,6,158),(330,6,165),(334,6,167),(336,6,168),(344,6,172),(2,7,1),(4,7,2),(12,7,6),(50,7,25),(104,7,52),(110,7,55),(116,7,58),(120,7,60),(158,7,79),(164,7,82),(184,7,92),(190,7,95),(198,7,99),(222,7,111),(224,7,112),(226,7,113),(232,7,116),(248,7,124),(256,7,128),(258,7,129),(262,7,131),(278,7,139),(300,7,150),(302,7,151),(324,7,162),(352,7,176),(358,7,179),(8,8,4),(28,8,14),(36,8,18),(42,8,21),(48,8,24),(54,8,27),(60,8,30),(70,8,35),(72,8,36),(84,8,42),(106,8,53),(132,8,66),(150,8,75),(152,8,76),(154,8,77),(162,8,81),(170,8,85),(182,8,91),(208,8,104),(212,8,106),(216,8,108),(228,8,114),(234,8,117),(236,8,118),(244,8,122),(270,8,135),(280,8,140),(282,8,141),(286,8,143),(298,8,149),(304,8,152),(322,8,161),(332,8,166),(338,8,169),(346,8,173),(356,8,178),(360,8,180),(6,9,3),(10,9,5),(20,9,10),(22,9,11),(62,9,31),(64,9,32),(100,9,50),(108,9,54),(112,9,56),(130,9,65),(134,9,67),(136,9,68),(148,9,74),(156,9,78),(172,9,86),(176,9,88),(178,9,89),(188,9,94),(196,9,98),(202,9,101),(206,9,103),(246,9,123),(250,9,125),(254,9,127),(276,9,138),(284,9,142),(288,9,144),(290,9,145),(326,9,163),(340,9,170),(348,9,174),(362,9,181),(14,10,7),(16,10,8),(26,10,13),(30,10,15),(32,10,16),(34,10,17),(40,10,20),(44,10,22),(46,10,23),(56,10,28),(58,10,29),(66,10,33),(82,10,41),(90,10,45),(114,10,57),(118,10,59),(124,10,62),(140,10,70),(146,10,73),(174,10,87),(194,10,97),(238,10,119),(240,10,120),(242,10,121),(264,10,132),(266,10,133),(272,10,136),(274,10,137),(292,10,146),(294,10,147),(318,10,159),(320,10,160),(328,10,164),(342,10,171),(350,10,175),(354,10,177);
/*!40000 ALTER TABLE `ec_product_variation_items` ENABLE KEYS */;
UNLOCK TABLES;

--
-- Table structure for table `ec_product_variations`
--

DROP TABLE IF EXISTS `ec_product_variations`;
/*!40101 SET @saved_cs_client     = @@character_set_client */;
/*!50503 SET character_set_client = utf8mb4 */;
CREATE TABLE `ec_product_variations` (
  `id` bigint unsigned NOT NULL AUTO_INCREMENT,
  `product_id` bigint unsigned DEFAULT NULL,
  `configurable_product_id` bigint unsigned NOT NULL,
  `is_default` tinyint NOT NULL DEFAULT '0',
  PRIMARY KEY (`id`),
  UNIQUE KEY `ec_product_variations_product_id_configurable_product_id_unique` (`product_id`,`configurable_product_id`),
  KEY `configurable_product_index` (`product_id`,`configurable_product_id`)
) ENGINE=InnoDB AUTO_INCREMENT=182 DEFAULT CHARSET=utf8mb4 COLLATE=utf8mb4_unicode_ci;
/*!40101 SET character_set_client = @saved_cs_client */;

--
-- Dumping data for table `ec_product_variations`
--

LOCK TABLES `ec_product_variations` WRITE;
/*!40000 ALTER TABLE `ec_product_variations` DISABLE KEYS */;
INSERT INTO `ec_product_variations` VALUES (1,76,1,1),(2,77,1,0),(3,78,1,0),(4,79,2,1),(5,80,3,1),(6,81,3,0),(7,82,4,1),(8,83,5,1),(9,84,6,1),(10,85,6,0),(11,86,7,1),(12,87,8,1),(13,88,9,1),(14,89,9,0),(15,90,9,0),(16,91,9,0),(17,92,9,0),(18,93,10,1),(19,94,10,0),(20,95,10,0),(21,96,11,1),(22,97,11,0),(23,98,11,0),(24,99,12,1),(25,100,12,0),(26,101,12,0),(27,102,13,1),(28,103,13,0),(29,104,13,0),(30,105,14,1),(31,106,15,1),(32,107,15,0),(33,108,15,0),(34,109,15,0),(35,110,16,1),(36,111,16,0),(37,112,16,0),(38,113,17,1),(39,114,17,0),(40,115,18,1),(41,116,18,0),(42,117,18,0),(43,118,19,1),(44,119,19,0),(45,120,19,0),(46,121,20,1),(47,122,20,0),(48,123,21,1),(49,124,21,0),(50,125,21,0),(51,126,22,1),(52,127,22,0),(53,128,23,1),(54,129,23,0),(55,130,24,1),(56,131,24,0),(57,132,24,0),(58,133,25,1),(59,134,25,0),(60,135,25,0),(61,136,25,0),(62,137,26,1),(63,138,27,1),(64,139,27,0),(65,140,28,1),(66,141,29,1),(67,142,30,1),(68,143,30,0),(69,144,31,1),(70,145,31,0),(71,146,31,0),(72,147,32,1),(73,148,32,0),(74,149,33,1),(75,150,33,0),(76,151,33,0),(77,152,34,1),(78,153,34,0),(79,154,34,0),(80,155,35,1),(81,156,35,0),(82,157,36,1),(83,158,36,0),(84,159,36,0),(85,160,37,1),(86,161,37,0),(87,162,37,0),(88,163,37,0),(89,164,38,1),(90,165,38,0),(91,166,38,0),(92,167,38,0),(93,168,39,1),(94,169,39,0),(95,170,39,0),(96,171,39,0),(97,172,40,1),(98,173,40,0),(99,174,41,1),(100,175,42,1),(101,176,42,0),(102,177,42,0),(103,178,42,0),(104,179,42,0),(105,180,43,1),(106,181,43,0),(107,182,44,1),(108,183,44,0),(109,184,44,0),(110,185,44,0),(111,186,45,1),(112,187,45,0),(113,188,45,0),(114,189,46,1),(115,190,46,0),(116,191,47,1),(117,192,47,0),(118,193,47,0),(119,194,48,1),(120,195,48,0),(121,196,49,1),(122,197,49,0),(123,198,49,0),(124,199,50,1),(125,200,50,0),(126,201,51,1),(127,202,51,0),(128,203,52,1),(129,204,53,1),(130,205,53,0),(131,206,54,1),(132,207,54,0),(133,208,54,0),(134,209,54,0),(135,210,55,1),(136,211,55,0),(137,212,56,1),(138,213,56,0),(139,214,57,1),(140,215,58,1),(141,216,58,0),(142,217,58,0),(143,218,59,1),(144,219,59,0),(145,220,59,0),(146,221,60,1),(147,222,61,1),(148,223,61,0),(149,224,62,1),(150,225,62,0),(151,226,62,0),(152,227,62,0),(153,228,63,1),(154,229,63,0),(155,230,64,1),(156,231,64,0),(157,232,65,1),(158,233,65,0),(159,234,65,0),(160,235,66,1),(161,236,67,1),(162,237,67,0),(163,238,67,0),(164,239,67,0),(165,240,68,1),(166,241,69,1),(167,242,69,0),(168,243,69,0),(169,244,70,1),(170,245,71,1),(171,246,71,0),(172,247,71,0),(173,248,72,1),(174,249,72,0),(175,250,73,1),(176,251,73,0),(177,252,74,1),(178,253,74,0),(179,254,74,0),(180,255,75,1),(181,256,75,0);
/*!40000 ALTER TABLE `ec_product_variations` ENABLE KEYS */;
UNLOCK TABLES;

--
-- Table structure for table `ec_product_views`
--

DROP TABLE IF EXISTS `ec_product_views`;
/*!40101 SET @saved_cs_client     = @@character_set_client */;
/*!50503 SET character_set_client = utf8mb4 */;
CREATE TABLE `ec_product_views` (
  `id` bigint unsigned NOT NULL AUTO_INCREMENT,
  `product_id` bigint unsigned NOT NULL,
  `views` int NOT NULL DEFAULT '1',
  `date` date NOT NULL DEFAULT '2025-06-10',
  PRIMARY KEY (`id`),
  UNIQUE KEY `ec_product_views_product_id_date_unique` (`product_id`,`date`),
  KEY `ec_product_views_product_id_index` (`product_id`)
) ENGINE=InnoDB DEFAULT CHARSET=utf8mb4 COLLATE=utf8mb4_unicode_ci;
/*!40101 SET character_set_client = @saved_cs_client */;

--
-- Dumping data for table `ec_product_views`
--

LOCK TABLES `ec_product_views` WRITE;
/*!40000 ALTER TABLE `ec_product_views` DISABLE KEYS */;
/*!40000 ALTER TABLE `ec_product_views` ENABLE KEYS */;
UNLOCK TABLES;

--
-- Table structure for table `ec_product_with_attribute_set`
--

DROP TABLE IF EXISTS `ec_product_with_attribute_set`;
/*!40101 SET @saved_cs_client     = @@character_set_client */;
/*!50503 SET character_set_client = utf8mb4 */;
CREATE TABLE `ec_product_with_attribute_set` (
  `attribute_set_id` bigint unsigned NOT NULL,
  `product_id` bigint unsigned NOT NULL,
  `order` tinyint unsigned NOT NULL DEFAULT '0',
  PRIMARY KEY (`product_id`,`attribute_set_id`)
) ENGINE=InnoDB DEFAULT CHARSET=utf8mb4 COLLATE=utf8mb4_unicode_ci;
/*!40101 SET character_set_client = @saved_cs_client */;

--
-- Dumping data for table `ec_product_with_attribute_set`
--

LOCK TABLES `ec_product_with_attribute_set` WRITE;
/*!40000 ALTER TABLE `ec_product_with_attribute_set` DISABLE KEYS */;
INSERT INTO `ec_product_with_attribute_set` VALUES (1,1,0),(2,1,0),(1,2,0),(2,2,0),(1,3,0),(2,3,0),(1,4,0),(2,4,0),(1,5,0),(2,5,0),(1,6,0),(2,6,0),(1,7,0),(2,7,0),(1,8,0),(2,8,0),(1,9,0),(2,9,0),(1,10,0),(2,10,0),(1,11,0),(2,11,0),(1,12,0),(2,12,0),(1,13,0),(2,13,0),(1,14,0),(2,14,0),(1,15,0),(2,15,0),(1,16,0),(2,16,0),(1,17,0),(2,17,0),(1,18,0),(2,18,0),(1,19,0),(2,19,0),(1,20,0),(2,20,0),(1,21,0),(2,21,0),(1,22,0),(2,22,0),(1,23,0),(2,23,0),(1,24,0),(2,24,0),(1,25,0),(2,25,0),(1,26,0),(2,26,0),(1,27,0),(2,27,0),(1,28,0),(2,28,0),(1,29,0),(2,29,0),(1,30,0),(2,30,0),(1,31,0),(2,31,0),(1,32,0),(2,32,0),(1,33,0),(2,33,0),(1,34,0),(2,34,0),(1,35,0),(2,35,0),(1,36,0),(2,36,0),(1,37,0),(2,37,0),(1,38,0),(2,38,0),(1,39,0),(2,39,0),(1,40,0),(2,40,0),(1,41,0),(2,41,0),(1,42,0),(2,42,0),(1,43,0),(2,43,0),(1,44,0),(2,44,0),(1,45,0),(2,45,0),(1,46,0),(2,46,0),(1,47,0),(2,47,0),(1,48,0),(2,48,0),(1,49,0),(2,49,0),(1,50,0),(2,50,0),(1,51,0),(2,51,0),(1,52,0),(2,52,0),(1,53,0),(2,53,0),(1,54,0),(2,54,0),(1,55,0),(2,55,0),(1,56,0),(2,56,0),(1,57,0),(2,57,0),(1,58,0),(2,58,0),(1,59,0),(2,59,0),(1,60,0),(2,60,0),(1,61,0),(2,61,0),(1,62,0),(2,62,0),(1,63,0),(2,63,0),(1,64,0),(2,64,0),(1,65,0),(2,65,0),(1,66,0),(2,66,0),(1,67,0),(2,67,0),(1,68,0),(2,68,0),(1,69,0),(2,69,0),(1,70,0),(2,70,0),(1,71,0),(2,71,0),(1,72,0),(2,72,0),(1,73,0),(2,73,0),(1,74,0),(2,74,0),(1,75,0),(2,75,0);
/*!40000 ALTER TABLE `ec_product_with_attribute_set` ENABLE KEYS */;
UNLOCK TABLES;

--
-- Table structure for table `ec_products`
--

DROP TABLE IF EXISTS `ec_products`;
/*!40101 SET @saved_cs_client     = @@character_set_client */;
/*!50503 SET character_set_client = utf8mb4 */;
CREATE TABLE `ec_products` (
  `id` bigint unsigned NOT NULL AUTO_INCREMENT,
  `name` varchar(191) COLLATE utf8mb4_unicode_ci NOT NULL,
  `description` text COLLATE utf8mb4_unicode_ci,
  `content` longtext COLLATE utf8mb4_unicode_ci,
  `status` varchar(60) COLLATE utf8mb4_unicode_ci NOT NULL DEFAULT 'published',
  `images` text COLLATE utf8mb4_unicode_ci,
  `video_media` text COLLATE utf8mb4_unicode_ci,
  `sku` varchar(191) COLLATE utf8mb4_unicode_ci DEFAULT NULL,
  `order` int unsigned NOT NULL DEFAULT '0',
  `quantity` int unsigned DEFAULT NULL,
  `allow_checkout_when_out_of_stock` tinyint unsigned NOT NULL DEFAULT '0',
  `with_storehouse_management` tinyint unsigned NOT NULL DEFAULT '0',
  `stock_status` varchar(191) COLLATE utf8mb4_unicode_ci DEFAULT 'in_stock',
  `is_featured` tinyint unsigned NOT NULL DEFAULT '0',
  `brand_id` bigint unsigned DEFAULT NULL,
  `is_variation` tinyint NOT NULL DEFAULT '0',
  `sale_type` tinyint NOT NULL DEFAULT '0',
  `price` double unsigned DEFAULT NULL,
  `sale_price` double unsigned DEFAULT NULL,
  `start_date` timestamp NULL DEFAULT NULL,
  `end_date` timestamp NULL DEFAULT NULL,
  `length` double DEFAULT NULL,
  `wide` double DEFAULT NULL,
  `height` double DEFAULT NULL,
  `weight` double DEFAULT NULL,
  `tax_id` bigint unsigned DEFAULT NULL,
  `views` bigint NOT NULL DEFAULT '0',
  `created_at` timestamp NULL DEFAULT NULL,
  `updated_at` timestamp NULL DEFAULT NULL,
  `created_by_id` bigint unsigned DEFAULT '0',
  `created_by_type` varchar(191) COLLATE utf8mb4_unicode_ci NOT NULL DEFAULT 'Botble\\ACL\\Models\\User',
  `image` varchar(191) COLLATE utf8mb4_unicode_ci DEFAULT NULL,
  `product_type` varchar(60) COLLATE utf8mb4_unicode_ci DEFAULT 'physical',
  `barcode` varchar(50) COLLATE utf8mb4_unicode_ci DEFAULT NULL,
  `cost_per_item` double DEFAULT NULL,
  `generate_license_code` tinyint(1) NOT NULL DEFAULT '0',
  `minimum_order_quantity` int unsigned DEFAULT '0',
  `maximum_order_quantity` int unsigned DEFAULT '0',
  `notify_attachment_updated` tinyint(1) NOT NULL DEFAULT '0',
  `specification_table_id` bigint unsigned DEFAULT NULL,
  PRIMARY KEY (`id`),
  KEY `ec_products_brand_id_status_is_variation_created_at_index` (`brand_id`,`status`,`is_variation`,`created_at`),
  KEY `sale_type_index` (`sale_type`),
  KEY `start_date_index` (`start_date`),
  KEY `end_date_index` (`end_date`),
  KEY `sale_price_index` (`sale_price`),
  KEY `is_variation_index` (`is_variation`),
  KEY `ec_products_sku_index` (`sku`)
) ENGINE=InnoDB AUTO_INCREMENT=257 DEFAULT CHARSET=utf8mb4 COLLATE=utf8mb4_unicode_ci;
/*!40101 SET character_set_client = @saved_cs_client */;

--
-- Dumping data for table `ec_products`
--

LOCK TABLES `ec_products` WRITE;
/*!40000 ALTER TABLE `ec_products` DISABLE KEYS */;
INSERT INTO `ec_products` VALUES (1,'Miko Wooden Bluetooth Speaker','<p>Short Hooded Coat features a straight body, large pockets with button flaps, ventilation air holes, and a string detail along the hemline.</p>','<p>Short Hooded Coat features a straight body, large pockets with button flaps, ventilation air holes, and a string detail along the hemline. The style is completed with a drawstring hood, featuring Rains’ signature built-in cap. Made from waterproof, matte PU, this lightweight unisex rain jacket is an ode to nostalgia through its classic silhouette and utilitarian design details.</p>\n                                <p>- Casual unisex fit</p>\n\n                                <p>- 64% polyester, 36% polyurethane</p>\n\n                                <p>- Water column pressure: 4000 mm</p>\n\n                                <p>- Model is 187cm tall and wearing a size S / M</p>\n\n                                <p>- Unisex fit</p>\n\n                                <p>- Drawstring hood with built-in cap</p>\n\n                                <p>- Front placket with snap buttons</p>\n\n                                <p>- Ventilation under armpit</p>\n\n                                <p>- Adjustable cuffs</p>\n\n                                <p>- Double welted front pockets</p>\n\n                                <p>- Adjustable elastic string at hempen</p>\n\n                                <p>- Ultrasonically welded seams</p>\n\n                                <p>This is a unisex item, please check our clothing &amp; footwear sizing guide for specific Rains jacket sizing information. RAINS comes from the rainy nation of Denmark at the edge of the European continent, close to the ocean and with prevailing westerly winds; all factors that contribute to an average of 121 rain days each year. Arising from these rainy weather conditions comes the attitude that a quick rain shower may be beautiful, as well as moody- but first and foremost requires the right outfit. Rains focus on the whole experience of going outside on rainy days, issuing an invitation to explore even in the most mercurial weather.</p>','published','[\"products\\/product-57.jpg\",\"products\\/product-76.jpg\",\"products\\/product-5.jpg\",\"products\\/product-35.jpg\",\"products\\/product-90.jpg\",\"products\\/product-6.jpg\"]',NULL,'NC-104-A0',0,20,0,1,'in_stock',1,1,0,0,227,NULL,NULL,NULL,12,20,14,580,NULL,7530,'2025-06-09 17:17:51','2025-06-09 17:17:54',0,'Botble\\ACL\\Models\\User',NULL,'digital',NULL,NULL,0,0,0,0,1),(2,'Gorgeous Wooden Gloves','<p>Short Hooded Coat features a straight body, large pockets with button flaps, ventilation air holes, and a string detail along the hemline.</p>','<p>Short Hooded Coat features a straight body, large pockets with button flaps, ventilation air holes, and a string detail along the hemline. The style is completed with a drawstring hood, featuring Rains’ signature built-in cap. Made from waterproof, matte PU, this lightweight unisex rain jacket is an ode to nostalgia through its classic silhouette and utilitarian design details.</p>\n                                <p>- Casual unisex fit</p>\n\n                                <p>- 64% polyester, 36% polyurethane</p>\n\n                                <p>- Water column pressure: 4000 mm</p>\n\n                                <p>- Model is 187cm tall and wearing a size S / M</p>\n\n                                <p>- Unisex fit</p>\n\n                                <p>- Drawstring hood with built-in cap</p>\n\n                                <p>- Front placket with snap buttons</p>\n\n                                <p>- Ventilation under armpit</p>\n\n                                <p>- Adjustable cuffs</p>\n\n                                <p>- Double welted front pockets</p>\n\n                                <p>- Adjustable elastic string at hempen</p>\n\n                                <p>- Ultrasonically welded seams</p>\n\n                                <p>This is a unisex item, please check our clothing &amp; footwear sizing guide for specific Rains jacket sizing information. RAINS comes from the rainy nation of Denmark at the edge of the European continent, close to the ocean and with prevailing westerly winds; all factors that contribute to an average of 121 rain days each year. Arising from these rainy weather conditions comes the attitude that a quick rain shower may be beautiful, as well as moody- but first and foremost requires the right outfit. Rains focus on the whole experience of going outside on rainy days, issuing an invitation to explore even in the most mercurial weather.</p>','published','[\"products\\/product-25.jpg\",\"products\\/product-81.jpg\",\"products\\/product-53.jpg\",\"products\\/product-24.jpg\",\"products\\/product-36.jpg\"]',NULL,'NC-129-A0',0,17,0,1,'in_stock',1,5,0,0,371,NULL,NULL,NULL,18,10,19,664,NULL,153204,'2025-06-09 17:17:51','2025-06-09 17:17:54',0,'Botble\\ACL\\Models\\User',NULL,'physical',NULL,NULL,0,0,0,0,2),(3,'Pinkol Enormous Granite Bottle','<p>Short Hooded Coat features a straight body, large pockets with button flaps, ventilation air holes, and a string detail along the hemline.</p>','<p>Short Hooded Coat features a straight body, large pockets with button flaps, ventilation air holes, and a string detail along the hemline. The style is completed with a drawstring hood, featuring Rains’ signature built-in cap. Made from waterproof, matte PU, this lightweight unisex rain jacket is an ode to nostalgia through its classic silhouette and utilitarian design details.</p>\n                                <p>- Casual unisex fit</p>\n\n                                <p>- 64% polyester, 36% polyurethane</p>\n\n                                <p>- Water column pressure: 4000 mm</p>\n\n                                <p>- Model is 187cm tall and wearing a size S / M</p>\n\n                                <p>- Unisex fit</p>\n\n                                <p>- Drawstring hood with built-in cap</p>\n\n                                <p>- Front placket with snap buttons</p>\n\n                                <p>- Ventilation under armpit</p>\n\n                                <p>- Adjustable cuffs</p>\n\n                                <p>- Double welted front pockets</p>\n\n                                <p>- Adjustable elastic string at hempen</p>\n\n                                <p>- Ultrasonically welded seams</p>\n\n                                <p>This is a unisex item, please check our clothing &amp; footwear sizing guide for specific Rains jacket sizing information. RAINS comes from the rainy nation of Denmark at the edge of the European continent, close to the ocean and with prevailing westerly winds; all factors that contribute to an average of 121 rain days each year. Arising from these rainy weather conditions comes the attitude that a quick rain shower may be beautiful, as well as moody- but first and foremost requires the right outfit. Rains focus on the whole experience of going outside on rainy days, issuing an invitation to explore even in the most mercurial weather.</p>','published','[\"products\\/product-82.jpg\",\"products\\/product-17.jpg\",\"products\\/product-27.jpg\",\"products\\/product-54.jpg\",\"products\\/product-55.jpg\",\"products\\/product-5.jpg\",\"products\\/product-81.jpg\",\"products\\/product-64.jpg\",\"products\\/product-46.jpg\",\"products\\/product-33.jpg\",\"products\\/product-77.jpg\",\"products\\/product-16.jpg\"]',NULL,'NC-147-A0',0,11,0,1,'in_stock',1,4,0,0,341,NULL,NULL,NULL,16,12,12,552,NULL,136326,'2025-06-09 17:17:51','2025-06-09 17:17:54',0,'Botble\\ACL\\Models\\User',NULL,'physical',NULL,NULL,0,0,0,0,1),(4,'Gorgeous Aluminum Table','<p>Short Hooded Coat features a straight body, large pockets with button flaps, ventilation air holes, and a string detail along the hemline.</p>','<p>Short Hooded Coat features a straight body, large pockets with button flaps, ventilation air holes, and a string detail along the hemline. The style is completed with a drawstring hood, featuring Rains’ signature built-in cap. Made from waterproof, matte PU, this lightweight unisex rain jacket is an ode to nostalgia through its classic silhouette and utilitarian design details.</p>\n                                <p>- Casual unisex fit</p>\n\n                                <p>- 64% polyester, 36% polyurethane</p>\n\n                                <p>- Water column pressure: 4000 mm</p>\n\n                                <p>- Model is 187cm tall and wearing a size S / M</p>\n\n                                <p>- Unisex fit</p>\n\n                                <p>- Drawstring hood with built-in cap</p>\n\n                                <p>- Front placket with snap buttons</p>\n\n                                <p>- Ventilation under armpit</p>\n\n                                <p>- Adjustable cuffs</p>\n\n                                <p>- Double welted front pockets</p>\n\n                                <p>- Adjustable elastic string at hempen</p>\n\n                                <p>- Ultrasonically welded seams</p>\n\n                                <p>This is a unisex item, please check our clothing &amp; footwear sizing guide for specific Rains jacket sizing information. RAINS comes from the rainy nation of Denmark at the edge of the European continent, close to the ocean and with prevailing westerly winds; all factors that contribute to an average of 121 rain days each year. Arising from these rainy weather conditions comes the attitude that a quick rain shower may be beautiful, as well as moody- but first and foremost requires the right outfit. Rains focus on the whole experience of going outside on rainy days, issuing an invitation to explore even in the most mercurial weather.</p>','published','[\"products\\/product-16.jpg\",\"products\\/product-29.jpg\",\"products\\/product-86.jpg\",\"products\\/product-93.jpg\",\"products\\/product-7.jpg\",\"products\\/product-81.jpg\",\"products\\/product-82.jpg\"]',NULL,'NC-172-A0',0,20,0,1,'in_stock',1,1,0,0,392,333.2,NULL,NULL,13,12,16,670,NULL,66421,'2025-06-09 17:17:51','2025-06-09 17:17:54',0,'Botble\\ACL\\Models\\User',NULL,'physical',NULL,NULL,0,0,0,0,1),(5,'Evo Lightweight Granite Shirt','<p>Short Hooded Coat features a straight body, large pockets with button flaps, ventilation air holes, and a string detail along the hemline.</p>','<p>Short Hooded Coat features a straight body, large pockets with button flaps, ventilation air holes, and a string detail along the hemline. The style is completed with a drawstring hood, featuring Rains’ signature built-in cap. Made from waterproof, matte PU, this lightweight unisex rain jacket is an ode to nostalgia through its classic silhouette and utilitarian design details.</p>\n                                <p>- Casual unisex fit</p>\n\n                                <p>- 64% polyester, 36% polyurethane</p>\n\n                                <p>- Water column pressure: 4000 mm</p>\n\n                                <p>- Model is 187cm tall and wearing a size S / M</p>\n\n                                <p>- Unisex fit</p>\n\n                                <p>- Drawstring hood with built-in cap</p>\n\n                                <p>- Front placket with snap buttons</p>\n\n                                <p>- Ventilation under armpit</p>\n\n                                <p>- Adjustable cuffs</p>\n\n                                <p>- Double welted front pockets</p>\n\n                                <p>- Adjustable elastic string at hempen</p>\n\n                                <p>- Ultrasonically welded seams</p>\n\n                                <p>This is a unisex item, please check our clothing &amp; footwear sizing guide for specific Rains jacket sizing information. RAINS comes from the rainy nation of Denmark at the edge of the European continent, close to the ocean and with prevailing westerly winds; all factors that contribute to an average of 121 rain days each year. Arising from these rainy weather conditions comes the attitude that a quick rain shower may be beautiful, as well as moody- but first and foremost requires the right outfit. Rains focus on the whole experience of going outside on rainy days, issuing an invitation to explore even in the most mercurial weather.</p>','published','[\"products\\/product-34.jpg\",\"products\\/product-19.jpg\",\"products\\/product-57.jpg\",\"products\\/product-94.jpg\",\"products\\/product-30.jpg\"]',NULL,'NC-133-A0',0,17,0,1,'in_stock',0,1,0,0,321,NULL,NULL,NULL,19,10,12,760,NULL,30777,'2025-06-09 17:17:51','2025-06-09 17:17:54',0,'Botble\\ACL\\Models\\User',NULL,'digital',NULL,NULL,0,0,0,0,1),(6,'CLCo. Incredible Paper Car','<p>Short Hooded Coat features a straight body, large pockets with button flaps, ventilation air holes, and a string detail along the hemline.</p>','<p>Short Hooded Coat features a straight body, large pockets with button flaps, ventilation air holes, and a string detail along the hemline. The style is completed with a drawstring hood, featuring Rains’ signature built-in cap. Made from waterproof, matte PU, this lightweight unisex rain jacket is an ode to nostalgia through its classic silhouette and utilitarian design details.</p>\n                                <p>- Casual unisex fit</p>\n\n                                <p>- 64% polyester, 36% polyurethane</p>\n\n                                <p>- Water column pressure: 4000 mm</p>\n\n                                <p>- Model is 187cm tall and wearing a size S / M</p>\n\n                                <p>- Unisex fit</p>\n\n                                <p>- Drawstring hood with built-in cap</p>\n\n                                <p>- Front placket with snap buttons</p>\n\n                                <p>- Ventilation under armpit</p>\n\n                                <p>- Adjustable cuffs</p>\n\n                                <p>- Double welted front pockets</p>\n\n                                <p>- Adjustable elastic string at hempen</p>\n\n                                <p>- Ultrasonically welded seams</p>\n\n                                <p>This is a unisex item, please check our clothing &amp; footwear sizing guide for specific Rains jacket sizing information. RAINS comes from the rainy nation of Denmark at the edge of the European continent, close to the ocean and with prevailing westerly winds; all factors that contribute to an average of 121 rain days each year. Arising from these rainy weather conditions comes the attitude that a quick rain shower may be beautiful, as well as moody- but first and foremost requires the right outfit. Rains focus on the whole experience of going outside on rainy days, issuing an invitation to explore even in the most mercurial weather.</p>','published','[\"products\\/product-43.jpg\",\"products\\/product-87.jpg\",\"products\\/product-20.jpg\",\"products\\/product-71.jpg\",\"products\\/product-62.jpg\",\"products\\/product-6.jpg\",\"products\\/product-36.jpg\"]',NULL,'NC-139-A0',0,16,0,1,'in_stock',1,1,0,0,413,NULL,NULL,NULL,16,20,13,835,NULL,130493,'2025-06-09 17:17:51','2025-06-09 17:17:54',0,'Botble\\ACL\\Models\\User',NULL,'physical',NULL,NULL,0,0,0,0,1),(7,'Progash Durable Granite Hat','<p>Short Hooded Coat features a straight body, large pockets with button flaps, ventilation air holes, and a string detail along the hemline.</p>','<p>Short Hooded Coat features a straight body, large pockets with button flaps, ventilation air holes, and a string detail along the hemline. The style is completed with a drawstring hood, featuring Rains’ signature built-in cap. Made from waterproof, matte PU, this lightweight unisex rain jacket is an ode to nostalgia through its classic silhouette and utilitarian design details.</p>\n                                <p>- Casual unisex fit</p>\n\n                                <p>- 64% polyester, 36% polyurethane</p>\n\n                                <p>- Water column pressure: 4000 mm</p>\n\n                                <p>- Model is 187cm tall and wearing a size S / M</p>\n\n                                <p>- Unisex fit</p>\n\n                                <p>- Drawstring hood with built-in cap</p>\n\n                                <p>- Front placket with snap buttons</p>\n\n                                <p>- Ventilation under armpit</p>\n\n                                <p>- Adjustable cuffs</p>\n\n                                <p>- Double welted front pockets</p>\n\n                                <p>- Adjustable elastic string at hempen</p>\n\n                                <p>- Ultrasonically welded seams</p>\n\n                                <p>This is a unisex item, please check our clothing &amp; footwear sizing guide for specific Rains jacket sizing information. RAINS comes from the rainy nation of Denmark at the edge of the European continent, close to the ocean and with prevailing westerly winds; all factors that contribute to an average of 121 rain days each year. Arising from these rainy weather conditions comes the attitude that a quick rain shower may be beautiful, as well as moody- but first and foremost requires the right outfit. Rains focus on the whole experience of going outside on rainy days, issuing an invitation to explore even in the most mercurial weather.</p>','published','[\"products\\/product-77.jpg\",\"products\\/product-23.jpg\",\"products\\/product-62.jpg\",\"products\\/product-38.jpg\",\"products\\/product-93.jpg\",\"products\\/product-68.jpg\",\"products\\/product-63.jpg\"]',NULL,'NC-186-A0',0,12,0,1,'in_stock',0,7,0,0,229,NULL,NULL,NULL,10,20,15,679,NULL,37058,'2025-06-09 17:17:51','2025-06-09 17:17:54',0,'Botble\\ACL\\Models\\User',NULL,'physical',NULL,NULL,0,0,0,0,2),(8,'Purab Enormous Miranda Bottle','<p>Short Hooded Coat features a straight body, large pockets with button flaps, ventilation air holes, and a string detail along the hemline.</p>','<p>Short Hooded Coat features a straight body, large pockets with button flaps, ventilation air holes, and a string detail along the hemline. The style is completed with a drawstring hood, featuring Rains’ signature built-in cap. Made from waterproof, matte PU, this lightweight unisex rain jacket is an ode to nostalgia through its classic silhouette and utilitarian design details.</p>\n                                <p>- Casual unisex fit</p>\n\n                                <p>- 64% polyester, 36% polyurethane</p>\n\n                                <p>- Water column pressure: 4000 mm</p>\n\n                                <p>- Model is 187cm tall and wearing a size S / M</p>\n\n                                <p>- Unisex fit</p>\n\n                                <p>- Drawstring hood with built-in cap</p>\n\n                                <p>- Front placket with snap buttons</p>\n\n                                <p>- Ventilation under armpit</p>\n\n                                <p>- Adjustable cuffs</p>\n\n                                <p>- Double welted front pockets</p>\n\n                                <p>- Adjustable elastic string at hempen</p>\n\n                                <p>- Ultrasonically welded seams</p>\n\n                                <p>This is a unisex item, please check our clothing &amp; footwear sizing guide for specific Rains jacket sizing information. RAINS comes from the rainy nation of Denmark at the edge of the European continent, close to the ocean and with prevailing westerly winds; all factors that contribute to an average of 121 rain days each year. Arising from these rainy weather conditions comes the attitude that a quick rain shower may be beautiful, as well as moody- but first and foremost requires the right outfit. Rains focus on the whole experience of going outside on rainy days, issuing an invitation to explore even in the most mercurial weather.</p>','published','[\"products\\/product-16.jpg\",\"products\\/product-88.jpg\",\"products\\/product-94.jpg\",\"products\\/product-34.jpg\",\"products\\/product-6.jpg\",\"products\\/product-18.jpg\",\"products\\/product-60.jpg\",\"products\\/product-13.jpg\",\"products\\/product-67.jpg\"]',NULL,'NC-113-A0',0,20,0,1,'in_stock',1,2,0,0,436,313.92,NULL,NULL,13,13,20,649,NULL,164170,'2025-06-09 17:17:51','2025-06-09 17:17:54',0,'Botble\\ACL\\Models\\User',NULL,'physical',NULL,NULL,0,0,0,0,2),(9,'Miklonda Co. Crafted Candles','<p>Short Hooded Coat features a straight body, large pockets with button flaps, ventilation air holes, and a string detail along the hemline.</p>','<p>Short Hooded Coat features a straight body, large pockets with button flaps, ventilation air holes, and a string detail along the hemline. The style is completed with a drawstring hood, featuring Rains’ signature built-in cap. Made from waterproof, matte PU, this lightweight unisex rain jacket is an ode to nostalgia through its classic silhouette and utilitarian design details.</p>\n                                <p>- Casual unisex fit</p>\n\n                                <p>- 64% polyester, 36% polyurethane</p>\n\n                                <p>- Water column pressure: 4000 mm</p>\n\n                                <p>- Model is 187cm tall and wearing a size S / M</p>\n\n                                <p>- Unisex fit</p>\n\n                                <p>- Drawstring hood with built-in cap</p>\n\n                                <p>- Front placket with snap buttons</p>\n\n                                <p>- Ventilation under armpit</p>\n\n                                <p>- Adjustable cuffs</p>\n\n                                <p>- Double welted front pockets</p>\n\n                                <p>- Adjustable elastic string at hempen</p>\n\n                                <p>- Ultrasonically welded seams</p>\n\n                                <p>This is a unisex item, please check our clothing &amp; footwear sizing guide for specific Rains jacket sizing information. RAINS comes from the rainy nation of Denmark at the edge of the European continent, close to the ocean and with prevailing westerly winds; all factors that contribute to an average of 121 rain days each year. Arising from these rainy weather conditions comes the attitude that a quick rain shower may be beautiful, as well as moody- but first and foremost requires the right outfit. Rains focus on the whole experience of going outside on rainy days, issuing an invitation to explore even in the most mercurial weather.</p>','published','[\"products\\/product-19.jpg\",\"products\\/product-61.jpg\",\"products\\/product-92.jpg\",\"products\\/product-6.jpg\",\"products\\/product-41.jpg\",\"products\\/product-8.jpg\",\"products\\/product-42.jpg\",\"products\\/product-75.jpg\",\"products\\/product-27.jpg\"]',NULL,'NC-111-A0',0,18,0,1,'in_stock',0,4,0,0,337,NULL,NULL,NULL,17,14,20,689,NULL,167745,'2025-06-09 17:17:51','2025-06-09 17:17:54',0,'Botble\\ACL\\Models\\User',NULL,'digital',NULL,NULL,0,0,0,0,2),(10,'Pinkol Enormous Granite Bottle','<p>Short Hooded Coat features a straight body, large pockets with button flaps, ventilation air holes, and a string detail along the hemline.</p>','<p>Short Hooded Coat features a straight body, large pockets with button flaps, ventilation air holes, and a string detail along the hemline. The style is completed with a drawstring hood, featuring Rains’ signature built-in cap. Made from waterproof, matte PU, this lightweight unisex rain jacket is an ode to nostalgia through its classic silhouette and utilitarian design details.</p>\n                                <p>- Casual unisex fit</p>\n\n                                <p>- 64% polyester, 36% polyurethane</p>\n\n                                <p>- Water column pressure: 4000 mm</p>\n\n                                <p>- Model is 187cm tall and wearing a size S / M</p>\n\n                                <p>- Unisex fit</p>\n\n                                <p>- Drawstring hood with built-in cap</p>\n\n                                <p>- Front placket with snap buttons</p>\n\n                                <p>- Ventilation under armpit</p>\n\n                                <p>- Adjustable cuffs</p>\n\n                                <p>- Double welted front pockets</p>\n\n                                <p>- Adjustable elastic string at hempen</p>\n\n                                <p>- Ultrasonically welded seams</p>\n\n                                <p>This is a unisex item, please check our clothing &amp; footwear sizing guide for specific Rains jacket sizing information. RAINS comes from the rainy nation of Denmark at the edge of the European continent, close to the ocean and with prevailing westerly winds; all factors that contribute to an average of 121 rain days each year. Arising from these rainy weather conditions comes the attitude that a quick rain shower may be beautiful, as well as moody- but first and foremost requires the right outfit. Rains focus on the whole experience of going outside on rainy days, issuing an invitation to explore even in the most mercurial weather.</p>','published','[\"products\\/product-22.jpg\",\"products\\/product-32.jpg\",\"products\\/product-23.jpg\",\"products\\/product-94.jpg\",\"products\\/product-50.jpg\",\"products\\/product-44.jpg\",\"products\\/product-1.jpg\",\"products\\/product-67.jpg\",\"products\\/product-18.jpg\",\"products\\/product-82.jpg\"]',NULL,'NC-112-A0',0,16,0,1,'in_stock',1,1,0,0,324,NULL,NULL,NULL,19,13,12,759,NULL,196445,'2025-06-09 17:17:51','2025-06-09 17:17:54',0,'Botble\\ACL\\Models\\User',NULL,'physical',NULL,NULL,0,0,0,0,2),(11,'Dual Camera 20MP','<p>Short Hooded Coat features a straight body, large pockets with button flaps, ventilation air holes, and a string detail along the hemline.</p>','<p>Short Hooded Coat features a straight body, large pockets with button flaps, ventilation air holes, and a string detail along the hemline. The style is completed with a drawstring hood, featuring Rains’ signature built-in cap. Made from waterproof, matte PU, this lightweight unisex rain jacket is an ode to nostalgia through its classic silhouette and utilitarian design details.</p>\n                                <p>- Casual unisex fit</p>\n\n                                <p>- 64% polyester, 36% polyurethane</p>\n\n                                <p>- Water column pressure: 4000 mm</p>\n\n                                <p>- Model is 187cm tall and wearing a size S / M</p>\n\n                                <p>- Unisex fit</p>\n\n                                <p>- Drawstring hood with built-in cap</p>\n\n                                <p>- Front placket with snap buttons</p>\n\n                                <p>- Ventilation under armpit</p>\n\n                                <p>- Adjustable cuffs</p>\n\n                                <p>- Double welted front pockets</p>\n\n                                <p>- Adjustable elastic string at hempen</p>\n\n                                <p>- Ultrasonically welded seams</p>\n\n                                <p>This is a unisex item, please check our clothing &amp; footwear sizing guide for specific Rains jacket sizing information. RAINS comes from the rainy nation of Denmark at the edge of the European continent, close to the ocean and with prevailing westerly winds; all factors that contribute to an average of 121 rain days each year. Arising from these rainy weather conditions comes the attitude that a quick rain shower may be beautiful, as well as moody- but first and foremost requires the right outfit. Rains focus on the whole experience of going outside on rainy days, issuing an invitation to explore even in the most mercurial weather.</p>','published','[\"products\\/product-19.jpg\",\"products\\/product-73.jpg\",\"products\\/product-27.jpg\",\"products\\/product-64.jpg\",\"products\\/product-44.jpg\",\"products\\/product-60.jpg\",\"products\\/product-94.jpg\"]',NULL,'NC-193-A0',0,18,0,1,'in_stock',0,1,0,0,497,NULL,NULL,NULL,12,11,19,689,NULL,146803,'2025-06-09 17:17:51','2025-06-09 17:17:54',0,'Botble\\ACL\\Models\\User',NULL,'physical',NULL,NULL,0,0,0,0,1),(12,'Smart Watches','<p>Short Hooded Coat features a straight body, large pockets with button flaps, ventilation air holes, and a string detail along the hemline.</p>','<p>Short Hooded Coat features a straight body, large pockets with button flaps, ventilation air holes, and a string detail along the hemline. The style is completed with a drawstring hood, featuring Rains’ signature built-in cap. Made from waterproof, matte PU, this lightweight unisex rain jacket is an ode to nostalgia through its classic silhouette and utilitarian design details.</p>\n                                <p>- Casual unisex fit</p>\n\n                                <p>- 64% polyester, 36% polyurethane</p>\n\n                                <p>- Water column pressure: 4000 mm</p>\n\n                                <p>- Model is 187cm tall and wearing a size S / M</p>\n\n                                <p>- Unisex fit</p>\n\n                                <p>- Drawstring hood with built-in cap</p>\n\n                                <p>- Front placket with snap buttons</p>\n\n                                <p>- Ventilation under armpit</p>\n\n                                <p>- Adjustable cuffs</p>\n\n                                <p>- Double welted front pockets</p>\n\n                                <p>- Adjustable elastic string at hempen</p>\n\n                                <p>- Ultrasonically welded seams</p>\n\n                                <p>This is a unisex item, please check our clothing &amp; footwear sizing guide for specific Rains jacket sizing information. RAINS comes from the rainy nation of Denmark at the edge of the European continent, close to the ocean and with prevailing westerly winds; all factors that contribute to an average of 121 rain days each year. Arising from these rainy weather conditions comes the attitude that a quick rain shower may be beautiful, as well as moody- but first and foremost requires the right outfit. Rains focus on the whole experience of going outside on rainy days, issuing an invitation to explore even in the most mercurial weather.</p>','published','[\"products\\/product-6.jpg\",\"products\\/product-92.jpg\",\"products\\/product-21.jpg\",\"products\\/product-82.jpg\",\"products\\/product-65.jpg\",\"products\\/product-81.jpg\",\"products\\/product-32.jpg\",\"products\\/product-36.jpg\",\"products\\/product-19.jpg\",\"products\\/product-77.jpg\",\"products\\/product-29.jpg\",\"products\\/product-17.jpg\"]',NULL,'NC-149-A0',0,20,0,1,'in_stock',1,5,0,0,400,340,NULL,NULL,13,15,19,569,NULL,95990,'2025-06-09 17:17:51','2025-06-09 17:17:54',0,'Botble\\ACL\\Models\\User',NULL,'physical',NULL,NULL,0,0,0,0,1),(13,'Beat Headphone','<p>Short Hooded Coat features a straight body, large pockets with button flaps, ventilation air holes, and a string detail along the hemline.</p>','<p>Short Hooded Coat features a straight body, large pockets with button flaps, ventilation air holes, and a string detail along the hemline. The style is completed with a drawstring hood, featuring Rains’ signature built-in cap. Made from waterproof, matte PU, this lightweight unisex rain jacket is an ode to nostalgia through its classic silhouette and utilitarian design details.</p>\n                                <p>- Casual unisex fit</p>\n\n                                <p>- 64% polyester, 36% polyurethane</p>\n\n                                <p>- Water column pressure: 4000 mm</p>\n\n                                <p>- Model is 187cm tall and wearing a size S / M</p>\n\n                                <p>- Unisex fit</p>\n\n                                <p>- Drawstring hood with built-in cap</p>\n\n                                <p>- Front placket with snap buttons</p>\n\n                                <p>- Ventilation under armpit</p>\n\n                                <p>- Adjustable cuffs</p>\n\n                                <p>- Double welted front pockets</p>\n\n                                <p>- Adjustable elastic string at hempen</p>\n\n                                <p>- Ultrasonically welded seams</p>\n\n                                <p>This is a unisex item, please check our clothing &amp; footwear sizing guide for specific Rains jacket sizing information. RAINS comes from the rainy nation of Denmark at the edge of the European continent, close to the ocean and with prevailing westerly winds; all factors that contribute to an average of 121 rain days each year. Arising from these rainy weather conditions comes the attitude that a quick rain shower may be beautiful, as well as moody- but first and foremost requires the right outfit. Rains focus on the whole experience of going outside on rainy days, issuing an invitation to explore even in the most mercurial weather.</p>','published','[\"products\\/product-35.jpg\",\"products\\/product-60.jpg\",\"products\\/product-2.jpg\",\"products\\/product-75.jpg\",\"products\\/product-56.jpg\",\"products\\/product-78.jpg\",\"products\\/product-9.jpg\",\"products\\/product-68.jpg\",\"products\\/product-47.jpg\"]',NULL,'NC-191-A0',0,16,0,1,'in_stock',1,5,0,0,455,NULL,NULL,NULL,11,20,20,738,NULL,145699,'2025-06-09 17:17:51','2025-06-09 17:17:54',0,'Botble\\ACL\\Models\\User',NULL,'digital',NULL,NULL,0,0,0,0,1),(14,'Red &amp; Black Headphone','<p>Short Hooded Coat features a straight body, large pockets with button flaps, ventilation air holes, and a string detail along the hemline.</p>','<p>Short Hooded Coat features a straight body, large pockets with button flaps, ventilation air holes, and a string detail along the hemline. The style is completed with a drawstring hood, featuring Rains’ signature built-in cap. Made from waterproof, matte PU, this lightweight unisex rain jacket is an ode to nostalgia through its classic silhouette and utilitarian design details.</p>\n                                <p>- Casual unisex fit</p>\n\n                                <p>- 64% polyester, 36% polyurethane</p>\n\n                                <p>- Water column pressure: 4000 mm</p>\n\n                                <p>- Model is 187cm tall and wearing a size S / M</p>\n\n                                <p>- Unisex fit</p>\n\n                                <p>- Drawstring hood with built-in cap</p>\n\n                                <p>- Front placket with snap buttons</p>\n\n                                <p>- Ventilation under armpit</p>\n\n                                <p>- Adjustable cuffs</p>\n\n                                <p>- Double welted front pockets</p>\n\n                                <p>- Adjustable elastic string at hempen</p>\n\n                                <p>- Ultrasonically welded seams</p>\n\n                                <p>This is a unisex item, please check our clothing &amp; footwear sizing guide for specific Rains jacket sizing information. RAINS comes from the rainy nation of Denmark at the edge of the European continent, close to the ocean and with prevailing westerly winds; all factors that contribute to an average of 121 rain days each year. Arising from these rainy weather conditions comes the attitude that a quick rain shower may be beautiful, as well as moody- but first and foremost requires the right outfit. Rains focus on the whole experience of going outside on rainy days, issuing an invitation to explore even in the most mercurial weather.</p>','published','[\"products\\/product-37.jpg\",\"products\\/product-20.jpg\",\"products\\/product-65.jpg\",\"products\\/product-39.jpg\",\"products\\/product-50.jpg\",\"products\\/product-95.jpg\"]',NULL,'NC-103-A0',0,17,0,1,'in_stock',1,4,0,0,243,NULL,NULL,NULL,16,13,16,662,NULL,138417,'2025-06-09 17:17:51','2025-06-09 17:17:54',0,'Botble\\ACL\\Models\\User',NULL,'physical',NULL,NULL,0,0,0,0,1),(15,'Smart Watch External','<p>Short Hooded Coat features a straight body, large pockets with button flaps, ventilation air holes, and a string detail along the hemline.</p>','<p>Short Hooded Coat features a straight body, large pockets with button flaps, ventilation air holes, and a string detail along the hemline. The style is completed with a drawstring hood, featuring Rains’ signature built-in cap. Made from waterproof, matte PU, this lightweight unisex rain jacket is an ode to nostalgia through its classic silhouette and utilitarian design details.</p>\n                                <p>- Casual unisex fit</p>\n\n                                <p>- 64% polyester, 36% polyurethane</p>\n\n                                <p>- Water column pressure: 4000 mm</p>\n\n                                <p>- Model is 187cm tall and wearing a size S / M</p>\n\n                                <p>- Unisex fit</p>\n\n                                <p>- Drawstring hood with built-in cap</p>\n\n                                <p>- Front placket with snap buttons</p>\n\n                                <p>- Ventilation under armpit</p>\n\n                                <p>- Adjustable cuffs</p>\n\n                                <p>- Double welted front pockets</p>\n\n                                <p>- Adjustable elastic string at hempen</p>\n\n                                <p>- Ultrasonically welded seams</p>\n\n                                <p>This is a unisex item, please check our clothing &amp; footwear sizing guide for specific Rains jacket sizing information. RAINS comes from the rainy nation of Denmark at the edge of the European continent, close to the ocean and with prevailing westerly winds; all factors that contribute to an average of 121 rain days each year. Arising from these rainy weather conditions comes the attitude that a quick rain shower may be beautiful, as well as moody- but first and foremost requires the right outfit. Rains focus on the whole experience of going outside on rainy days, issuing an invitation to explore even in the most mercurial weather.</p>','published','[\"products\\/product-8.jpg\",\"products\\/product-90.jpg\",\"products\\/product-56.jpg\",\"products\\/product-37.jpg\",\"products\\/product-70.jpg\",\"products\\/product-13.jpg\",\"products\\/product-20.jpg\"]',NULL,'NC-173-A0',0,13,0,1,'in_stock',0,4,0,0,399,NULL,NULL,NULL,12,19,10,756,NULL,117373,'2025-06-09 17:17:51','2025-06-09 17:17:54',0,'Botble\\ACL\\Models\\User',NULL,'physical',NULL,NULL,0,0,0,0,2),(16,'Nikon HD camera','<p>Short Hooded Coat features a straight body, large pockets with button flaps, ventilation air holes, and a string detail along the hemline.</p>','<p>Short Hooded Coat features a straight body, large pockets with button flaps, ventilation air holes, and a string detail along the hemline. The style is completed with a drawstring hood, featuring Rains’ signature built-in cap. Made from waterproof, matte PU, this lightweight unisex rain jacket is an ode to nostalgia through its classic silhouette and utilitarian design details.</p>\n                                <p>- Casual unisex fit</p>\n\n                                <p>- 64% polyester, 36% polyurethane</p>\n\n                                <p>- Water column pressure: 4000 mm</p>\n\n                                <p>- Model is 187cm tall and wearing a size S / M</p>\n\n                                <p>- Unisex fit</p>\n\n                                <p>- Drawstring hood with built-in cap</p>\n\n                                <p>- Front placket with snap buttons</p>\n\n                                <p>- Ventilation under armpit</p>\n\n                                <p>- Adjustable cuffs</p>\n\n                                <p>- Double welted front pockets</p>\n\n                                <p>- Adjustable elastic string at hempen</p>\n\n                                <p>- Ultrasonically welded seams</p>\n\n                                <p>This is a unisex item, please check our clothing &amp; footwear sizing guide for specific Rains jacket sizing information. RAINS comes from the rainy nation of Denmark at the edge of the European continent, close to the ocean and with prevailing westerly winds; all factors that contribute to an average of 121 rain days each year. Arising from these rainy weather conditions comes the attitude that a quick rain shower may be beautiful, as well as moody- but first and foremost requires the right outfit. Rains focus on the whole experience of going outside on rainy days, issuing an invitation to explore even in the most mercurial weather.</p>','published','[\"products\\/product-39.jpg\",\"products\\/product-27.jpg\",\"products\\/product-86.jpg\",\"products\\/product-73.jpg\",\"products\\/product-22.jpg\"]',NULL,'NC-136-A0',0,19,0,1,'in_stock',0,2,0,0,470,347.8,NULL,NULL,11,10,18,711,NULL,106054,'2025-06-09 17:17:51','2025-06-09 17:17:54',0,'Botble\\ACL\\Models\\User',NULL,'physical',NULL,NULL,0,0,0,0,1),(17,'Audio Equipment','<p>Short Hooded Coat features a straight body, large pockets with button flaps, ventilation air holes, and a string detail along the hemline.</p>','<p>Short Hooded Coat features a straight body, large pockets with button flaps, ventilation air holes, and a string detail along the hemline. The style is completed with a drawstring hood, featuring Rains’ signature built-in cap. Made from waterproof, matte PU, this lightweight unisex rain jacket is an ode to nostalgia through its classic silhouette and utilitarian design details.</p>\n                                <p>- Casual unisex fit</p>\n\n                                <p>- 64% polyester, 36% polyurethane</p>\n\n                                <p>- Water column pressure: 4000 mm</p>\n\n                                <p>- Model is 187cm tall and wearing a size S / M</p>\n\n                                <p>- Unisex fit</p>\n\n                                <p>- Drawstring hood with built-in cap</p>\n\n                                <p>- Front placket with snap buttons</p>\n\n                                <p>- Ventilation under armpit</p>\n\n                                <p>- Adjustable cuffs</p>\n\n                                <p>- Double welted front pockets</p>\n\n                                <p>- Adjustable elastic string at hempen</p>\n\n                                <p>- Ultrasonically welded seams</p>\n\n                                <p>This is a unisex item, please check our clothing &amp; footwear sizing guide for specific Rains jacket sizing information. RAINS comes from the rainy nation of Denmark at the edge of the European continent, close to the ocean and with prevailing westerly winds; all factors that contribute to an average of 121 rain days each year. Arising from these rainy weather conditions comes the attitude that a quick rain shower may be beautiful, as well as moody- but first and foremost requires the right outfit. Rains focus on the whole experience of going outside on rainy days, issuing an invitation to explore even in the most mercurial weather.</p>','published','[\"products\\/product-69.jpg\",\"products\\/product-76.jpg\",\"products\\/product-6.jpg\",\"products\\/product-25.jpg\",\"products\\/product-67.jpg\"]',NULL,'NC-195-A0',0,12,0,1,'in_stock',0,4,0,0,289,NULL,NULL,NULL,16,19,20,681,NULL,185755,'2025-06-09 17:17:51','2025-06-09 17:17:54',0,'Botble\\ACL\\Models\\User',NULL,'digital',NULL,NULL,0,0,0,0,1),(18,'Smart Televisions','<p>Short Hooded Coat features a straight body, large pockets with button flaps, ventilation air holes, and a string detail along the hemline.</p>','<p>Short Hooded Coat features a straight body, large pockets with button flaps, ventilation air holes, and a string detail along the hemline. The style is completed with a drawstring hood, featuring Rains’ signature built-in cap. Made from waterproof, matte PU, this lightweight unisex rain jacket is an ode to nostalgia through its classic silhouette and utilitarian design details.</p>\n                                <p>- Casual unisex fit</p>\n\n                                <p>- 64% polyester, 36% polyurethane</p>\n\n                                <p>- Water column pressure: 4000 mm</p>\n\n                                <p>- Model is 187cm tall and wearing a size S / M</p>\n\n                                <p>- Unisex fit</p>\n\n                                <p>- Drawstring hood with built-in cap</p>\n\n                                <p>- Front placket with snap buttons</p>\n\n                                <p>- Ventilation under armpit</p>\n\n                                <p>- Adjustable cuffs</p>\n\n                                <p>- Double welted front pockets</p>\n\n                                <p>- Adjustable elastic string at hempen</p>\n\n                                <p>- Ultrasonically welded seams</p>\n\n                                <p>This is a unisex item, please check our clothing &amp; footwear sizing guide for specific Rains jacket sizing information. RAINS comes from the rainy nation of Denmark at the edge of the European continent, close to the ocean and with prevailing westerly winds; all factors that contribute to an average of 121 rain days each year. Arising from these rainy weather conditions comes the attitude that a quick rain shower may be beautiful, as well as moody- but first and foremost requires the right outfit. Rains focus on the whole experience of going outside on rainy days, issuing an invitation to explore even in the most mercurial weather.</p>','published','[\"products\\/product-22.jpg\",\"products\\/product-47.jpg\",\"products\\/product-48.jpg\",\"products\\/product-69.jpg\",\"products\\/product-82.jpg\"]',NULL,'NC-184-A0',0,18,0,1,'in_stock',1,4,0,0,395,NULL,NULL,NULL,17,19,17,816,NULL,154406,'2025-06-09 17:17:51','2025-06-09 17:17:54',0,'Botble\\ACL\\Models\\User',NULL,'physical',NULL,NULL,0,0,0,0,2),(19,'Samsung Smart Phone','<p>Short Hooded Coat features a straight body, large pockets with button flaps, ventilation air holes, and a string detail along the hemline.</p>','<p>Short Hooded Coat features a straight body, large pockets with button flaps, ventilation air holes, and a string detail along the hemline. The style is completed with a drawstring hood, featuring Rains’ signature built-in cap. Made from waterproof, matte PU, this lightweight unisex rain jacket is an ode to nostalgia through its classic silhouette and utilitarian design details.</p>\n                                <p>- Casual unisex fit</p>\n\n                                <p>- 64% polyester, 36% polyurethane</p>\n\n                                <p>- Water column pressure: 4000 mm</p>\n\n                                <p>- Model is 187cm tall and wearing a size S / M</p>\n\n                                <p>- Unisex fit</p>\n\n                                <p>- Drawstring hood with built-in cap</p>\n\n                                <p>- Front placket with snap buttons</p>\n\n                                <p>- Ventilation under armpit</p>\n\n                                <p>- Adjustable cuffs</p>\n\n                                <p>- Double welted front pockets</p>\n\n                                <p>- Adjustable elastic string at hempen</p>\n\n                                <p>- Ultrasonically welded seams</p>\n\n                                <p>This is a unisex item, please check our clothing &amp; footwear sizing guide for specific Rains jacket sizing information. RAINS comes from the rainy nation of Denmark at the edge of the European continent, close to the ocean and with prevailing westerly winds; all factors that contribute to an average of 121 rain days each year. Arising from these rainy weather conditions comes the attitude that a quick rain shower may be beautiful, as well as moody- but first and foremost requires the right outfit. Rains focus on the whole experience of going outside on rainy days, issuing an invitation to explore even in the most mercurial weather.</p>','published','[\"products\\/product-23.jpg\",\"products\\/product-19.jpg\",\"products\\/product-3.jpg\",\"products\\/product-34.jpg\",\"products\\/product-92.jpg\",\"products\\/product-1.jpg\",\"products\\/product-46.jpg\",\"products\\/product-40.jpg\"]',NULL,'NC-151-A0',0,11,0,1,'in_stock',0,5,0,0,213,NULL,NULL,NULL,10,10,16,705,NULL,177751,'2025-06-09 17:17:51','2025-06-09 17:17:54',0,'Botble\\ACL\\Models\\User',NULL,'physical',NULL,NULL,0,0,0,0,1),(20,'Herschel Leather Duffle Bag In Brown Color','<p>Short Hooded Coat features a straight body, large pockets with button flaps, ventilation air holes, and a string detail along the hemline.</p>','<p>Short Hooded Coat features a straight body, large pockets with button flaps, ventilation air holes, and a string detail along the hemline. The style is completed with a drawstring hood, featuring Rains’ signature built-in cap. Made from waterproof, matte PU, this lightweight unisex rain jacket is an ode to nostalgia through its classic silhouette and utilitarian design details.</p>\n                                <p>- Casual unisex fit</p>\n\n                                <p>- 64% polyester, 36% polyurethane</p>\n\n                                <p>- Water column pressure: 4000 mm</p>\n\n                                <p>- Model is 187cm tall and wearing a size S / M</p>\n\n                                <p>- Unisex fit</p>\n\n                                <p>- Drawstring hood with built-in cap</p>\n\n                                <p>- Front placket with snap buttons</p>\n\n                                <p>- Ventilation under armpit</p>\n\n                                <p>- Adjustable cuffs</p>\n\n                                <p>- Double welted front pockets</p>\n\n                                <p>- Adjustable elastic string at hempen</p>\n\n                                <p>- Ultrasonically welded seams</p>\n\n                                <p>This is a unisex item, please check our clothing &amp; footwear sizing guide for specific Rains jacket sizing information. RAINS comes from the rainy nation of Denmark at the edge of the European continent, close to the ocean and with prevailing westerly winds; all factors that contribute to an average of 121 rain days each year. Arising from these rainy weather conditions comes the attitude that a quick rain shower may be beautiful, as well as moody- but first and foremost requires the right outfit. Rains focus on the whole experience of going outside on rainy days, issuing an invitation to explore even in the most mercurial weather.</p>','published','[\"products\\/product-77.jpg\",\"products\\/product-74.jpg\",\"products\\/product-46.jpg\",\"products\\/product-24.jpg\",\"products\\/product-33.jpg\",\"products\\/product-59.jpg\",\"products\\/product-43.jpg\",\"products\\/product-78.jpg\"]',NULL,'NC-147-A0',0,15,0,1,'in_stock',1,5,0,0,496,396.8,NULL,NULL,20,17,19,510,NULL,19211,'2025-06-09 17:17:51','2025-06-09 17:17:54',0,'Botble\\ACL\\Models\\User',NULL,'physical',NULL,NULL,0,0,0,0,2),(21,'Xbox One Wireless Controller Black Color','<p>Short Hooded Coat features a straight body, large pockets with button flaps, ventilation air holes, and a string detail along the hemline.</p>','<p>Short Hooded Coat features a straight body, large pockets with button flaps, ventilation air holes, and a string detail along the hemline. The style is completed with a drawstring hood, featuring Rains’ signature built-in cap. Made from waterproof, matte PU, this lightweight unisex rain jacket is an ode to nostalgia through its classic silhouette and utilitarian design details.</p>\n                                <p>- Casual unisex fit</p>\n\n                                <p>- 64% polyester, 36% polyurethane</p>\n\n                                <p>- Water column pressure: 4000 mm</p>\n\n                                <p>- Model is 187cm tall and wearing a size S / M</p>\n\n                                <p>- Unisex fit</p>\n\n                                <p>- Drawstring hood with built-in cap</p>\n\n                                <p>- Front placket with snap buttons</p>\n\n                                <p>- Ventilation under armpit</p>\n\n                                <p>- Adjustable cuffs</p>\n\n                                <p>- Double welted front pockets</p>\n\n                                <p>- Adjustable elastic string at hempen</p>\n\n                                <p>- Ultrasonically welded seams</p>\n\n                                <p>This is a unisex item, please check our clothing &amp; footwear sizing guide for specific Rains jacket sizing information. RAINS comes from the rainy nation of Denmark at the edge of the European continent, close to the ocean and with prevailing westerly winds; all factors that contribute to an average of 121 rain days each year. Arising from these rainy weather conditions comes the attitude that a quick rain shower may be beautiful, as well as moody- but first and foremost requires the right outfit. Rains focus on the whole experience of going outside on rainy days, issuing an invitation to explore even in the most mercurial weather.</p>','published','[\"products\\/product-20.jpg\",\"products\\/product-74.jpg\",\"products\\/product-11.jpg\",\"products\\/product-76.jpg\",\"products\\/product-67.jpg\",\"products\\/product-66.jpg\",\"products\\/product-82.jpg\"]',NULL,'NC-157-A0',0,17,0,1,'in_stock',1,5,0,0,350,NULL,NULL,NULL,19,13,15,714,NULL,17885,'2025-06-09 17:17:51','2025-06-09 17:17:54',0,'Botble\\ACL\\Models\\User',NULL,'digital',NULL,NULL,0,0,0,0,2),(22,'EPSION Plaster Printer','<p>Short Hooded Coat features a straight body, large pockets with button flaps, ventilation air holes, and a string detail along the hemline.</p>','<p>Short Hooded Coat features a straight body, large pockets with button flaps, ventilation air holes, and a string detail along the hemline. The style is completed with a drawstring hood, featuring Rains’ signature built-in cap. Made from waterproof, matte PU, this lightweight unisex rain jacket is an ode to nostalgia through its classic silhouette and utilitarian design details.</p>\n                                <p>- Casual unisex fit</p>\n\n                                <p>- 64% polyester, 36% polyurethane</p>\n\n                                <p>- Water column pressure: 4000 mm</p>\n\n                                <p>- Model is 187cm tall and wearing a size S / M</p>\n\n                                <p>- Unisex fit</p>\n\n                                <p>- Drawstring hood with built-in cap</p>\n\n                                <p>- Front placket with snap buttons</p>\n\n                                <p>- Ventilation under armpit</p>\n\n                                <p>- Adjustable cuffs</p>\n\n                                <p>- Double welted front pockets</p>\n\n                                <p>- Adjustable elastic string at hempen</p>\n\n                                <p>- Ultrasonically welded seams</p>\n\n                                <p>This is a unisex item, please check our clothing &amp; footwear sizing guide for specific Rains jacket sizing information. RAINS comes from the rainy nation of Denmark at the edge of the European continent, close to the ocean and with prevailing westerly winds; all factors that contribute to an average of 121 rain days each year. Arising from these rainy weather conditions comes the attitude that a quick rain shower may be beautiful, as well as moody- but first and foremost requires the right outfit. Rains focus on the whole experience of going outside on rainy days, issuing an invitation to explore even in the most mercurial weather.</p>','published','[\"products\\/product-66.jpg\",\"products\\/product-18.jpg\",\"products\\/product-8.jpg\",\"products\\/product-78.jpg\",\"products\\/product-15.jpg\",\"products\\/product-88.jpg\",\"products\\/product-71.jpg\",\"products\\/product-1.jpg\",\"products\\/product-72.jpg\"]',NULL,'NC-191-A0',0,16,0,1,'in_stock',0,7,0,0,495,NULL,NULL,NULL,10,11,20,768,NULL,147589,'2025-06-09 17:17:51','2025-06-09 17:17:54',0,'Botble\\ACL\\Models\\User',NULL,'physical',NULL,NULL,0,0,0,0,1),(23,'Sound Intone I65 Earphone White Version','<p>Short Hooded Coat features a straight body, large pockets with button flaps, ventilation air holes, and a string detail along the hemline.</p>','<p>Short Hooded Coat features a straight body, large pockets with button flaps, ventilation air holes, and a string detail along the hemline. The style is completed with a drawstring hood, featuring Rains’ signature built-in cap. Made from waterproof, matte PU, this lightweight unisex rain jacket is an ode to nostalgia through its classic silhouette and utilitarian design details.</p>\n                                <p>- Casual unisex fit</p>\n\n                                <p>- 64% polyester, 36% polyurethane</p>\n\n                                <p>- Water column pressure: 4000 mm</p>\n\n                                <p>- Model is 187cm tall and wearing a size S / M</p>\n\n                                <p>- Unisex fit</p>\n\n                                <p>- Drawstring hood with built-in cap</p>\n\n                                <p>- Front placket with snap buttons</p>\n\n                                <p>- Ventilation under armpit</p>\n\n                                <p>- Adjustable cuffs</p>\n\n                                <p>- Double welted front pockets</p>\n\n                                <p>- Adjustable elastic string at hempen</p>\n\n                                <p>- Ultrasonically welded seams</p>\n\n                                <p>This is a unisex item, please check our clothing &amp; footwear sizing guide for specific Rains jacket sizing information. RAINS comes from the rainy nation of Denmark at the edge of the European continent, close to the ocean and with prevailing westerly winds; all factors that contribute to an average of 121 rain days each year. Arising from these rainy weather conditions comes the attitude that a quick rain shower may be beautiful, as well as moody- but first and foremost requires the right outfit. Rains focus on the whole experience of going outside on rainy days, issuing an invitation to explore even in the most mercurial weather.</p>','published','[\"products\\/product-63.jpg\",\"products\\/product-93.jpg\",\"products\\/product-78.jpg\",\"products\\/product-50.jpg\",\"products\\/product-6.jpg\",\"products\\/product-1.jpg\",\"products\\/product-69.jpg\",\"products\\/product-47.jpg\",\"products\\/product-13.jpg\",\"products\\/product-41.jpg\",\"products\\/product-56.jpg\",\"products\\/product-17.jpg\"]',NULL,'NC-112-A0',0,19,0,1,'in_stock',1,7,0,0,386,NULL,NULL,NULL,15,19,13,884,NULL,70260,'2025-06-09 17:17:51','2025-06-09 17:17:54',0,'Botble\\ACL\\Models\\User',NULL,'physical',NULL,NULL,0,0,0,0,1),(24,'B&amp;O Play Mini Bluetooth Speaker','<p>Short Hooded Coat features a straight body, large pockets with button flaps, ventilation air holes, and a string detail along the hemline.</p>','<p>Short Hooded Coat features a straight body, large pockets with button flaps, ventilation air holes, and a string detail along the hemline. The style is completed with a drawstring hood, featuring Rains’ signature built-in cap. Made from waterproof, matte PU, this lightweight unisex rain jacket is an ode to nostalgia through its classic silhouette and utilitarian design details.</p>\n                                <p>- Casual unisex fit</p>\n\n                                <p>- 64% polyester, 36% polyurethane</p>\n\n                                <p>- Water column pressure: 4000 mm</p>\n\n                                <p>- Model is 187cm tall and wearing a size S / M</p>\n\n                                <p>- Unisex fit</p>\n\n                                <p>- Drawstring hood with built-in cap</p>\n\n                                <p>- Front placket with snap buttons</p>\n\n                                <p>- Ventilation under armpit</p>\n\n                                <p>- Adjustable cuffs</p>\n\n                                <p>- Double welted front pockets</p>\n\n                                <p>- Adjustable elastic string at hempen</p>\n\n                                <p>- Ultrasonically welded seams</p>\n\n                                <p>This is a unisex item, please check our clothing &amp; footwear sizing guide for specific Rains jacket sizing information. RAINS comes from the rainy nation of Denmark at the edge of the European continent, close to the ocean and with prevailing westerly winds; all factors that contribute to an average of 121 rain days each year. Arising from these rainy weather conditions comes the attitude that a quick rain shower may be beautiful, as well as moody- but first and foremost requires the right outfit. Rains focus on the whole experience of going outside on rainy days, issuing an invitation to explore even in the most mercurial weather.</p>','published','[\"products\\/product-38.jpg\",\"products\\/product-4.jpg\",\"products\\/product-56.jpg\",\"products\\/product-40.jpg\",\"products\\/product-81.jpg\",\"products\\/product-43.jpg\"]',NULL,'NC-194-A0',0,18,0,1,'in_stock',0,2,0,0,365,270.1,NULL,NULL,12,20,16,851,NULL,38510,'2025-06-09 17:17:51','2025-06-09 17:17:54',0,'Botble\\ACL\\Models\\User',NULL,'physical',NULL,NULL,0,0,0,0,1),(25,'Apple MacBook Air Retina 13.3-Inch Laptop','<p>Short Hooded Coat features a straight body, large pockets with button flaps, ventilation air holes, and a string detail along the hemline.</p>','<p>Short Hooded Coat features a straight body, large pockets with button flaps, ventilation air holes, and a string detail along the hemline. The style is completed with a drawstring hood, featuring Rains’ signature built-in cap. Made from waterproof, matte PU, this lightweight unisex rain jacket is an ode to nostalgia through its classic silhouette and utilitarian design details.</p>\n                                <p>- Casual unisex fit</p>\n\n                                <p>- 64% polyester, 36% polyurethane</p>\n\n                                <p>- Water column pressure: 4000 mm</p>\n\n                                <p>- Model is 187cm tall and wearing a size S / M</p>\n\n                                <p>- Unisex fit</p>\n\n                                <p>- Drawstring hood with built-in cap</p>\n\n                                <p>- Front placket with snap buttons</p>\n\n                                <p>- Ventilation under armpit</p>\n\n                                <p>- Adjustable cuffs</p>\n\n                                <p>- Double welted front pockets</p>\n\n                                <p>- Adjustable elastic string at hempen</p>\n\n                                <p>- Ultrasonically welded seams</p>\n\n                                <p>This is a unisex item, please check our clothing &amp; footwear sizing guide for specific Rains jacket sizing information. RAINS comes from the rainy nation of Denmark at the edge of the European continent, close to the ocean and with prevailing westerly winds; all factors that contribute to an average of 121 rain days each year. Arising from these rainy weather conditions comes the attitude that a quick rain shower may be beautiful, as well as moody- but first and foremost requires the right outfit. Rains focus on the whole experience of going outside on rainy days, issuing an invitation to explore even in the most mercurial weather.</p>','published','[\"products\\/product-92.jpg\",\"products\\/product-47.jpg\",\"products\\/product-88.jpg\",\"products\\/product-29.jpg\",\"products\\/product-87.jpg\"]',NULL,'NC-146-A0',0,12,0,1,'in_stock',0,4,0,0,409,NULL,NULL,NULL,15,16,14,735,NULL,43002,'2025-06-09 17:17:51','2025-06-09 17:17:54',0,'Botble\\ACL\\Models\\User',NULL,'digital',NULL,NULL,0,0,0,0,2),(26,'Apple MacBook Air Retina 12-Inch Laptop','<p>Short Hooded Coat features a straight body, large pockets with button flaps, ventilation air holes, and a string detail along the hemline.</p>','<p>Short Hooded Coat features a straight body, large pockets with button flaps, ventilation air holes, and a string detail along the hemline. The style is completed with a drawstring hood, featuring Rains’ signature built-in cap. Made from waterproof, matte PU, this lightweight unisex rain jacket is an ode to nostalgia through its classic silhouette and utilitarian design details.</p>\n                                <p>- Casual unisex fit</p>\n\n                                <p>- 64% polyester, 36% polyurethane</p>\n\n                                <p>- Water column pressure: 4000 mm</p>\n\n                                <p>- Model is 187cm tall and wearing a size S / M</p>\n\n                                <p>- Unisex fit</p>\n\n                                <p>- Drawstring hood with built-in cap</p>\n\n                                <p>- Front placket with snap buttons</p>\n\n                                <p>- Ventilation under armpit</p>\n\n                                <p>- Adjustable cuffs</p>\n\n                                <p>- Double welted front pockets</p>\n\n                                <p>- Adjustable elastic string at hempen</p>\n\n                                <p>- Ultrasonically welded seams</p>\n\n                                <p>This is a unisex item, please check our clothing &amp; footwear sizing guide for specific Rains jacket sizing information. RAINS comes from the rainy nation of Denmark at the edge of the European continent, close to the ocean and with prevailing westerly winds; all factors that contribute to an average of 121 rain days each year. Arising from these rainy weather conditions comes the attitude that a quick rain shower may be beautiful, as well as moody- but first and foremost requires the right outfit. Rains focus on the whole experience of going outside on rainy days, issuing an invitation to explore even in the most mercurial weather.</p>','published','[\"products\\/product-64.jpg\",\"products\\/product-31.jpg\",\"products\\/product-57.jpg\",\"products\\/product-21.jpg\",\"products\\/product-67.jpg\",\"products\\/product-85.jpg\"]',NULL,'NC-107-A0',0,17,0,1,'in_stock',0,6,0,0,299,NULL,NULL,NULL,17,14,12,882,NULL,31367,'2025-06-09 17:17:51','2025-06-09 17:17:54',0,'Botble\\ACL\\Models\\User',NULL,'physical',NULL,NULL,0,0,0,0,1),(27,'Samsung Gear VR Virtual Reality Headset','<p>Short Hooded Coat features a straight body, large pockets with button flaps, ventilation air holes, and a string detail along the hemline.</p>','<p>Short Hooded Coat features a straight body, large pockets with button flaps, ventilation air holes, and a string detail along the hemline. The style is completed with a drawstring hood, featuring Rains’ signature built-in cap. Made from waterproof, matte PU, this lightweight unisex rain jacket is an ode to nostalgia through its classic silhouette and utilitarian design details.</p>\n                                <p>- Casual unisex fit</p>\n\n                                <p>- 64% polyester, 36% polyurethane</p>\n\n                                <p>- Water column pressure: 4000 mm</p>\n\n                                <p>- Model is 187cm tall and wearing a size S / M</p>\n\n                                <p>- Unisex fit</p>\n\n                                <p>- Drawstring hood with built-in cap</p>\n\n                                <p>- Front placket with snap buttons</p>\n\n                                <p>- Ventilation under armpit</p>\n\n                                <p>- Adjustable cuffs</p>\n\n                                <p>- Double welted front pockets</p>\n\n                                <p>- Adjustable elastic string at hempen</p>\n\n                                <p>- Ultrasonically welded seams</p>\n\n                                <p>This is a unisex item, please check our clothing &amp; footwear sizing guide for specific Rains jacket sizing information. RAINS comes from the rainy nation of Denmark at the edge of the European continent, close to the ocean and with prevailing westerly winds; all factors that contribute to an average of 121 rain days each year. Arising from these rainy weather conditions comes the attitude that a quick rain shower may be beautiful, as well as moody- but first and foremost requires the right outfit. Rains focus on the whole experience of going outside on rainy days, issuing an invitation to explore even in the most mercurial weather.</p>','published','[\"products\\/product-93.jpg\",\"products\\/product-22.jpg\",\"products\\/product-77.jpg\",\"products\\/product-23.jpg\",\"products\\/product-49.jpg\",\"products\\/product-86.jpg\"]',NULL,'NC-112-A0',0,18,0,1,'in_stock',0,1,0,0,231,NULL,NULL,NULL,18,12,20,828,NULL,104726,'2025-06-09 17:17:51','2025-06-09 17:17:54',0,'Botble\\ACL\\Models\\User',NULL,'physical',NULL,NULL,0,0,0,0,1),(28,'Aveeno Moisturizing Body Shower 450ml','<p>Short Hooded Coat features a straight body, large pockets with button flaps, ventilation air holes, and a string detail along the hemline.</p>','<p>Short Hooded Coat features a straight body, large pockets with button flaps, ventilation air holes, and a string detail along the hemline. The style is completed with a drawstring hood, featuring Rains’ signature built-in cap. Made from waterproof, matte PU, this lightweight unisex rain jacket is an ode to nostalgia through its classic silhouette and utilitarian design details.</p>\n                                <p>- Casual unisex fit</p>\n\n                                <p>- 64% polyester, 36% polyurethane</p>\n\n                                <p>- Water column pressure: 4000 mm</p>\n\n                                <p>- Model is 187cm tall and wearing a size S / M</p>\n\n                                <p>- Unisex fit</p>\n\n                                <p>- Drawstring hood with built-in cap</p>\n\n                                <p>- Front placket with snap buttons</p>\n\n                                <p>- Ventilation under armpit</p>\n\n                                <p>- Adjustable cuffs</p>\n\n                                <p>- Double welted front pockets</p>\n\n                                <p>- Adjustable elastic string at hempen</p>\n\n                                <p>- Ultrasonically welded seams</p>\n\n                                <p>This is a unisex item, please check our clothing &amp; footwear sizing guide for specific Rains jacket sizing information. RAINS comes from the rainy nation of Denmark at the edge of the European continent, close to the ocean and with prevailing westerly winds; all factors that contribute to an average of 121 rain days each year. Arising from these rainy weather conditions comes the attitude that a quick rain shower may be beautiful, as well as moody- but first and foremost requires the right outfit. Rains focus on the whole experience of going outside on rainy days, issuing an invitation to explore even in the most mercurial weather.</p>','published','[\"products\\/product-87.jpg\",\"products\\/product-25.jpg\",\"products\\/product-23.jpg\",\"products\\/product-1.jpg\",\"products\\/product-52.jpg\",\"products\\/product-68.jpg\",\"products\\/product-24.jpg\",\"products\\/product-95.jpg\"]',NULL,'NC-100-A0',0,12,0,1,'in_stock',0,7,0,0,248,223.2,NULL,NULL,15,18,11,869,NULL,71680,'2025-06-09 17:17:51','2025-06-09 17:17:54',0,'Botble\\ACL\\Models\\User',NULL,'physical',NULL,NULL,0,0,0,0,2),(29,'NYX Beauty Couton Pallete Makeup 12','<p>Short Hooded Coat features a straight body, large pockets with button flaps, ventilation air holes, and a string detail along the hemline.</p>','<p>Short Hooded Coat features a straight body, large pockets with button flaps, ventilation air holes, and a string detail along the hemline. The style is completed with a drawstring hood, featuring Rains’ signature built-in cap. Made from waterproof, matte PU, this lightweight unisex rain jacket is an ode to nostalgia through its classic silhouette and utilitarian design details.</p>\n                                <p>- Casual unisex fit</p>\n\n                                <p>- 64% polyester, 36% polyurethane</p>\n\n                                <p>- Water column pressure: 4000 mm</p>\n\n                                <p>- Model is 187cm tall and wearing a size S / M</p>\n\n                                <p>- Unisex fit</p>\n\n                                <p>- Drawstring hood with built-in cap</p>\n\n                                <p>- Front placket with snap buttons</p>\n\n                                <p>- Ventilation under armpit</p>\n\n                                <p>- Adjustable cuffs</p>\n\n                                <p>- Double welted front pockets</p>\n\n                                <p>- Adjustable elastic string at hempen</p>\n\n                                <p>- Ultrasonically welded seams</p>\n\n                                <p>This is a unisex item, please check our clothing &amp; footwear sizing guide for specific Rains jacket sizing information. RAINS comes from the rainy nation of Denmark at the edge of the European continent, close to the ocean and with prevailing westerly winds; all factors that contribute to an average of 121 rain days each year. Arising from these rainy weather conditions comes the attitude that a quick rain shower may be beautiful, as well as moody- but first and foremost requires the right outfit. Rains focus on the whole experience of going outside on rainy days, issuing an invitation to explore even in the most mercurial weather.</p>','published','[\"products\\/product-37.jpg\",\"products\\/product-78.jpg\",\"products\\/product-55.jpg\",\"products\\/product-39.jpg\",\"products\\/product-10.jpg\",\"products\\/product-94.jpg\",\"products\\/product-83.jpg\",\"products\\/product-58.jpg\"]',NULL,'NC-158-A0',0,10,0,1,'in_stock',0,4,0,0,380,NULL,NULL,NULL,13,19,14,670,NULL,79495,'2025-06-09 17:17:51','2025-06-09 17:17:54',0,'Botble\\ACL\\Models\\User',NULL,'digital',NULL,NULL,0,0,0,0,2),(30,'NYX Beauty Couton Pallete Makeup 12','<p>Short Hooded Coat features a straight body, large pockets with button flaps, ventilation air holes, and a string detail along the hemline.</p>','<p>Short Hooded Coat features a straight body, large pockets with button flaps, ventilation air holes, and a string detail along the hemline. The style is completed with a drawstring hood, featuring Rains’ signature built-in cap. Made from waterproof, matte PU, this lightweight unisex rain jacket is an ode to nostalgia through its classic silhouette and utilitarian design details.</p>\n                                <p>- Casual unisex fit</p>\n\n                                <p>- 64% polyester, 36% polyurethane</p>\n\n                                <p>- Water column pressure: 4000 mm</p>\n\n                                <p>- Model is 187cm tall and wearing a size S / M</p>\n\n                                <p>- Unisex fit</p>\n\n                                <p>- Drawstring hood with built-in cap</p>\n\n                                <p>- Front placket with snap buttons</p>\n\n                                <p>- Ventilation under armpit</p>\n\n                                <p>- Adjustable cuffs</p>\n\n                                <p>- Double welted front pockets</p>\n\n                                <p>- Adjustable elastic string at hempen</p>\n\n                                <p>- Ultrasonically welded seams</p>\n\n                                <p>This is a unisex item, please check our clothing &amp; footwear sizing guide for specific Rains jacket sizing information. RAINS comes from the rainy nation of Denmark at the edge of the European continent, close to the ocean and with prevailing westerly winds; all factors that contribute to an average of 121 rain days each year. Arising from these rainy weather conditions comes the attitude that a quick rain shower may be beautiful, as well as moody- but first and foremost requires the right outfit. Rains focus on the whole experience of going outside on rainy days, issuing an invitation to explore even in the most mercurial weather.</p>','published','[\"products\\/product-92.jpg\",\"products\\/product-70.jpg\",\"products\\/product-8.jpg\",\"products\\/product-85.jpg\",\"products\\/product-45.jpg\",\"products\\/product-30.jpg\",\"products\\/product-83.jpg\",\"products\\/product-95.jpg\",\"products\\/product-43.jpg\",\"products\\/product-73.jpg\",\"products\\/product-79.jpg\",\"products\\/product-58.jpg\"]',NULL,'NC-185-A0',0,18,0,1,'in_stock',1,5,0,0,366,NULL,NULL,NULL,17,20,13,781,NULL,182091,'2025-06-09 17:17:51','2025-06-09 17:17:54',0,'Botble\\ACL\\Models\\User',NULL,'physical',NULL,NULL,0,0,0,0,2),(31,'MVMTH Classical Leather Watch In Black','<p>Short Hooded Coat features a straight body, large pockets with button flaps, ventilation air holes, and a string detail along the hemline.</p>','<p>Short Hooded Coat features a straight body, large pockets with button flaps, ventilation air holes, and a string detail along the hemline. The style is completed with a drawstring hood, featuring Rains’ signature built-in cap. Made from waterproof, matte PU, this lightweight unisex rain jacket is an ode to nostalgia through its classic silhouette and utilitarian design details.</p>\n                                <p>- Casual unisex fit</p>\n\n                                <p>- 64% polyester, 36% polyurethane</p>\n\n                                <p>- Water column pressure: 4000 mm</p>\n\n                                <p>- Model is 187cm tall and wearing a size S / M</p>\n\n                                <p>- Unisex fit</p>\n\n                                <p>- Drawstring hood with built-in cap</p>\n\n                                <p>- Front placket with snap buttons</p>\n\n                                <p>- Ventilation under armpit</p>\n\n                                <p>- Adjustable cuffs</p>\n\n                                <p>- Double welted front pockets</p>\n\n                                <p>- Adjustable elastic string at hempen</p>\n\n                                <p>- Ultrasonically welded seams</p>\n\n                                <p>This is a unisex item, please check our clothing &amp; footwear sizing guide for specific Rains jacket sizing information. RAINS comes from the rainy nation of Denmark at the edge of the European continent, close to the ocean and with prevailing westerly winds; all factors that contribute to an average of 121 rain days each year. Arising from these rainy weather conditions comes the attitude that a quick rain shower may be beautiful, as well as moody- but first and foremost requires the right outfit. Rains focus on the whole experience of going outside on rainy days, issuing an invitation to explore even in the most mercurial weather.</p>','published','[\"products\\/product-5.jpg\",\"products\\/product-53.jpg\",\"products\\/product-75.jpg\",\"products\\/product-77.jpg\",\"products\\/product-81.jpg\",\"products\\/product-34.jpg\",\"products\\/product-65.jpg\"]',NULL,'NC-116-A0',0,13,0,1,'in_stock',1,1,0,0,244,NULL,NULL,NULL,13,15,19,628,NULL,15478,'2025-06-09 17:17:51','2025-06-09 17:17:54',0,'Botble\\ACL\\Models\\User',NULL,'physical',NULL,NULL,0,0,0,0,1),(32,'Baxter Care Hair Kit For Bearded Mens','<p>Short Hooded Coat features a straight body, large pockets with button flaps, ventilation air holes, and a string detail along the hemline.</p>','<p>Short Hooded Coat features a straight body, large pockets with button flaps, ventilation air holes, and a string detail along the hemline. The style is completed with a drawstring hood, featuring Rains’ signature built-in cap. Made from waterproof, matte PU, this lightweight unisex rain jacket is an ode to nostalgia through its classic silhouette and utilitarian design details.</p>\n                                <p>- Casual unisex fit</p>\n\n                                <p>- 64% polyester, 36% polyurethane</p>\n\n                                <p>- Water column pressure: 4000 mm</p>\n\n                                <p>- Model is 187cm tall and wearing a size S / M</p>\n\n                                <p>- Unisex fit</p>\n\n                                <p>- Drawstring hood with built-in cap</p>\n\n                                <p>- Front placket with snap buttons</p>\n\n                                <p>- Ventilation under armpit</p>\n\n                                <p>- Adjustable cuffs</p>\n\n                                <p>- Double welted front pockets</p>\n\n                                <p>- Adjustable elastic string at hempen</p>\n\n                                <p>- Ultrasonically welded seams</p>\n\n                                <p>This is a unisex item, please check our clothing &amp; footwear sizing guide for specific Rains jacket sizing information. RAINS comes from the rainy nation of Denmark at the edge of the European continent, close to the ocean and with prevailing westerly winds; all factors that contribute to an average of 121 rain days each year. Arising from these rainy weather conditions comes the attitude that a quick rain shower may be beautiful, as well as moody- but first and foremost requires the right outfit. Rains focus on the whole experience of going outside on rainy days, issuing an invitation to explore even in the most mercurial weather.</p>','published','[\"products\\/product-49.jpg\",\"products\\/product-6.jpg\",\"products\\/product-56.jpg\",\"products\\/product-52.jpg\",\"products\\/product-93.jpg\",\"products\\/product-14.jpg\",\"products\\/product-64.jpg\",\"products\\/product-21.jpg\"]',NULL,'NC-104-A0',0,13,0,1,'in_stock',1,3,0,0,370,284.9,NULL,NULL,19,15,15,886,NULL,191253,'2025-06-09 17:17:51','2025-06-09 17:17:54',0,'Botble\\ACL\\Models\\User',NULL,'physical',NULL,NULL,0,0,0,0,1),(33,'Ciate Palemore Lipstick Bold Red Color','<p>Short Hooded Coat features a straight body, large pockets with button flaps, ventilation air holes, and a string detail along the hemline.</p>','<p>Short Hooded Coat features a straight body, large pockets with button flaps, ventilation air holes, and a string detail along the hemline. The style is completed with a drawstring hood, featuring Rains’ signature built-in cap. Made from waterproof, matte PU, this lightweight unisex rain jacket is an ode to nostalgia through its classic silhouette and utilitarian design details.</p>\n                                <p>- Casual unisex fit</p>\n\n                                <p>- 64% polyester, 36% polyurethane</p>\n\n                                <p>- Water column pressure: 4000 mm</p>\n\n                                <p>- Model is 187cm tall and wearing a size S / M</p>\n\n                                <p>- Unisex fit</p>\n\n                                <p>- Drawstring hood with built-in cap</p>\n\n                                <p>- Front placket with snap buttons</p>\n\n                                <p>- Ventilation under armpit</p>\n\n                                <p>- Adjustable cuffs</p>\n\n                                <p>- Double welted front pockets</p>\n\n                                <p>- Adjustable elastic string at hempen</p>\n\n                                <p>- Ultrasonically welded seams</p>\n\n                                <p>This is a unisex item, please check our clothing &amp; footwear sizing guide for specific Rains jacket sizing information. RAINS comes from the rainy nation of Denmark at the edge of the European continent, close to the ocean and with prevailing westerly winds; all factors that contribute to an average of 121 rain days each year. Arising from these rainy weather conditions comes the attitude that a quick rain shower may be beautiful, as well as moody- but first and foremost requires the right outfit. Rains focus on the whole experience of going outside on rainy days, issuing an invitation to explore even in the most mercurial weather.</p>','published','[\"products\\/product-88.jpg\",\"products\\/product-25.jpg\",\"products\\/product-17.jpg\",\"products\\/product-61.jpg\",\"products\\/product-78.jpg\"]',NULL,'NC-199-A0',0,12,0,1,'in_stock',1,4,0,0,219,NULL,NULL,NULL,20,11,20,579,NULL,9413,'2025-06-09 17:17:51','2025-06-09 17:17:54',0,'Botble\\ACL\\Models\\User',NULL,'digital',NULL,NULL,0,0,0,0,2),(34,'Vimto Squash Remix Apple 1.5 Litres','<p>Short Hooded Coat features a straight body, large pockets with button flaps, ventilation air holes, and a string detail along the hemline.</p>','<p>Short Hooded Coat features a straight body, large pockets with button flaps, ventilation air holes, and a string detail along the hemline. The style is completed with a drawstring hood, featuring Rains’ signature built-in cap. Made from waterproof, matte PU, this lightweight unisex rain jacket is an ode to nostalgia through its classic silhouette and utilitarian design details.</p>\n                                <p>- Casual unisex fit</p>\n\n                                <p>- 64% polyester, 36% polyurethane</p>\n\n                                <p>- Water column pressure: 4000 mm</p>\n\n                                <p>- Model is 187cm tall and wearing a size S / M</p>\n\n                                <p>- Unisex fit</p>\n\n                                <p>- Drawstring hood with built-in cap</p>\n\n                                <p>- Front placket with snap buttons</p>\n\n                                <p>- Ventilation under armpit</p>\n\n                                <p>- Adjustable cuffs</p>\n\n                                <p>- Double welted front pockets</p>\n\n                                <p>- Adjustable elastic string at hempen</p>\n\n                                <p>- Ultrasonically welded seams</p>\n\n                                <p>This is a unisex item, please check our clothing &amp; footwear sizing guide for specific Rains jacket sizing information. RAINS comes from the rainy nation of Denmark at the edge of the European continent, close to the ocean and with prevailing westerly winds; all factors that contribute to an average of 121 rain days each year. Arising from these rainy weather conditions comes the attitude that a quick rain shower may be beautiful, as well as moody- but first and foremost requires the right outfit. Rains focus on the whole experience of going outside on rainy days, issuing an invitation to explore even in the most mercurial weather.</p>','published','[\"products\\/product-22.jpg\",\"products\\/product-58.jpg\",\"products\\/product-34.jpg\",\"products\\/product-59.jpg\",\"products\\/product-8.jpg\",\"products\\/product-72.jpg\"]',NULL,'NC-154-A0',0,14,0,1,'in_stock',0,6,0,0,291,NULL,NULL,NULL,17,15,13,884,NULL,183121,'2025-06-09 17:17:51','2025-06-09 17:17:54',0,'Botble\\ACL\\Models\\User',NULL,'physical',NULL,NULL,0,0,0,0,2),(35,'Crock Pot Slow Cooker','<p>Short Hooded Coat features a straight body, large pockets with button flaps, ventilation air holes, and a string detail along the hemline.</p>','<p>Short Hooded Coat features a straight body, large pockets with button flaps, ventilation air holes, and a string detail along the hemline. The style is completed with a drawstring hood, featuring Rains’ signature built-in cap. Made from waterproof, matte PU, this lightweight unisex rain jacket is an ode to nostalgia through its classic silhouette and utilitarian design details.</p>\n                                <p>- Casual unisex fit</p>\n\n                                <p>- 64% polyester, 36% polyurethane</p>\n\n                                <p>- Water column pressure: 4000 mm</p>\n\n                                <p>- Model is 187cm tall and wearing a size S / M</p>\n\n                                <p>- Unisex fit</p>\n\n                                <p>- Drawstring hood with built-in cap</p>\n\n                                <p>- Front placket with snap buttons</p>\n\n                                <p>- Ventilation under armpit</p>\n\n                                <p>- Adjustable cuffs</p>\n\n                                <p>- Double welted front pockets</p>\n\n                                <p>- Adjustable elastic string at hempen</p>\n\n                                <p>- Ultrasonically welded seams</p>\n\n                                <p>This is a unisex item, please check our clothing &amp; footwear sizing guide for specific Rains jacket sizing information. RAINS comes from the rainy nation of Denmark at the edge of the European continent, close to the ocean and with prevailing westerly winds; all factors that contribute to an average of 121 rain days each year. Arising from these rainy weather conditions comes the attitude that a quick rain shower may be beautiful, as well as moody- but first and foremost requires the right outfit. Rains focus on the whole experience of going outside on rainy days, issuing an invitation to explore even in the most mercurial weather.</p>','published','[\"products\\/product-42.jpg\",\"products\\/product-26.jpg\",\"products\\/product-61.jpg\",\"products\\/product-43.jpg\",\"products\\/product-33.jpg\"]',NULL,'NC-125-A0',0,13,0,1,'in_stock',1,7,0,0,270,NULL,NULL,NULL,12,10,14,570,NULL,98603,'2025-06-09 17:17:51','2025-06-09 17:17:54',0,'Botble\\ACL\\Models\\User',NULL,'physical',NULL,NULL,0,0,0,0,1),(36,'Taylors of Harrogate Yorkshire Coffee','<p>Short Hooded Coat features a straight body, large pockets with button flaps, ventilation air holes, and a string detail along the hemline.</p>','<p>Short Hooded Coat features a straight body, large pockets with button flaps, ventilation air holes, and a string detail along the hemline. The style is completed with a drawstring hood, featuring Rains’ signature built-in cap. Made from waterproof, matte PU, this lightweight unisex rain jacket is an ode to nostalgia through its classic silhouette and utilitarian design details.</p>\n                                <p>- Casual unisex fit</p>\n\n                                <p>- 64% polyester, 36% polyurethane</p>\n\n                                <p>- Water column pressure: 4000 mm</p>\n\n                                <p>- Model is 187cm tall and wearing a size S / M</p>\n\n                                <p>- Unisex fit</p>\n\n                                <p>- Drawstring hood with built-in cap</p>\n\n                                <p>- Front placket with snap buttons</p>\n\n                                <p>- Ventilation under armpit</p>\n\n                                <p>- Adjustable cuffs</p>\n\n                                <p>- Double welted front pockets</p>\n\n                                <p>- Adjustable elastic string at hempen</p>\n\n                                <p>- Ultrasonically welded seams</p>\n\n                                <p>This is a unisex item, please check our clothing &amp; footwear sizing guide for specific Rains jacket sizing information. RAINS comes from the rainy nation of Denmark at the edge of the European continent, close to the ocean and with prevailing westerly winds; all factors that contribute to an average of 121 rain days each year. Arising from these rainy weather conditions comes the attitude that a quick rain shower may be beautiful, as well as moody- but first and foremost requires the right outfit. Rains focus on the whole experience of going outside on rainy days, issuing an invitation to explore even in the most mercurial weather.</p>','published','[\"products\\/product-57.jpg\",\"products\\/product-77.jpg\",\"products\\/product-5.jpg\",\"products\\/product-52.jpg\",\"products\\/product-45.jpg\",\"products\\/product-23.jpg\"]',NULL,'NC-116-A0',0,17,0,1,'in_stock',1,6,0,0,473,416.24,NULL,NULL,13,11,11,832,NULL,102763,'2025-06-09 17:17:51','2025-06-09 17:17:54',0,'Botble\\ACL\\Models\\User',NULL,'physical',NULL,NULL,0,0,0,0,1),(37,'Soft Mochi &amp; Galeto Ice Cream','<p>Short Hooded Coat features a straight body, large pockets with button flaps, ventilation air holes, and a string detail along the hemline.</p>','<p>Short Hooded Coat features a straight body, large pockets with button flaps, ventilation air holes, and a string detail along the hemline. The style is completed with a drawstring hood, featuring Rains’ signature built-in cap. Made from waterproof, matte PU, this lightweight unisex rain jacket is an ode to nostalgia through its classic silhouette and utilitarian design details.</p>\n                                <p>- Casual unisex fit</p>\n\n                                <p>- 64% polyester, 36% polyurethane</p>\n\n                                <p>- Water column pressure: 4000 mm</p>\n\n                                <p>- Model is 187cm tall and wearing a size S / M</p>\n\n                                <p>- Unisex fit</p>\n\n                                <p>- Drawstring hood with built-in cap</p>\n\n                                <p>- Front placket with snap buttons</p>\n\n                                <p>- Ventilation under armpit</p>\n\n                                <p>- Adjustable cuffs</p>\n\n                                <p>- Double welted front pockets</p>\n\n                                <p>- Adjustable elastic string at hempen</p>\n\n                                <p>- Ultrasonically welded seams</p>\n\n                                <p>This is a unisex item, please check our clothing &amp; footwear sizing guide for specific Rains jacket sizing information. RAINS comes from the rainy nation of Denmark at the edge of the European continent, close to the ocean and with prevailing westerly winds; all factors that contribute to an average of 121 rain days each year. Arising from these rainy weather conditions comes the attitude that a quick rain shower may be beautiful, as well as moody- but first and foremost requires the right outfit. Rains focus on the whole experience of going outside on rainy days, issuing an invitation to explore even in the most mercurial weather.</p>','published','[\"products\\/product-35.jpg\",\"products\\/product-80.jpg\",\"products\\/product-91.jpg\",\"products\\/product-72.jpg\",\"products\\/product-42.jpg\",\"products\\/product-60.jpg\"]',NULL,'NC-168-A0',0,18,0,1,'in_stock',1,7,0,0,207,NULL,NULL,NULL,20,15,20,854,NULL,97437,'2025-06-09 17:17:51','2025-06-09 17:17:54',0,'Botble\\ACL\\Models\\User',NULL,'digital',NULL,NULL,0,0,0,0,1),(38,'Naked Noodle Egg Noodles Singapore','<p>Short Hooded Coat features a straight body, large pockets with button flaps, ventilation air holes, and a string detail along the hemline.</p>','<p>Short Hooded Coat features a straight body, large pockets with button flaps, ventilation air holes, and a string detail along the hemline. The style is completed with a drawstring hood, featuring Rains’ signature built-in cap. Made from waterproof, matte PU, this lightweight unisex rain jacket is an ode to nostalgia through its classic silhouette and utilitarian design details.</p>\n                                <p>- Casual unisex fit</p>\n\n                                <p>- 64% polyester, 36% polyurethane</p>\n\n                                <p>- Water column pressure: 4000 mm</p>\n\n                                <p>- Model is 187cm tall and wearing a size S / M</p>\n\n                                <p>- Unisex fit</p>\n\n                                <p>- Drawstring hood with built-in cap</p>\n\n                                <p>- Front placket with snap buttons</p>\n\n                                <p>- Ventilation under armpit</p>\n\n                                <p>- Adjustable cuffs</p>\n\n                                <p>- Double welted front pockets</p>\n\n                                <p>- Adjustable elastic string at hempen</p>\n\n                                <p>- Ultrasonically welded seams</p>\n\n                                <p>This is a unisex item, please check our clothing &amp; footwear sizing guide for specific Rains jacket sizing information. RAINS comes from the rainy nation of Denmark at the edge of the European continent, close to the ocean and with prevailing westerly winds; all factors that contribute to an average of 121 rain days each year. Arising from these rainy weather conditions comes the attitude that a quick rain shower may be beautiful, as well as moody- but first and foremost requires the right outfit. Rains focus on the whole experience of going outside on rainy days, issuing an invitation to explore even in the most mercurial weather.</p>','published','[\"products\\/product-49.jpg\",\"products\\/product-75.jpg\",\"products\\/product-23.jpg\",\"products\\/product-35.jpg\",\"products\\/product-60.jpg\",\"products\\/product-94.jpg\",\"products\\/product-70.jpg\",\"products\\/product-89.jpg\"]',NULL,'NC-115-A0',0,11,0,1,'in_stock',0,4,0,0,433,NULL,NULL,NULL,18,20,11,672,NULL,71656,'2025-06-09 17:17:51','2025-06-09 17:17:54',0,'Botble\\ACL\\Models\\User',NULL,'physical',NULL,NULL,0,0,0,0,2),(39,'Saute Pan Silver','<p>Short Hooded Coat features a straight body, large pockets with button flaps, ventilation air holes, and a string detail along the hemline.</p>','<p>Short Hooded Coat features a straight body, large pockets with button flaps, ventilation air holes, and a string detail along the hemline. The style is completed with a drawstring hood, featuring Rains’ signature built-in cap. Made from waterproof, matte PU, this lightweight unisex rain jacket is an ode to nostalgia through its classic silhouette and utilitarian design details.</p>\n                                <p>- Casual unisex fit</p>\n\n                                <p>- 64% polyester, 36% polyurethane</p>\n\n                                <p>- Water column pressure: 4000 mm</p>\n\n                                <p>- Model is 187cm tall and wearing a size S / M</p>\n\n                                <p>- Unisex fit</p>\n\n                                <p>- Drawstring hood with built-in cap</p>\n\n                                <p>- Front placket with snap buttons</p>\n\n                                <p>- Ventilation under armpit</p>\n\n                                <p>- Adjustable cuffs</p>\n\n                                <p>- Double welted front pockets</p>\n\n                                <p>- Adjustable elastic string at hempen</p>\n\n                                <p>- Ultrasonically welded seams</p>\n\n                                <p>This is a unisex item, please check our clothing &amp; footwear sizing guide for specific Rains jacket sizing information. RAINS comes from the rainy nation of Denmark at the edge of the European continent, close to the ocean and with prevailing westerly winds; all factors that contribute to an average of 121 rain days each year. Arising from these rainy weather conditions comes the attitude that a quick rain shower may be beautiful, as well as moody- but first and foremost requires the right outfit. Rains focus on the whole experience of going outside on rainy days, issuing an invitation to explore even in the most mercurial weather.</p>','published','[\"products\\/product-9.jpg\",\"products\\/product-19.jpg\",\"products\\/product-83.jpg\",\"products\\/product-59.jpg\",\"products\\/product-27.jpg\",\"products\\/product-95.jpg\",\"products\\/product-4.jpg\"]',NULL,'NC-150-A0',0,14,0,1,'in_stock',1,1,0,0,209,NULL,NULL,NULL,18,13,14,726,NULL,58213,'2025-06-09 17:17:51','2025-06-09 17:17:54',0,'Botble\\ACL\\Models\\User',NULL,'physical',NULL,NULL,0,0,0,0,1),(40,'Bar S – Classic Bun Length Franks','<p>Short Hooded Coat features a straight body, large pockets with button flaps, ventilation air holes, and a string detail along the hemline.</p>','<p>Short Hooded Coat features a straight body, large pockets with button flaps, ventilation air holes, and a string detail along the hemline. The style is completed with a drawstring hood, featuring Rains’ signature built-in cap. Made from waterproof, matte PU, this lightweight unisex rain jacket is an ode to nostalgia through its classic silhouette and utilitarian design details.</p>\n                                <p>- Casual unisex fit</p>\n\n                                <p>- 64% polyester, 36% polyurethane</p>\n\n                                <p>- Water column pressure: 4000 mm</p>\n\n                                <p>- Model is 187cm tall and wearing a size S / M</p>\n\n                                <p>- Unisex fit</p>\n\n                                <p>- Drawstring hood with built-in cap</p>\n\n                                <p>- Front placket with snap buttons</p>\n\n                                <p>- Ventilation under armpit</p>\n\n                                <p>- Adjustable cuffs</p>\n\n                                <p>- Double welted front pockets</p>\n\n                                <p>- Adjustable elastic string at hempen</p>\n\n                                <p>- Ultrasonically welded seams</p>\n\n                                <p>This is a unisex item, please check our clothing &amp; footwear sizing guide for specific Rains jacket sizing information. RAINS comes from the rainy nation of Denmark at the edge of the European continent, close to the ocean and with prevailing westerly winds; all factors that contribute to an average of 121 rain days each year. Arising from these rainy weather conditions comes the attitude that a quick rain shower may be beautiful, as well as moody- but first and foremost requires the right outfit. Rains focus on the whole experience of going outside on rainy days, issuing an invitation to explore even in the most mercurial weather.</p>','published','[\"products\\/product-65.jpg\",\"products\\/product-15.jpg\",\"products\\/product-9.jpg\",\"products\\/product-14.jpg\",\"products\\/product-79.jpg\",\"products\\/product-55.jpg\",\"products\\/product-42.jpg\",\"products\\/product-44.jpg\",\"products\\/product-57.jpg\",\"products\\/product-62.jpg\",\"products\\/product-67.jpg\"]',NULL,'NC-113-A0',0,14,0,1,'in_stock',0,2,0,0,379,341.1,NULL,NULL,20,14,10,720,NULL,24006,'2025-06-09 17:17:51','2025-06-09 17:17:54',0,'Botble\\ACL\\Models\\User',NULL,'physical',NULL,NULL,0,0,0,0,1),(41,'Broccoli Crowns','<p>Short Hooded Coat features a straight body, large pockets with button flaps, ventilation air holes, and a string detail along the hemline.</p>','<p>Short Hooded Coat features a straight body, large pockets with button flaps, ventilation air holes, and a string detail along the hemline. The style is completed with a drawstring hood, featuring Rains’ signature built-in cap. Made from waterproof, matte PU, this lightweight unisex rain jacket is an ode to nostalgia through its classic silhouette and utilitarian design details.</p>\n                                <p>- Casual unisex fit</p>\n\n                                <p>- 64% polyester, 36% polyurethane</p>\n\n                                <p>- Water column pressure: 4000 mm</p>\n\n                                <p>- Model is 187cm tall and wearing a size S / M</p>\n\n                                <p>- Unisex fit</p>\n\n                                <p>- Drawstring hood with built-in cap</p>\n\n                                <p>- Front placket with snap buttons</p>\n\n                                <p>- Ventilation under armpit</p>\n\n                                <p>- Adjustable cuffs</p>\n\n                                <p>- Double welted front pockets</p>\n\n                                <p>- Adjustable elastic string at hempen</p>\n\n                                <p>- Ultrasonically welded seams</p>\n\n                                <p>This is a unisex item, please check our clothing &amp; footwear sizing guide for specific Rains jacket sizing information. RAINS comes from the rainy nation of Denmark at the edge of the European continent, close to the ocean and with prevailing westerly winds; all factors that contribute to an average of 121 rain days each year. Arising from these rainy weather conditions comes the attitude that a quick rain shower may be beautiful, as well as moody- but first and foremost requires the right outfit. Rains focus on the whole experience of going outside on rainy days, issuing an invitation to explore even in the most mercurial weather.</p>','published','[\"products\\/product-92.jpg\",\"products\\/product-48.jpg\",\"products\\/product-81.jpg\",\"products\\/product-77.jpg\",\"products\\/product-11.jpg\",\"products\\/product-80.jpg\",\"products\\/product-30.jpg\",\"products\\/product-85.jpg\",\"products\\/product-57.jpg\"]',NULL,'NC-161-A0',0,10,0,1,'in_stock',0,3,0,0,357,NULL,NULL,NULL,16,18,12,722,NULL,144967,'2025-06-09 17:17:51','2025-06-09 17:17:54',0,'Botble\\ACL\\Models\\User',NULL,'digital',NULL,NULL,0,0,0,0,1),(42,'Slimming World Vegan Mac Greens','<p>Short Hooded Coat features a straight body, large pockets with button flaps, ventilation air holes, and a string detail along the hemline.</p>','<p>Short Hooded Coat features a straight body, large pockets with button flaps, ventilation air holes, and a string detail along the hemline. The style is completed with a drawstring hood, featuring Rains’ signature built-in cap. Made from waterproof, matte PU, this lightweight unisex rain jacket is an ode to nostalgia through its classic silhouette and utilitarian design details.</p>\n                                <p>- Casual unisex fit</p>\n\n                                <p>- 64% polyester, 36% polyurethane</p>\n\n                                <p>- Water column pressure: 4000 mm</p>\n\n                                <p>- Model is 187cm tall and wearing a size S / M</p>\n\n                                <p>- Unisex fit</p>\n\n                                <p>- Drawstring hood with built-in cap</p>\n\n                                <p>- Front placket with snap buttons</p>\n\n                                <p>- Ventilation under armpit</p>\n\n                                <p>- Adjustable cuffs</p>\n\n                                <p>- Double welted front pockets</p>\n\n                                <p>- Adjustable elastic string at hempen</p>\n\n                                <p>- Ultrasonically welded seams</p>\n\n                                <p>This is a unisex item, please check our clothing &amp; footwear sizing guide for specific Rains jacket sizing information. RAINS comes from the rainy nation of Denmark at the edge of the European continent, close to the ocean and with prevailing westerly winds; all factors that contribute to an average of 121 rain days each year. Arising from these rainy weather conditions comes the attitude that a quick rain shower may be beautiful, as well as moody- but first and foremost requires the right outfit. Rains focus on the whole experience of going outside on rainy days, issuing an invitation to explore even in the most mercurial weather.</p>','published','[\"products\\/product-58.jpg\",\"products\\/product-53.jpg\",\"products\\/product-13.jpg\",\"products\\/product-59.jpg\",\"products\\/product-3.jpg\",\"products\\/product-51.jpg\",\"products\\/product-65.jpg\",\"products\\/product-52.jpg\",\"products\\/product-60.jpg\",\"products\\/product-50.jpg\",\"products\\/product-74.jpg\"]',NULL,'NC-128-A0',0,14,0,1,'in_stock',0,3,0,0,285,NULL,NULL,NULL,12,17,12,506,NULL,170859,'2025-06-09 17:17:51','2025-06-09 17:17:54',0,'Botble\\ACL\\Models\\User',NULL,'physical',NULL,NULL,0,0,0,0,2),(43,'Häagen-Dazs Salted Caramel','<p>Short Hooded Coat features a straight body, large pockets with button flaps, ventilation air holes, and a string detail along the hemline.</p>','<p>Short Hooded Coat features a straight body, large pockets with button flaps, ventilation air holes, and a string detail along the hemline. The style is completed with a drawstring hood, featuring Rains’ signature built-in cap. Made from waterproof, matte PU, this lightweight unisex rain jacket is an ode to nostalgia through its classic silhouette and utilitarian design details.</p>\n                                <p>- Casual unisex fit</p>\n\n                                <p>- 64% polyester, 36% polyurethane</p>\n\n                                <p>- Water column pressure: 4000 mm</p>\n\n                                <p>- Model is 187cm tall and wearing a size S / M</p>\n\n                                <p>- Unisex fit</p>\n\n                                <p>- Drawstring hood with built-in cap</p>\n\n                                <p>- Front placket with snap buttons</p>\n\n                                <p>- Ventilation under armpit</p>\n\n                                <p>- Adjustable cuffs</p>\n\n                                <p>- Double welted front pockets</p>\n\n                                <p>- Adjustable elastic string at hempen</p>\n\n                                <p>- Ultrasonically welded seams</p>\n\n                                <p>This is a unisex item, please check our clothing &amp; footwear sizing guide for specific Rains jacket sizing information. RAINS comes from the rainy nation of Denmark at the edge of the European continent, close to the ocean and with prevailing westerly winds; all factors that contribute to an average of 121 rain days each year. Arising from these rainy weather conditions comes the attitude that a quick rain shower may be beautiful, as well as moody- but first and foremost requires the right outfit. Rains focus on the whole experience of going outside on rainy days, issuing an invitation to explore even in the most mercurial weather.</p>','published','[\"products\\/product-82.jpg\",\"products\\/product-29.jpg\",\"products\\/product-76.jpg\",\"products\\/product-20.jpg\",\"products\\/product-38.jpg\",\"products\\/product-3.jpg\",\"products\\/product-78.jpg\",\"products\\/product-48.jpg\",\"products\\/product-40.jpg\",\"products\\/product-33.jpg\",\"products\\/product-69.jpg\",\"products\\/product-42.jpg\"]',NULL,'NC-184-A0',0,20,0,1,'in_stock',0,2,0,0,475,NULL,NULL,NULL,13,13,12,842,NULL,14350,'2025-06-09 17:17:51','2025-06-09 17:17:54',0,'Botble\\ACL\\Models\\User',NULL,'physical',NULL,NULL,0,0,0,0,2),(44,'Iceland 3 Solo Exotic Burst','<p>Short Hooded Coat features a straight body, large pockets with button flaps, ventilation air holes, and a string detail along the hemline.</p>','<p>Short Hooded Coat features a straight body, large pockets with button flaps, ventilation air holes, and a string detail along the hemline. The style is completed with a drawstring hood, featuring Rains’ signature built-in cap. Made from waterproof, matte PU, this lightweight unisex rain jacket is an ode to nostalgia through its classic silhouette and utilitarian design details.</p>\n                                <p>- Casual unisex fit</p>\n\n                                <p>- 64% polyester, 36% polyurethane</p>\n\n                                <p>- Water column pressure: 4000 mm</p>\n\n                                <p>- Model is 187cm tall and wearing a size S / M</p>\n\n                                <p>- Unisex fit</p>\n\n                                <p>- Drawstring hood with built-in cap</p>\n\n                                <p>- Front placket with snap buttons</p>\n\n                                <p>- Ventilation under armpit</p>\n\n                                <p>- Adjustable cuffs</p>\n\n                                <p>- Double welted front pockets</p>\n\n                                <p>- Adjustable elastic string at hempen</p>\n\n                                <p>- Ultrasonically welded seams</p>\n\n                                <p>This is a unisex item, please check our clothing &amp; footwear sizing guide for specific Rains jacket sizing information. RAINS comes from the rainy nation of Denmark at the edge of the European continent, close to the ocean and with prevailing westerly winds; all factors that contribute to an average of 121 rain days each year. Arising from these rainy weather conditions comes the attitude that a quick rain shower may be beautiful, as well as moody- but first and foremost requires the right outfit. Rains focus on the whole experience of going outside on rainy days, issuing an invitation to explore even in the most mercurial weather.</p>','published','[\"products\\/product-53.jpg\",\"products\\/product-69.jpg\",\"products\\/product-35.jpg\",\"products\\/product-55.jpg\",\"products\\/product-91.jpg\",\"products\\/product-14.jpg\",\"products\\/product-64.jpg\",\"products\\/product-63.jpg\"]',NULL,'NC-102-A0',0,18,0,1,'in_stock',1,3,0,0,432,315.36,NULL,NULL,18,12,13,701,NULL,14444,'2025-06-09 17:17:51','2025-06-09 17:17:54',0,'Botble\\ACL\\Models\\User',NULL,'physical',NULL,NULL,0,0,0,0,1),(45,'Extreme Budweiser Light Can','<p>Short Hooded Coat features a straight body, large pockets with button flaps, ventilation air holes, and a string detail along the hemline.</p>','<p>Short Hooded Coat features a straight body, large pockets with button flaps, ventilation air holes, and a string detail along the hemline. The style is completed with a drawstring hood, featuring Rains’ signature built-in cap. Made from waterproof, matte PU, this lightweight unisex rain jacket is an ode to nostalgia through its classic silhouette and utilitarian design details.</p>\n                                <p>- Casual unisex fit</p>\n\n                                <p>- 64% polyester, 36% polyurethane</p>\n\n                                <p>- Water column pressure: 4000 mm</p>\n\n                                <p>- Model is 187cm tall and wearing a size S / M</p>\n\n                                <p>- Unisex fit</p>\n\n                                <p>- Drawstring hood with built-in cap</p>\n\n                                <p>- Front placket with snap buttons</p>\n\n                                <p>- Ventilation under armpit</p>\n\n                                <p>- Adjustable cuffs</p>\n\n                                <p>- Double welted front pockets</p>\n\n                                <p>- Adjustable elastic string at hempen</p>\n\n                                <p>- Ultrasonically welded seams</p>\n\n                                <p>This is a unisex item, please check our clothing &amp; footwear sizing guide for specific Rains jacket sizing information. RAINS comes from the rainy nation of Denmark at the edge of the European continent, close to the ocean and with prevailing westerly winds; all factors that contribute to an average of 121 rain days each year. Arising from these rainy weather conditions comes the attitude that a quick rain shower may be beautiful, as well as moody- but first and foremost requires the right outfit. Rains focus on the whole experience of going outside on rainy days, issuing an invitation to explore even in the most mercurial weather.</p>','published','[\"products\\/product-9.jpg\",\"products\\/product-4.jpg\",\"products\\/product-20.jpg\",\"products\\/product-75.jpg\",\"products\\/product-13.jpg\",\"products\\/product-49.jpg\",\"products\\/product-62.jpg\",\"products\\/product-93.jpg\"]',NULL,'NC-107-A0',0,11,0,1,'in_stock',0,4,0,0,426,NULL,NULL,NULL,12,17,11,530,NULL,170726,'2025-06-09 17:17:51','2025-06-09 17:17:54',0,'Botble\\ACL\\Models\\User',NULL,'digital',NULL,NULL,0,0,0,0,1),(46,'Iceland Macaroni Cheese Traybake','<p>Short Hooded Coat features a straight body, large pockets with button flaps, ventilation air holes, and a string detail along the hemline.</p>','<p>Short Hooded Coat features a straight body, large pockets with button flaps, ventilation air holes, and a string detail along the hemline. The style is completed with a drawstring hood, featuring Rains’ signature built-in cap. Made from waterproof, matte PU, this lightweight unisex rain jacket is an ode to nostalgia through its classic silhouette and utilitarian design details.</p>\n                                <p>- Casual unisex fit</p>\n\n                                <p>- 64% polyester, 36% polyurethane</p>\n\n                                <p>- Water column pressure: 4000 mm</p>\n\n                                <p>- Model is 187cm tall and wearing a size S / M</p>\n\n                                <p>- Unisex fit</p>\n\n                                <p>- Drawstring hood with built-in cap</p>\n\n                                <p>- Front placket with snap buttons</p>\n\n                                <p>- Ventilation under armpit</p>\n\n                                <p>- Adjustable cuffs</p>\n\n                                <p>- Double welted front pockets</p>\n\n                                <p>- Adjustable elastic string at hempen</p>\n\n                                <p>- Ultrasonically welded seams</p>\n\n                                <p>This is a unisex item, please check our clothing &amp; footwear sizing guide for specific Rains jacket sizing information. RAINS comes from the rainy nation of Denmark at the edge of the European continent, close to the ocean and with prevailing westerly winds; all factors that contribute to an average of 121 rain days each year. Arising from these rainy weather conditions comes the attitude that a quick rain shower may be beautiful, as well as moody- but first and foremost requires the right outfit. Rains focus on the whole experience of going outside on rainy days, issuing an invitation to explore even in the most mercurial weather.</p>','published','[\"products\\/product-49.jpg\",\"products\\/product-23.jpg\",\"products\\/product-44.jpg\",\"products\\/product-66.jpg\",\"products\\/product-27.jpg\",\"products\\/product-13.jpg\",\"products\\/product-14.jpg\",\"products\\/product-25.jpg\"]',NULL,'NC-123-A0',0,15,0,1,'in_stock',1,2,0,0,420,NULL,NULL,NULL,15,18,16,558,NULL,68767,'2025-06-09 17:17:51','2025-06-09 17:17:54',0,'Botble\\ACL\\Models\\User',NULL,'physical',NULL,NULL,0,0,0,0,2),(47,'Dolmio Bolognese Pasta Sauce','<p>Short Hooded Coat features a straight body, large pockets with button flaps, ventilation air holes, and a string detail along the hemline.</p>','<p>Short Hooded Coat features a straight body, large pockets with button flaps, ventilation air holes, and a string detail along the hemline. The style is completed with a drawstring hood, featuring Rains’ signature built-in cap. Made from waterproof, matte PU, this lightweight unisex rain jacket is an ode to nostalgia through its classic silhouette and utilitarian design details.</p>\n                                <p>- Casual unisex fit</p>\n\n                                <p>- 64% polyester, 36% polyurethane</p>\n\n                                <p>- Water column pressure: 4000 mm</p>\n\n                                <p>- Model is 187cm tall and wearing a size S / M</p>\n\n                                <p>- Unisex fit</p>\n\n                                <p>- Drawstring hood with built-in cap</p>\n\n                                <p>- Front placket with snap buttons</p>\n\n                                <p>- Ventilation under armpit</p>\n\n                                <p>- Adjustable cuffs</p>\n\n                                <p>- Double welted front pockets</p>\n\n                                <p>- Adjustable elastic string at hempen</p>\n\n                                <p>- Ultrasonically welded seams</p>\n\n                                <p>This is a unisex item, please check our clothing &amp; footwear sizing guide for specific Rains jacket sizing information. RAINS comes from the rainy nation of Denmark at the edge of the European continent, close to the ocean and with prevailing westerly winds; all factors that contribute to an average of 121 rain days each year. Arising from these rainy weather conditions comes the attitude that a quick rain shower may be beautiful, as well as moody- but first and foremost requires the right outfit. Rains focus on the whole experience of going outside on rainy days, issuing an invitation to explore even in the most mercurial weather.</p>','published','[\"products\\/product-24.jpg\",\"products\\/product-30.jpg\",\"products\\/product-5.jpg\",\"products\\/product-42.jpg\",\"products\\/product-36.jpg\",\"products\\/product-95.jpg\"]',NULL,'NC-158-A0',0,15,0,1,'in_stock',1,3,0,0,284,NULL,NULL,NULL,19,14,16,875,NULL,39627,'2025-06-09 17:17:51','2025-06-09 17:17:54',0,'Botble\\ACL\\Models\\User',NULL,'physical',NULL,NULL,0,0,0,0,1),(48,'Sitema BakeIT Plastic Box','<p>Short Hooded Coat features a straight body, large pockets with button flaps, ventilation air holes, and a string detail along the hemline.</p>','<p>Short Hooded Coat features a straight body, large pockets with button flaps, ventilation air holes, and a string detail along the hemline. The style is completed with a drawstring hood, featuring Rains’ signature built-in cap. Made from waterproof, matte PU, this lightweight unisex rain jacket is an ode to nostalgia through its classic silhouette and utilitarian design details.</p>\n                                <p>- Casual unisex fit</p>\n\n                                <p>- 64% polyester, 36% polyurethane</p>\n\n                                <p>- Water column pressure: 4000 mm</p>\n\n                                <p>- Model is 187cm tall and wearing a size S / M</p>\n\n                                <p>- Unisex fit</p>\n\n                                <p>- Drawstring hood with built-in cap</p>\n\n                                <p>- Front placket with snap buttons</p>\n\n                                <p>- Ventilation under armpit</p>\n\n                                <p>- Adjustable cuffs</p>\n\n                                <p>- Double welted front pockets</p>\n\n                                <p>- Adjustable elastic string at hempen</p>\n\n                                <p>- Ultrasonically welded seams</p>\n\n                                <p>This is a unisex item, please check our clothing &amp; footwear sizing guide for specific Rains jacket sizing information. RAINS comes from the rainy nation of Denmark at the edge of the European continent, close to the ocean and with prevailing westerly winds; all factors that contribute to an average of 121 rain days each year. Arising from these rainy weather conditions comes the attitude that a quick rain shower may be beautiful, as well as moody- but first and foremost requires the right outfit. Rains focus on the whole experience of going outside on rainy days, issuing an invitation to explore even in the most mercurial weather.</p>','published','[\"products\\/product-50.jpg\",\"products\\/product-33.jpg\",\"products\\/product-28.jpg\",\"products\\/product-13.jpg\",\"products\\/product-16.jpg\",\"products\\/product-27.jpg\",\"products\\/product-80.jpg\",\"products\\/product-64.jpg\",\"products\\/product-24.jpg\",\"products\\/product-65.jpg\",\"products\\/product-60.jpg\"]',NULL,'NC-155-A0',0,16,0,1,'in_stock',1,7,0,0,208,166.4,NULL,NULL,17,16,17,778,NULL,96799,'2025-06-09 17:17:51','2025-06-09 17:17:54',0,'Botble\\ACL\\Models\\User',NULL,'physical',NULL,NULL,0,0,0,0,2),(49,'Wayfair Basics Dinner Plate Storage','<p>Short Hooded Coat features a straight body, large pockets with button flaps, ventilation air holes, and a string detail along the hemline.</p>','<p>Short Hooded Coat features a straight body, large pockets with button flaps, ventilation air holes, and a string detail along the hemline. The style is completed with a drawstring hood, featuring Rains’ signature built-in cap. Made from waterproof, matte PU, this lightweight unisex rain jacket is an ode to nostalgia through its classic silhouette and utilitarian design details.</p>\n                                <p>- Casual unisex fit</p>\n\n                                <p>- 64% polyester, 36% polyurethane</p>\n\n                                <p>- Water column pressure: 4000 mm</p>\n\n                                <p>- Model is 187cm tall and wearing a size S / M</p>\n\n                                <p>- Unisex fit</p>\n\n                                <p>- Drawstring hood with built-in cap</p>\n\n                                <p>- Front placket with snap buttons</p>\n\n                                <p>- Ventilation under armpit</p>\n\n                                <p>- Adjustable cuffs</p>\n\n                                <p>- Double welted front pockets</p>\n\n                                <p>- Adjustable elastic string at hempen</p>\n\n                                <p>- Ultrasonically welded seams</p>\n\n                                <p>This is a unisex item, please check our clothing &amp; footwear sizing guide for specific Rains jacket sizing information. RAINS comes from the rainy nation of Denmark at the edge of the European continent, close to the ocean and with prevailing westerly winds; all factors that contribute to an average of 121 rain days each year. Arising from these rainy weather conditions comes the attitude that a quick rain shower may be beautiful, as well as moody- but first and foremost requires the right outfit. Rains focus on the whole experience of going outside on rainy days, issuing an invitation to explore even in the most mercurial weather.</p>','published','[\"products\\/product-47.jpg\",\"products\\/product-30.jpg\",\"products\\/product-34.jpg\",\"products\\/product-66.jpg\",\"products\\/product-1.jpg\"]',NULL,'NC-112-A0',0,18,0,1,'in_stock',0,4,0,0,319,NULL,NULL,NULL,19,14,20,714,NULL,23849,'2025-06-09 17:17:51','2025-06-09 17:17:54',0,'Botble\\ACL\\Models\\User',NULL,'digital',NULL,NULL,0,0,0,0,2),(50,'Miko The Panda Water Bottle','<p>Short Hooded Coat features a straight body, large pockets with button flaps, ventilation air holes, and a string detail along the hemline.</p>','<p>Short Hooded Coat features a straight body, large pockets with button flaps, ventilation air holes, and a string detail along the hemline. The style is completed with a drawstring hood, featuring Rains’ signature built-in cap. Made from waterproof, matte PU, this lightweight unisex rain jacket is an ode to nostalgia through its classic silhouette and utilitarian design details.</p>\n                                <p>- Casual unisex fit</p>\n\n                                <p>- 64% polyester, 36% polyurethane</p>\n\n                                <p>- Water column pressure: 4000 mm</p>\n\n                                <p>- Model is 187cm tall and wearing a size S / M</p>\n\n                                <p>- Unisex fit</p>\n\n                                <p>- Drawstring hood with built-in cap</p>\n\n                                <p>- Front placket with snap buttons</p>\n\n                                <p>- Ventilation under armpit</p>\n\n                                <p>- Adjustable cuffs</p>\n\n                                <p>- Double welted front pockets</p>\n\n                                <p>- Adjustable elastic string at hempen</p>\n\n                                <p>- Ultrasonically welded seams</p>\n\n                                <p>This is a unisex item, please check our clothing &amp; footwear sizing guide for specific Rains jacket sizing information. RAINS comes from the rainy nation of Denmark at the edge of the European continent, close to the ocean and with prevailing westerly winds; all factors that contribute to an average of 121 rain days each year. Arising from these rainy weather conditions comes the attitude that a quick rain shower may be beautiful, as well as moody- but first and foremost requires the right outfit. Rains focus on the whole experience of going outside on rainy days, issuing an invitation to explore even in the most mercurial weather.</p>','published','[\"products\\/product-45.jpg\",\"products\\/product-12.jpg\",\"products\\/product-65.jpg\",\"products\\/product-62.jpg\",\"products\\/product-69.jpg\",\"products\\/product-21.jpg\",\"products\\/product-87.jpg\",\"products\\/product-61.jpg\",\"products\\/product-86.jpg\",\"products\\/product-53.jpg\"]',NULL,'NC-165-A0',0,15,0,1,'in_stock',1,2,0,0,344,NULL,NULL,NULL,18,19,16,571,NULL,193779,'2025-06-09 17:17:51','2025-06-09 17:17:54',0,'Botble\\ACL\\Models\\User',NULL,'physical',NULL,NULL,0,0,0,0,1),(51,'Sesame Seed Bread','<p>Short Hooded Coat features a straight body, large pockets with button flaps, ventilation air holes, and a string detail along the hemline.</p>','<p>Short Hooded Coat features a straight body, large pockets with button flaps, ventilation air holes, and a string detail along the hemline. The style is completed with a drawstring hood, featuring Rains’ signature built-in cap. Made from waterproof, matte PU, this lightweight unisex rain jacket is an ode to nostalgia through its classic silhouette and utilitarian design details.</p>\n                                <p>- Casual unisex fit</p>\n\n                                <p>- 64% polyester, 36% polyurethane</p>\n\n                                <p>- Water column pressure: 4000 mm</p>\n\n                                <p>- Model is 187cm tall and wearing a size S / M</p>\n\n                                <p>- Unisex fit</p>\n\n                                <p>- Drawstring hood with built-in cap</p>\n\n                                <p>- Front placket with snap buttons</p>\n\n                                <p>- Ventilation under armpit</p>\n\n                                <p>- Adjustable cuffs</p>\n\n                                <p>- Double welted front pockets</p>\n\n                                <p>- Adjustable elastic string at hempen</p>\n\n                                <p>- Ultrasonically welded seams</p>\n\n                                <p>This is a unisex item, please check our clothing &amp; footwear sizing guide for specific Rains jacket sizing information. RAINS comes from the rainy nation of Denmark at the edge of the European continent, close to the ocean and with prevailing westerly winds; all factors that contribute to an average of 121 rain days each year. Arising from these rainy weather conditions comes the attitude that a quick rain shower may be beautiful, as well as moody- but first and foremost requires the right outfit. Rains focus on the whole experience of going outside on rainy days, issuing an invitation to explore even in the most mercurial weather.</p>','published','[\"products\\/product-73.jpg\",\"products\\/product-59.jpg\",\"products\\/product-89.jpg\",\"products\\/product-48.jpg\",\"products\\/product-75.jpg\",\"products\\/product-2.jpg\"]',NULL,'NC-156-A0',0,20,0,1,'in_stock',1,5,0,0,206,NULL,NULL,NULL,10,17,13,613,NULL,127311,'2025-06-09 17:17:52','2025-06-09 17:17:54',0,'Botble\\ACL\\Models\\User',NULL,'physical',NULL,NULL,0,0,0,0,1),(52,'Morrisons The Best Beef','<p>Short Hooded Coat features a straight body, large pockets with button flaps, ventilation air holes, and a string detail along the hemline.</p>','<p>Short Hooded Coat features a straight body, large pockets with button flaps, ventilation air holes, and a string detail along the hemline. The style is completed with a drawstring hood, featuring Rains’ signature built-in cap. Made from waterproof, matte PU, this lightweight unisex rain jacket is an ode to nostalgia through its classic silhouette and utilitarian design details.</p>\n                                <p>- Casual unisex fit</p>\n\n                                <p>- 64% polyester, 36% polyurethane</p>\n\n                                <p>- Water column pressure: 4000 mm</p>\n\n                                <p>- Model is 187cm tall and wearing a size S / M</p>\n\n                                <p>- Unisex fit</p>\n\n                                <p>- Drawstring hood with built-in cap</p>\n\n                                <p>- Front placket with snap buttons</p>\n\n                                <p>- Ventilation under armpit</p>\n\n                                <p>- Adjustable cuffs</p>\n\n                                <p>- Double welted front pockets</p>\n\n                                <p>- Adjustable elastic string at hempen</p>\n\n                                <p>- Ultrasonically welded seams</p>\n\n                                <p>This is a unisex item, please check our clothing &amp; footwear sizing guide for specific Rains jacket sizing information. RAINS comes from the rainy nation of Denmark at the edge of the European continent, close to the ocean and with prevailing westerly winds; all factors that contribute to an average of 121 rain days each year. Arising from these rainy weather conditions comes the attitude that a quick rain shower may be beautiful, as well as moody- but first and foremost requires the right outfit. Rains focus on the whole experience of going outside on rainy days, issuing an invitation to explore even in the most mercurial weather.</p>','published','[\"products\\/product-76.jpg\",\"products\\/product-70.jpg\",\"products\\/product-28.jpg\",\"products\\/product-84.jpg\",\"products\\/product-9.jpg\",\"products\\/product-65.jpg\",\"products\\/product-43.jpg\",\"products\\/product-78.jpg\",\"products\\/product-32.jpg\",\"products\\/product-85.jpg\",\"products\\/product-48.jpg\",\"products\\/product-89.jpg\"]',NULL,'NC-107-A0',0,15,0,1,'in_stock',0,6,0,0,370,277.5,NULL,NULL,14,18,17,517,NULL,61169,'2025-06-09 17:17:52','2025-06-09 17:17:54',0,'Botble\\ACL\\Models\\User',NULL,'physical',NULL,NULL,0,0,0,0,2),(53,'Avocado, Hass Large','<p>Short Hooded Coat features a straight body, large pockets with button flaps, ventilation air holes, and a string detail along the hemline.</p>','<p>Short Hooded Coat features a straight body, large pockets with button flaps, ventilation air holes, and a string detail along the hemline. The style is completed with a drawstring hood, featuring Rains’ signature built-in cap. Made from waterproof, matte PU, this lightweight unisex rain jacket is an ode to nostalgia through its classic silhouette and utilitarian design details.</p>\n                                <p>- Casual unisex fit</p>\n\n                                <p>- 64% polyester, 36% polyurethane</p>\n\n                                <p>- Water column pressure: 4000 mm</p>\n\n                                <p>- Model is 187cm tall and wearing a size S / M</p>\n\n                                <p>- Unisex fit</p>\n\n                                <p>- Drawstring hood with built-in cap</p>\n\n                                <p>- Front placket with snap buttons</p>\n\n                                <p>- Ventilation under armpit</p>\n\n                                <p>- Adjustable cuffs</p>\n\n                                <p>- Double welted front pockets</p>\n\n                                <p>- Adjustable elastic string at hempen</p>\n\n                                <p>- Ultrasonically welded seams</p>\n\n                                <p>This is a unisex item, please check our clothing &amp; footwear sizing guide for specific Rains jacket sizing information. RAINS comes from the rainy nation of Denmark at the edge of the European continent, close to the ocean and with prevailing westerly winds; all factors that contribute to an average of 121 rain days each year. Arising from these rainy weather conditions comes the attitude that a quick rain shower may be beautiful, as well as moody- but first and foremost requires the right outfit. Rains focus on the whole experience of going outside on rainy days, issuing an invitation to explore even in the most mercurial weather.</p>','published','[\"products\\/product-4.jpg\",\"products\\/product-68.jpg\",\"products\\/product-16.jpg\",\"products\\/product-75.jpg\",\"products\\/product-30.jpg\",\"products\\/product-63.jpg\",\"products\\/product-59.jpg\"]',NULL,'NC-157-A0',0,18,0,1,'in_stock',0,3,0,0,323,NULL,NULL,NULL,20,19,11,584,NULL,179200,'2025-06-09 17:17:52','2025-06-09 17:17:54',0,'Botble\\ACL\\Models\\User',NULL,'digital',NULL,NULL,0,0,0,0,1),(54,'Italia Beef Lasagne','<p>Short Hooded Coat features a straight body, large pockets with button flaps, ventilation air holes, and a string detail along the hemline.</p>','<p>Short Hooded Coat features a straight body, large pockets with button flaps, ventilation air holes, and a string detail along the hemline. The style is completed with a drawstring hood, featuring Rains’ signature built-in cap. Made from waterproof, matte PU, this lightweight unisex rain jacket is an ode to nostalgia through its classic silhouette and utilitarian design details.</p>\n                                <p>- Casual unisex fit</p>\n\n                                <p>- 64% polyester, 36% polyurethane</p>\n\n                                <p>- Water column pressure: 4000 mm</p>\n\n                                <p>- Model is 187cm tall and wearing a size S / M</p>\n\n                                <p>- Unisex fit</p>\n\n                                <p>- Drawstring hood with built-in cap</p>\n\n                                <p>- Front placket with snap buttons</p>\n\n                                <p>- Ventilation under armpit</p>\n\n                                <p>- Adjustable cuffs</p>\n\n                                <p>- Double welted front pockets</p>\n\n                                <p>- Adjustable elastic string at hempen</p>\n\n                                <p>- Ultrasonically welded seams</p>\n\n                                <p>This is a unisex item, please check our clothing &amp; footwear sizing guide for specific Rains jacket sizing information. RAINS comes from the rainy nation of Denmark at the edge of the European continent, close to the ocean and with prevailing westerly winds; all factors that contribute to an average of 121 rain days each year. Arising from these rainy weather conditions comes the attitude that a quick rain shower may be beautiful, as well as moody- but first and foremost requires the right outfit. Rains focus on the whole experience of going outside on rainy days, issuing an invitation to explore even in the most mercurial weather.</p>','published','[\"products\\/product-79.jpg\",\"products\\/product-15.jpg\",\"products\\/product-53.jpg\",\"products\\/product-13.jpg\",\"products\\/product-59.jpg\",\"products\\/product-45.jpg\",\"products\\/product-78.jpg\",\"products\\/product-29.jpg\",\"products\\/product-21.jpg\",\"products\\/product-40.jpg\"]',NULL,'NC-131-A0',0,19,0,1,'in_stock',1,4,0,0,444,NULL,NULL,NULL,10,17,20,723,NULL,90905,'2025-06-09 17:17:52','2025-06-09 17:17:54',0,'Botble\\ACL\\Models\\User',NULL,'physical',NULL,NULL,0,0,0,0,1),(55,'Maxwell House Classic Roast Mocha','<p>Short Hooded Coat features a straight body, large pockets with button flaps, ventilation air holes, and a string detail along the hemline.</p>','<p>Short Hooded Coat features a straight body, large pockets with button flaps, ventilation air holes, and a string detail along the hemline. The style is completed with a drawstring hood, featuring Rains’ signature built-in cap. Made from waterproof, matte PU, this lightweight unisex rain jacket is an ode to nostalgia through its classic silhouette and utilitarian design details.</p>\n                                <p>- Casual unisex fit</p>\n\n                                <p>- 64% polyester, 36% polyurethane</p>\n\n                                <p>- Water column pressure: 4000 mm</p>\n\n                                <p>- Model is 187cm tall and wearing a size S / M</p>\n\n                                <p>- Unisex fit</p>\n\n                                <p>- Drawstring hood with built-in cap</p>\n\n                                <p>- Front placket with snap buttons</p>\n\n                                <p>- Ventilation under armpit</p>\n\n                                <p>- Adjustable cuffs</p>\n\n                                <p>- Double welted front pockets</p>\n\n                                <p>- Adjustable elastic string at hempen</p>\n\n                                <p>- Ultrasonically welded seams</p>\n\n                                <p>This is a unisex item, please check our clothing &amp; footwear sizing guide for specific Rains jacket sizing information. RAINS comes from the rainy nation of Denmark at the edge of the European continent, close to the ocean and with prevailing westerly winds; all factors that contribute to an average of 121 rain days each year. Arising from these rainy weather conditions comes the attitude that a quick rain shower may be beautiful, as well as moody- but first and foremost requires the right outfit. Rains focus on the whole experience of going outside on rainy days, issuing an invitation to explore even in the most mercurial weather.</p>','published','[\"products\\/product-14.jpg\",\"products\\/product-45.jpg\",\"products\\/product-92.jpg\",\"products\\/product-20.jpg\",\"products\\/product-83.jpg\",\"products\\/product-80.jpg\"]',NULL,'NC-177-A0',0,12,0,1,'in_stock',0,7,0,0,294,NULL,NULL,NULL,10,14,13,507,NULL,167946,'2025-06-09 17:17:52','2025-06-09 17:17:54',0,'Botble\\ACL\\Models\\User',NULL,'physical',NULL,NULL,0,0,0,0,1),(56,'Bottled Pure Water 500ml','<p>Short Hooded Coat features a straight body, large pockets with button flaps, ventilation air holes, and a string detail along the hemline.</p>','<p>Short Hooded Coat features a straight body, large pockets with button flaps, ventilation air holes, and a string detail along the hemline. The style is completed with a drawstring hood, featuring Rains’ signature built-in cap. Made from waterproof, matte PU, this lightweight unisex rain jacket is an ode to nostalgia through its classic silhouette and utilitarian design details.</p>\n                                <p>- Casual unisex fit</p>\n\n                                <p>- 64% polyester, 36% polyurethane</p>\n\n                                <p>- Water column pressure: 4000 mm</p>\n\n                                <p>- Model is 187cm tall and wearing a size S / M</p>\n\n                                <p>- Unisex fit</p>\n\n                                <p>- Drawstring hood with built-in cap</p>\n\n                                <p>- Front placket with snap buttons</p>\n\n                                <p>- Ventilation under armpit</p>\n\n                                <p>- Adjustable cuffs</p>\n\n                                <p>- Double welted front pockets</p>\n\n                                <p>- Adjustable elastic string at hempen</p>\n\n                                <p>- Ultrasonically welded seams</p>\n\n                                <p>This is a unisex item, please check our clothing &amp; footwear sizing guide for specific Rains jacket sizing information. RAINS comes from the rainy nation of Denmark at the edge of the European continent, close to the ocean and with prevailing westerly winds; all factors that contribute to an average of 121 rain days each year. Arising from these rainy weather conditions comes the attitude that a quick rain shower may be beautiful, as well as moody- but first and foremost requires the right outfit. Rains focus on the whole experience of going outside on rainy days, issuing an invitation to explore even in the most mercurial weather.</p>','published','[\"products\\/product-6.jpg\",\"products\\/product-69.jpg\",\"products\\/product-40.jpg\",\"products\\/product-62.jpg\",\"products\\/product-27.jpg\",\"products\\/product-15.jpg\",\"products\\/product-77.jpg\",\"products\\/product-21.jpg\",\"products\\/product-14.jpg\",\"products\\/product-46.jpg\",\"products\\/product-64.jpg\"]',NULL,'NC-161-A0',0,11,0,1,'in_stock',0,1,0,0,464,408.32,NULL,NULL,11,11,18,520,NULL,94273,'2025-06-09 17:17:52','2025-06-09 17:17:54',0,'Botble\\ACL\\Models\\User',NULL,'physical',NULL,NULL,0,0,0,0,1),(57,'Famart Farmhouse Soft White','<p>Short Hooded Coat features a straight body, large pockets with button flaps, ventilation air holes, and a string detail along the hemline.</p>','<p>Short Hooded Coat features a straight body, large pockets with button flaps, ventilation air holes, and a string detail along the hemline. The style is completed with a drawstring hood, featuring Rains’ signature built-in cap. Made from waterproof, matte PU, this lightweight unisex rain jacket is an ode to nostalgia through its classic silhouette and utilitarian design details.</p>\n                                <p>- Casual unisex fit</p>\n\n                                <p>- 64% polyester, 36% polyurethane</p>\n\n                                <p>- Water column pressure: 4000 mm</p>\n\n                                <p>- Model is 187cm tall and wearing a size S / M</p>\n\n                                <p>- Unisex fit</p>\n\n                                <p>- Drawstring hood with built-in cap</p>\n\n                                <p>- Front placket with snap buttons</p>\n\n                                <p>- Ventilation under armpit</p>\n\n                                <p>- Adjustable cuffs</p>\n\n                                <p>- Double welted front pockets</p>\n\n                                <p>- Adjustable elastic string at hempen</p>\n\n                                <p>- Ultrasonically welded seams</p>\n\n                                <p>This is a unisex item, please check our clothing &amp; footwear sizing guide for specific Rains jacket sizing information. RAINS comes from the rainy nation of Denmark at the edge of the European continent, close to the ocean and with prevailing westerly winds; all factors that contribute to an average of 121 rain days each year. Arising from these rainy weather conditions comes the attitude that a quick rain shower may be beautiful, as well as moody- but first and foremost requires the right outfit. Rains focus on the whole experience of going outside on rainy days, issuing an invitation to explore even in the most mercurial weather.</p>','published','[\"products\\/product-82.jpg\",\"products\\/product-17.jpg\",\"products\\/product-44.jpg\",\"products\\/product-77.jpg\",\"products\\/product-1.jpg\",\"products\\/product-61.jpg\",\"products\\/product-76.jpg\",\"products\\/product-53.jpg\",\"products\\/product-8.jpg\",\"products\\/product-58.jpg\",\"products\\/product-47.jpg\",\"products\\/product-12.jpg\"]',NULL,'NC-111-A0',0,12,0,1,'in_stock',1,7,0,0,363,NULL,NULL,NULL,17,13,20,682,NULL,43133,'2025-06-09 17:17:52','2025-06-09 17:17:54',0,'Botble\\ACL\\Models\\User',NULL,'digital',NULL,NULL,0,0,0,0,1),(58,'Coca-Cola Original Taste','<p>Short Hooded Coat features a straight body, large pockets with button flaps, ventilation air holes, and a string detail along the hemline.</p>','<p>Short Hooded Coat features a straight body, large pockets with button flaps, ventilation air holes, and a string detail along the hemline. The style is completed with a drawstring hood, featuring Rains’ signature built-in cap. Made from waterproof, matte PU, this lightweight unisex rain jacket is an ode to nostalgia through its classic silhouette and utilitarian design details.</p>\n                                <p>- Casual unisex fit</p>\n\n                                <p>- 64% polyester, 36% polyurethane</p>\n\n                                <p>- Water column pressure: 4000 mm</p>\n\n                                <p>- Model is 187cm tall and wearing a size S / M</p>\n\n                                <p>- Unisex fit</p>\n\n                                <p>- Drawstring hood with built-in cap</p>\n\n                                <p>- Front placket with snap buttons</p>\n\n                                <p>- Ventilation under armpit</p>\n\n                                <p>- Adjustable cuffs</p>\n\n                                <p>- Double welted front pockets</p>\n\n                                <p>- Adjustable elastic string at hempen</p>\n\n                                <p>- Ultrasonically welded seams</p>\n\n                                <p>This is a unisex item, please check our clothing &amp; footwear sizing guide for specific Rains jacket sizing information. RAINS comes from the rainy nation of Denmark at the edge of the European continent, close to the ocean and with prevailing westerly winds; all factors that contribute to an average of 121 rain days each year. Arising from these rainy weather conditions comes the attitude that a quick rain shower may be beautiful, as well as moody- but first and foremost requires the right outfit. Rains focus on the whole experience of going outside on rainy days, issuing an invitation to explore even in the most mercurial weather.</p>','published','[\"products\\/product-17.jpg\",\"products\\/product-54.jpg\",\"products\\/product-43.jpg\",\"products\\/product-14.jpg\",\"products\\/product-38.jpg\",\"products\\/product-55.jpg\",\"products\\/product-87.jpg\",\"products\\/product-91.jpg\"]',NULL,'NC-182-A0',0,13,0,1,'in_stock',1,2,0,0,401,NULL,NULL,NULL,10,11,20,533,NULL,99900,'2025-06-09 17:17:52','2025-06-09 17:17:54',0,'Botble\\ACL\\Models\\User',NULL,'physical',NULL,NULL,0,0,0,0,2),(59,'Casillero Diablo Cabernet Sauvignon','<p>Short Hooded Coat features a straight body, large pockets with button flaps, ventilation air holes, and a string detail along the hemline.</p>','<p>Short Hooded Coat features a straight body, large pockets with button flaps, ventilation air holes, and a string detail along the hemline. The style is completed with a drawstring hood, featuring Rains’ signature built-in cap. Made from waterproof, matte PU, this lightweight unisex rain jacket is an ode to nostalgia through its classic silhouette and utilitarian design details.</p>\n                                <p>- Casual unisex fit</p>\n\n                                <p>- 64% polyester, 36% polyurethane</p>\n\n                                <p>- Water column pressure: 4000 mm</p>\n\n                                <p>- Model is 187cm tall and wearing a size S / M</p>\n\n                                <p>- Unisex fit</p>\n\n                                <p>- Drawstring hood with built-in cap</p>\n\n                                <p>- Front placket with snap buttons</p>\n\n                                <p>- Ventilation under armpit</p>\n\n                                <p>- Adjustable cuffs</p>\n\n                                <p>- Double welted front pockets</p>\n\n                                <p>- Adjustable elastic string at hempen</p>\n\n                                <p>- Ultrasonically welded seams</p>\n\n                                <p>This is a unisex item, please check our clothing &amp; footwear sizing guide for specific Rains jacket sizing information. RAINS comes from the rainy nation of Denmark at the edge of the European continent, close to the ocean and with prevailing westerly winds; all factors that contribute to an average of 121 rain days each year. Arising from these rainy weather conditions comes the attitude that a quick rain shower may be beautiful, as well as moody- but first and foremost requires the right outfit. Rains focus on the whole experience of going outside on rainy days, issuing an invitation to explore even in the most mercurial weather.</p>','published','[\"products\\/product-49.jpg\",\"products\\/product-84.jpg\",\"products\\/product-59.jpg\",\"products\\/product-69.jpg\",\"products\\/product-46.jpg\"]',NULL,'NC-138-A0',0,16,0,1,'in_stock',1,4,0,0,302,NULL,NULL,NULL,17,18,12,844,NULL,121747,'2025-06-09 17:17:52','2025-06-09 17:17:54',0,'Botble\\ACL\\Models\\User',NULL,'physical',NULL,NULL,0,0,0,0,2),(60,'Arla Organic Free Range Milk','<p>Short Hooded Coat features a straight body, large pockets with button flaps, ventilation air holes, and a string detail along the hemline.</p>','<p>Short Hooded Coat features a straight body, large pockets with button flaps, ventilation air holes, and a string detail along the hemline. The style is completed with a drawstring hood, featuring Rains’ signature built-in cap. Made from waterproof, matte PU, this lightweight unisex rain jacket is an ode to nostalgia through its classic silhouette and utilitarian design details.</p>\n                                <p>- Casual unisex fit</p>\n\n                                <p>- 64% polyester, 36% polyurethane</p>\n\n                                <p>- Water column pressure: 4000 mm</p>\n\n                                <p>- Model is 187cm tall and wearing a size S / M</p>\n\n                                <p>- Unisex fit</p>\n\n                                <p>- Drawstring hood with built-in cap</p>\n\n                                <p>- Front placket with snap buttons</p>\n\n                                <p>- Ventilation under armpit</p>\n\n                                <p>- Adjustable cuffs</p>\n\n                                <p>- Double welted front pockets</p>\n\n                                <p>- Adjustable elastic string at hempen</p>\n\n                                <p>- Ultrasonically welded seams</p>\n\n                                <p>This is a unisex item, please check our clothing &amp; footwear sizing guide for specific Rains jacket sizing information. RAINS comes from the rainy nation of Denmark at the edge of the European continent, close to the ocean and with prevailing westerly winds; all factors that contribute to an average of 121 rain days each year. Arising from these rainy weather conditions comes the attitude that a quick rain shower may be beautiful, as well as moody- but first and foremost requires the right outfit. Rains focus on the whole experience of going outside on rainy days, issuing an invitation to explore even in the most mercurial weather.</p>','published','[\"products\\/product-13.jpg\",\"products\\/product-78.jpg\",\"products\\/product-30.jpg\",\"products\\/product-11.jpg\",\"products\\/product-42.jpg\",\"products\\/product-48.jpg\",\"products\\/product-88.jpg\",\"products\\/product-40.jpg\",\"products\\/product-53.jpg\"]',NULL,'NC-107-A0',0,10,0,1,'in_stock',0,1,0,0,377,305.37,NULL,NULL,14,19,10,847,NULL,109856,'2025-06-09 17:17:52','2025-06-09 17:17:54',0,'Botble\\ACL\\Models\\User',NULL,'physical',NULL,NULL,0,0,0,0,1),(61,'Aptamil Follow On Baby Milk','<p>Short Hooded Coat features a straight body, large pockets with button flaps, ventilation air holes, and a string detail along the hemline.</p>','<p>Short Hooded Coat features a straight body, large pockets with button flaps, ventilation air holes, and a string detail along the hemline. The style is completed with a drawstring hood, featuring Rains’ signature built-in cap. Made from waterproof, matte PU, this lightweight unisex rain jacket is an ode to nostalgia through its classic silhouette and utilitarian design details.</p>\n                                <p>- Casual unisex fit</p>\n\n                                <p>- 64% polyester, 36% polyurethane</p>\n\n                                <p>- Water column pressure: 4000 mm</p>\n\n                                <p>- Model is 187cm tall and wearing a size S / M</p>\n\n                                <p>- Unisex fit</p>\n\n                                <p>- Drawstring hood with built-in cap</p>\n\n                                <p>- Front placket with snap buttons</p>\n\n                                <p>- Ventilation under armpit</p>\n\n                                <p>- Adjustable cuffs</p>\n\n                                <p>- Double welted front pockets</p>\n\n                                <p>- Adjustable elastic string at hempen</p>\n\n                                <p>- Ultrasonically welded seams</p>\n\n                                <p>This is a unisex item, please check our clothing &amp; footwear sizing guide for specific Rains jacket sizing information. RAINS comes from the rainy nation of Denmark at the edge of the European continent, close to the ocean and with prevailing westerly winds; all factors that contribute to an average of 121 rain days each year. Arising from these rainy weather conditions comes the attitude that a quick rain shower may be beautiful, as well as moody- but first and foremost requires the right outfit. Rains focus on the whole experience of going outside on rainy days, issuing an invitation to explore even in the most mercurial weather.</p>','published','[\"products\\/product-35.jpg\",\"products\\/product-40.jpg\",\"products\\/product-80.jpg\",\"products\\/product-9.jpg\",\"products\\/product-16.jpg\",\"products\\/product-92.jpg\",\"products\\/product-60.jpg\",\"products\\/product-29.jpg\",\"products\\/product-47.jpg\",\"products\\/product-22.jpg\",\"products\\/product-23.jpg\"]',NULL,'NC-196-A0',0,11,0,1,'in_stock',0,2,0,0,437,NULL,NULL,NULL,15,17,13,827,NULL,119011,'2025-06-09 17:17:52','2025-06-09 17:17:54',0,'Botble\\ACL\\Models\\User',NULL,'digital',NULL,NULL,0,0,0,0,1),(62,'Cuisinart Chef’S Classic Hard-Anodized','<p>Short Hooded Coat features a straight body, large pockets with button flaps, ventilation air holes, and a string detail along the hemline.</p>','<p>Short Hooded Coat features a straight body, large pockets with button flaps, ventilation air holes, and a string detail along the hemline. The style is completed with a drawstring hood, featuring Rains’ signature built-in cap. Made from waterproof, matte PU, this lightweight unisex rain jacket is an ode to nostalgia through its classic silhouette and utilitarian design details.</p>\n                                <p>- Casual unisex fit</p>\n\n                                <p>- 64% polyester, 36% polyurethane</p>\n\n                                <p>- Water column pressure: 4000 mm</p>\n\n                                <p>- Model is 187cm tall and wearing a size S / M</p>\n\n                                <p>- Unisex fit</p>\n\n                                <p>- Drawstring hood with built-in cap</p>\n\n                                <p>- Front placket with snap buttons</p>\n\n                                <p>- Ventilation under armpit</p>\n\n                                <p>- Adjustable cuffs</p>\n\n                                <p>- Double welted front pockets</p>\n\n                                <p>- Adjustable elastic string at hempen</p>\n\n                                <p>- Ultrasonically welded seams</p>\n\n                                <p>This is a unisex item, please check our clothing &amp; footwear sizing guide for specific Rains jacket sizing information. RAINS comes from the rainy nation of Denmark at the edge of the European continent, close to the ocean and with prevailing westerly winds; all factors that contribute to an average of 121 rain days each year. Arising from these rainy weather conditions comes the attitude that a quick rain shower may be beautiful, as well as moody- but first and foremost requires the right outfit. Rains focus on the whole experience of going outside on rainy days, issuing an invitation to explore even in the most mercurial weather.</p>','published','[\"products\\/product-24.jpg\",\"products\\/product-48.jpg\",\"products\\/product-15.jpg\",\"products\\/product-25.jpg\",\"products\\/product-26.jpg\",\"products\\/product-73.jpg\",\"products\\/product-14.jpg\",\"products\\/product-9.jpg\"]',NULL,'NC-145-A0',0,16,0,1,'in_stock',1,6,0,0,479,NULL,NULL,NULL,13,14,15,797,NULL,88640,'2025-06-09 17:17:52','2025-06-09 17:17:54',0,'Botble\\ACL\\Models\\User',NULL,'physical',NULL,NULL,0,0,0,0,2),(63,'Corn, Yellow Sweet','<p>Short Hooded Coat features a straight body, large pockets with button flaps, ventilation air holes, and a string detail along the hemline.</p>','<p>Short Hooded Coat features a straight body, large pockets with button flaps, ventilation air holes, and a string detail along the hemline. The style is completed with a drawstring hood, featuring Rains’ signature built-in cap. Made from waterproof, matte PU, this lightweight unisex rain jacket is an ode to nostalgia through its classic silhouette and utilitarian design details.</p>\n                                <p>- Casual unisex fit</p>\n\n                                <p>- 64% polyester, 36% polyurethane</p>\n\n                                <p>- Water column pressure: 4000 mm</p>\n\n                                <p>- Model is 187cm tall and wearing a size S / M</p>\n\n                                <p>- Unisex fit</p>\n\n                                <p>- Drawstring hood with built-in cap</p>\n\n                                <p>- Front placket with snap buttons</p>\n\n                                <p>- Ventilation under armpit</p>\n\n                                <p>- Adjustable cuffs</p>\n\n                                <p>- Double welted front pockets</p>\n\n                                <p>- Adjustable elastic string at hempen</p>\n\n                                <p>- Ultrasonically welded seams</p>\n\n                                <p>This is a unisex item, please check our clothing &amp; footwear sizing guide for specific Rains jacket sizing information. RAINS comes from the rainy nation of Denmark at the edge of the European continent, close to the ocean and with prevailing westerly winds; all factors that contribute to an average of 121 rain days each year. Arising from these rainy weather conditions comes the attitude that a quick rain shower may be beautiful, as well as moody- but first and foremost requires the right outfit. Rains focus on the whole experience of going outside on rainy days, issuing an invitation to explore even in the most mercurial weather.</p>','published','[\"products\\/product-55.jpg\",\"products\\/product-33.jpg\",\"products\\/product-44.jpg\",\"products\\/product-71.jpg\",\"products\\/product-21.jpg\",\"products\\/product-9.jpg\",\"products\\/product-22.jpg\",\"products\\/product-6.jpg\",\"products\\/product-27.jpg\",\"products\\/product-41.jpg\",\"products\\/product-12.jpg\"]',NULL,'NC-116-A0',0,13,0,1,'in_stock',0,5,0,0,259,NULL,NULL,NULL,14,17,13,606,NULL,16921,'2025-06-09 17:17:52','2025-06-09 17:17:54',0,'Botble\\ACL\\Models\\User',NULL,'physical',NULL,NULL,0,0,0,0,2),(64,'Hobnobs The Nobbly Biscuit','<p>Short Hooded Coat features a straight body, large pockets with button flaps, ventilation air holes, and a string detail along the hemline.</p>','<p>Short Hooded Coat features a straight body, large pockets with button flaps, ventilation air holes, and a string detail along the hemline. The style is completed with a drawstring hood, featuring Rains’ signature built-in cap. Made from waterproof, matte PU, this lightweight unisex rain jacket is an ode to nostalgia through its classic silhouette and utilitarian design details.</p>\n                                <p>- Casual unisex fit</p>\n\n                                <p>- 64% polyester, 36% polyurethane</p>\n\n                                <p>- Water column pressure: 4000 mm</p>\n\n                                <p>- Model is 187cm tall and wearing a size S / M</p>\n\n                                <p>- Unisex fit</p>\n\n                                <p>- Drawstring hood with built-in cap</p>\n\n                                <p>- Front placket with snap buttons</p>\n\n                                <p>- Ventilation under armpit</p>\n\n                                <p>- Adjustable cuffs</p>\n\n                                <p>- Double welted front pockets</p>\n\n                                <p>- Adjustable elastic string at hempen</p>\n\n                                <p>- Ultrasonically welded seams</p>\n\n                                <p>This is a unisex item, please check our clothing &amp; footwear sizing guide for specific Rains jacket sizing information. RAINS comes from the rainy nation of Denmark at the edge of the European continent, close to the ocean and with prevailing westerly winds; all factors that contribute to an average of 121 rain days each year. Arising from these rainy weather conditions comes the attitude that a quick rain shower may be beautiful, as well as moody- but first and foremost requires the right outfit. Rains focus on the whole experience of going outside on rainy days, issuing an invitation to explore even in the most mercurial weather.</p>','published','[\"products\\/product-3.jpg\",\"products\\/product-67.jpg\",\"products\\/product-58.jpg\",\"products\\/product-56.jpg\",\"products\\/product-61.jpg\",\"products\\/product-5.jpg\",\"products\\/product-79.jpg\",\"products\\/product-4.jpg\",\"products\\/product-8.jpg\",\"products\\/product-83.jpg\"]',NULL,'NC-153-A0',0,17,0,1,'in_stock',1,4,0,0,284,227.2,NULL,NULL,20,16,12,784,NULL,121972,'2025-06-09 17:17:52','2025-06-09 17:17:54',0,'Botble\\ACL\\Models\\User',NULL,'physical',NULL,NULL,0,0,0,0,1),(65,'Honest Organic Still Lemonade','<p>Short Hooded Coat features a straight body, large pockets with button flaps, ventilation air holes, and a string detail along the hemline.</p>','<p>Short Hooded Coat features a straight body, large pockets with button flaps, ventilation air holes, and a string detail along the hemline. The style is completed with a drawstring hood, featuring Rains’ signature built-in cap. Made from waterproof, matte PU, this lightweight unisex rain jacket is an ode to nostalgia through its classic silhouette and utilitarian design details.</p>\n                                <p>- Casual unisex fit</p>\n\n                                <p>- 64% polyester, 36% polyurethane</p>\n\n                                <p>- Water column pressure: 4000 mm</p>\n\n                                <p>- Model is 187cm tall and wearing a size S / M</p>\n\n                                <p>- Unisex fit</p>\n\n                                <p>- Drawstring hood with built-in cap</p>\n\n                                <p>- Front placket with snap buttons</p>\n\n                                <p>- Ventilation under armpit</p>\n\n                                <p>- Adjustable cuffs</p>\n\n                                <p>- Double welted front pockets</p>\n\n                                <p>- Adjustable elastic string at hempen</p>\n\n                                <p>- Ultrasonically welded seams</p>\n\n                                <p>This is a unisex item, please check our clothing &amp; footwear sizing guide for specific Rains jacket sizing information. RAINS comes from the rainy nation of Denmark at the edge of the European continent, close to the ocean and with prevailing westerly winds; all factors that contribute to an average of 121 rain days each year. Arising from these rainy weather conditions comes the attitude that a quick rain shower may be beautiful, as well as moody- but first and foremost requires the right outfit. Rains focus on the whole experience of going outside on rainy days, issuing an invitation to explore even in the most mercurial weather.</p>','published','[\"products\\/product-47.jpg\",\"products\\/product-27.jpg\",\"products\\/product-72.jpg\",\"products\\/product-82.jpg\",\"products\\/product-23.jpg\",\"products\\/product-24.jpg\",\"products\\/product-62.jpg\",\"products\\/product-51.jpg\",\"products\\/product-10.jpg\",\"products\\/product-22.jpg\",\"products\\/product-40.jpg\",\"products\\/product-91.jpg\"]',NULL,'NC-129-A0',0,12,0,1,'in_stock',0,4,0,0,263,NULL,NULL,NULL,11,11,15,571,NULL,50007,'2025-06-09 17:17:52','2025-06-09 17:17:54',0,'Botble\\ACL\\Models\\User',NULL,'digital',NULL,NULL,0,0,0,0,1),(66,'Ice Beck’s Beer 350ml x 24 Pieces','<p>Short Hooded Coat features a straight body, large pockets with button flaps, ventilation air holes, and a string detail along the hemline.</p>','<p>Short Hooded Coat features a straight body, large pockets with button flaps, ventilation air holes, and a string detail along the hemline. The style is completed with a drawstring hood, featuring Rains’ signature built-in cap. Made from waterproof, matte PU, this lightweight unisex rain jacket is an ode to nostalgia through its classic silhouette and utilitarian design details.</p>\n                                <p>- Casual unisex fit</p>\n\n                                <p>- 64% polyester, 36% polyurethane</p>\n\n                                <p>- Water column pressure: 4000 mm</p>\n\n                                <p>- Model is 187cm tall and wearing a size S / M</p>\n\n                                <p>- Unisex fit</p>\n\n                                <p>- Drawstring hood with built-in cap</p>\n\n                                <p>- Front placket with snap buttons</p>\n\n                                <p>- Ventilation under armpit</p>\n\n                                <p>- Adjustable cuffs</p>\n\n                                <p>- Double welted front pockets</p>\n\n                                <p>- Adjustable elastic string at hempen</p>\n\n                                <p>- Ultrasonically welded seams</p>\n\n                                <p>This is a unisex item, please check our clothing &amp; footwear sizing guide for specific Rains jacket sizing information. RAINS comes from the rainy nation of Denmark at the edge of the European continent, close to the ocean and with prevailing westerly winds; all factors that contribute to an average of 121 rain days each year. Arising from these rainy weather conditions comes the attitude that a quick rain shower may be beautiful, as well as moody- but first and foremost requires the right outfit. Rains focus on the whole experience of going outside on rainy days, issuing an invitation to explore even in the most mercurial weather.</p>','published','[\"products\\/product-85.jpg\",\"products\\/product-11.jpg\",\"products\\/product-35.jpg\",\"products\\/product-26.jpg\",\"products\\/product-50.jpg\"]',NULL,'NC-158-A0',0,13,0,1,'in_stock',0,5,0,0,320,NULL,NULL,NULL,12,11,10,782,NULL,85974,'2025-06-09 17:17:52','2025-06-09 17:17:54',0,'Botble\\ACL\\Models\\User',NULL,'physical',NULL,NULL,0,0,0,0,1),(67,'Iceland 6 Hot Cross Buns','<p>Short Hooded Coat features a straight body, large pockets with button flaps, ventilation air holes, and a string detail along the hemline.</p>','<p>Short Hooded Coat features a straight body, large pockets with button flaps, ventilation air holes, and a string detail along the hemline. The style is completed with a drawstring hood, featuring Rains’ signature built-in cap. Made from waterproof, matte PU, this lightweight unisex rain jacket is an ode to nostalgia through its classic silhouette and utilitarian design details.</p>\n                                <p>- Casual unisex fit</p>\n\n                                <p>- 64% polyester, 36% polyurethane</p>\n\n                                <p>- Water column pressure: 4000 mm</p>\n\n                                <p>- Model is 187cm tall and wearing a size S / M</p>\n\n                                <p>- Unisex fit</p>\n\n                                <p>- Drawstring hood with built-in cap</p>\n\n                                <p>- Front placket with snap buttons</p>\n\n                                <p>- Ventilation under armpit</p>\n\n                                <p>- Adjustable cuffs</p>\n\n                                <p>- Double welted front pockets</p>\n\n                                <p>- Adjustable elastic string at hempen</p>\n\n                                <p>- Ultrasonically welded seams</p>\n\n                                <p>This is a unisex item, please check our clothing &amp; footwear sizing guide for specific Rains jacket sizing information. RAINS comes from the rainy nation of Denmark at the edge of the European continent, close to the ocean and with prevailing westerly winds; all factors that contribute to an average of 121 rain days each year. Arising from these rainy weather conditions comes the attitude that a quick rain shower may be beautiful, as well as moody- but first and foremost requires the right outfit. Rains focus on the whole experience of going outside on rainy days, issuing an invitation to explore even in the most mercurial weather.</p>','published','[\"products\\/product-41.jpg\",\"products\\/product-64.jpg\",\"products\\/product-79.jpg\",\"products\\/product-77.jpg\",\"products\\/product-74.jpg\",\"products\\/product-82.jpg\",\"products\\/product-35.jpg\",\"products\\/product-19.jpg\",\"products\\/product-20.jpg\",\"products\\/product-12.jpg\"]',NULL,'NC-155-A0',0,16,0,1,'in_stock',0,5,0,0,310,NULL,NULL,NULL,11,14,18,586,NULL,83728,'2025-06-09 17:17:52','2025-06-09 17:17:54',0,'Botble\\ACL\\Models\\User',NULL,'physical',NULL,NULL,0,0,0,0,1),(68,'Iceland Luxury 4 Panini Rolls','<p>Short Hooded Coat features a straight body, large pockets with button flaps, ventilation air holes, and a string detail along the hemline.</p>','<p>Short Hooded Coat features a straight body, large pockets with button flaps, ventilation air holes, and a string detail along the hemline. The style is completed with a drawstring hood, featuring Rains’ signature built-in cap. Made from waterproof, matte PU, this lightweight unisex rain jacket is an ode to nostalgia through its classic silhouette and utilitarian design details.</p>\n                                <p>- Casual unisex fit</p>\n\n                                <p>- 64% polyester, 36% polyurethane</p>\n\n                                <p>- Water column pressure: 4000 mm</p>\n\n                                <p>- Model is 187cm tall and wearing a size S / M</p>\n\n                                <p>- Unisex fit</p>\n\n                                <p>- Drawstring hood with built-in cap</p>\n\n                                <p>- Front placket with snap buttons</p>\n\n                                <p>- Ventilation under armpit</p>\n\n                                <p>- Adjustable cuffs</p>\n\n                                <p>- Double welted front pockets</p>\n\n                                <p>- Adjustable elastic string at hempen</p>\n\n                                <p>- Ultrasonically welded seams</p>\n\n                                <p>This is a unisex item, please check our clothing &amp; footwear sizing guide for specific Rains jacket sizing information. RAINS comes from the rainy nation of Denmark at the edge of the European continent, close to the ocean and with prevailing westerly winds; all factors that contribute to an average of 121 rain days each year. Arising from these rainy weather conditions comes the attitude that a quick rain shower may be beautiful, as well as moody- but first and foremost requires the right outfit. Rains focus on the whole experience of going outside on rainy days, issuing an invitation to explore even in the most mercurial weather.</p>','published','[\"products\\/product-14.jpg\",\"products\\/product-51.jpg\",\"products\\/product-79.jpg\",\"products\\/product-57.jpg\",\"products\\/product-4.jpg\",\"products\\/product-59.jpg\",\"products\\/product-63.jpg\",\"products\\/product-13.jpg\"]',NULL,'NC-156-A0',0,17,0,1,'in_stock',0,6,0,0,488,361.12,NULL,NULL,12,11,19,899,NULL,38564,'2025-06-09 17:17:52','2025-06-09 17:17:54',0,'Botble\\ACL\\Models\\User',NULL,'physical',NULL,NULL,0,0,0,0,2),(69,'Iceland Soft Scoop Vanilla','<p>Short Hooded Coat features a straight body, large pockets with button flaps, ventilation air holes, and a string detail along the hemline.</p>','<p>Short Hooded Coat features a straight body, large pockets with button flaps, ventilation air holes, and a string detail along the hemline. The style is completed with a drawstring hood, featuring Rains’ signature built-in cap. Made from waterproof, matte PU, this lightweight unisex rain jacket is an ode to nostalgia through its classic silhouette and utilitarian design details.</p>\n                                <p>- Casual unisex fit</p>\n\n                                <p>- 64% polyester, 36% polyurethane</p>\n\n                                <p>- Water column pressure: 4000 mm</p>\n\n                                <p>- Model is 187cm tall and wearing a size S / M</p>\n\n                                <p>- Unisex fit</p>\n\n                                <p>- Drawstring hood with built-in cap</p>\n\n                                <p>- Front placket with snap buttons</p>\n\n                                <p>- Ventilation under armpit</p>\n\n                                <p>- Adjustable cuffs</p>\n\n                                <p>- Double welted front pockets</p>\n\n                                <p>- Adjustable elastic string at hempen</p>\n\n                                <p>- Ultrasonically welded seams</p>\n\n                                <p>This is a unisex item, please check our clothing &amp; footwear sizing guide for specific Rains jacket sizing information. RAINS comes from the rainy nation of Denmark at the edge of the European continent, close to the ocean and with prevailing westerly winds; all factors that contribute to an average of 121 rain days each year. Arising from these rainy weather conditions comes the attitude that a quick rain shower may be beautiful, as well as moody- but first and foremost requires the right outfit. Rains focus on the whole experience of going outside on rainy days, issuing an invitation to explore even in the most mercurial weather.</p>','published','[\"products\\/product-56.jpg\",\"products\\/product-60.jpg\",\"products\\/product-3.jpg\",\"products\\/product-71.jpg\",\"products\\/product-9.jpg\",\"products\\/product-13.jpg\",\"products\\/product-28.jpg\",\"products\\/product-86.jpg\"]',NULL,'NC-168-A0',0,16,0,1,'in_stock',1,4,0,0,302,NULL,NULL,NULL,18,11,11,598,NULL,88999,'2025-06-09 17:17:52','2025-06-09 17:17:54',0,'Botble\\ACL\\Models\\User',NULL,'digital',NULL,NULL,0,0,0,0,1),(70,'Iceland Spaghetti Bolognese','<p>Short Hooded Coat features a straight body, large pockets with button flaps, ventilation air holes, and a string detail along the hemline.</p>','<p>Short Hooded Coat features a straight body, large pockets with button flaps, ventilation air holes, and a string detail along the hemline. The style is completed with a drawstring hood, featuring Rains’ signature built-in cap. Made from waterproof, matte PU, this lightweight unisex rain jacket is an ode to nostalgia through its classic silhouette and utilitarian design details.</p>\n                                <p>- Casual unisex fit</p>\n\n                                <p>- 64% polyester, 36% polyurethane</p>\n\n                                <p>- Water column pressure: 4000 mm</p>\n\n                                <p>- Model is 187cm tall and wearing a size S / M</p>\n\n                                <p>- Unisex fit</p>\n\n                                <p>- Drawstring hood with built-in cap</p>\n\n                                <p>- Front placket with snap buttons</p>\n\n                                <p>- Ventilation under armpit</p>\n\n                                <p>- Adjustable cuffs</p>\n\n                                <p>- Double welted front pockets</p>\n\n                                <p>- Adjustable elastic string at hempen</p>\n\n                                <p>- Ultrasonically welded seams</p>\n\n                                <p>This is a unisex item, please check our clothing &amp; footwear sizing guide for specific Rains jacket sizing information. RAINS comes from the rainy nation of Denmark at the edge of the European continent, close to the ocean and with prevailing westerly winds; all factors that contribute to an average of 121 rain days each year. Arising from these rainy weather conditions comes the attitude that a quick rain shower may be beautiful, as well as moody- but first and foremost requires the right outfit. Rains focus on the whole experience of going outside on rainy days, issuing an invitation to explore even in the most mercurial weather.</p>','published','[\"products\\/product-36.jpg\",\"products\\/product-48.jpg\",\"products\\/product-93.jpg\",\"products\\/product-60.jpg\",\"products\\/product-74.jpg\",\"products\\/product-33.jpg\",\"products\\/product-64.jpg\",\"products\\/product-89.jpg\"]',NULL,'NC-161-A0',0,10,0,1,'in_stock',1,5,0,0,471,NULL,NULL,NULL,17,18,16,523,NULL,142746,'2025-06-09 17:17:52','2025-06-09 17:17:54',0,'Botble\\ACL\\Models\\User',NULL,'physical',NULL,NULL,0,0,0,0,1),(71,'Kellogg’s Coco Pops Cereal','<p>Short Hooded Coat features a straight body, large pockets with button flaps, ventilation air holes, and a string detail along the hemline.</p>','<p>Short Hooded Coat features a straight body, large pockets with button flaps, ventilation air holes, and a string detail along the hemline. The style is completed with a drawstring hood, featuring Rains’ signature built-in cap. Made from waterproof, matte PU, this lightweight unisex rain jacket is an ode to nostalgia through its classic silhouette and utilitarian design details.</p>\n                                <p>- Casual unisex fit</p>\n\n                                <p>- 64% polyester, 36% polyurethane</p>\n\n                                <p>- Water column pressure: 4000 mm</p>\n\n                                <p>- Model is 187cm tall and wearing a size S / M</p>\n\n                                <p>- Unisex fit</p>\n\n                                <p>- Drawstring hood with built-in cap</p>\n\n                                <p>- Front placket with snap buttons</p>\n\n                                <p>- Ventilation under armpit</p>\n\n                                <p>- Adjustable cuffs</p>\n\n                                <p>- Double welted front pockets</p>\n\n                                <p>- Adjustable elastic string at hempen</p>\n\n                                <p>- Ultrasonically welded seams</p>\n\n                                <p>This is a unisex item, please check our clothing &amp; footwear sizing guide for specific Rains jacket sizing information. RAINS comes from the rainy nation of Denmark at the edge of the European continent, close to the ocean and with prevailing westerly winds; all factors that contribute to an average of 121 rain days each year. Arising from these rainy weather conditions comes the attitude that a quick rain shower may be beautiful, as well as moody- but first and foremost requires the right outfit. Rains focus on the whole experience of going outside on rainy days, issuing an invitation to explore even in the most mercurial weather.</p>','published','[\"products\\/product-66.jpg\",\"products\\/product-76.jpg\",\"products\\/product-75.jpg\",\"products\\/product-91.jpg\",\"products\\/product-54.jpg\",\"products\\/product-56.jpg\",\"products\\/product-88.jpg\",\"products\\/product-89.jpg\",\"products\\/product-46.jpg\",\"products\\/product-12.jpg\",\"products\\/product-95.jpg\"]',NULL,'NC-129-A0',0,12,0,1,'in_stock',0,1,0,0,493,NULL,NULL,NULL,20,18,12,747,NULL,40925,'2025-06-09 17:17:52','2025-06-09 17:17:54',0,'Botble\\ACL\\Models\\User',NULL,'physical',NULL,NULL,0,0,0,0,2),(72,'Kit Kat Chunky Milk Chocolate','<p>Short Hooded Coat features a straight body, large pockets with button flaps, ventilation air holes, and a string detail along the hemline.</p>','<p>Short Hooded Coat features a straight body, large pockets with button flaps, ventilation air holes, and a string detail along the hemline. The style is completed with a drawstring hood, featuring Rains’ signature built-in cap. Made from waterproof, matte PU, this lightweight unisex rain jacket is an ode to nostalgia through its classic silhouette and utilitarian design details.</p>\n                                <p>- Casual unisex fit</p>\n\n                                <p>- 64% polyester, 36% polyurethane</p>\n\n                                <p>- Water column pressure: 4000 mm</p>\n\n                                <p>- Model is 187cm tall and wearing a size S / M</p>\n\n                                <p>- Unisex fit</p>\n\n                                <p>- Drawstring hood with built-in cap</p>\n\n                                <p>- Front placket with snap buttons</p>\n\n                                <p>- Ventilation under armpit</p>\n\n                                <p>- Adjustable cuffs</p>\n\n                                <p>- Double welted front pockets</p>\n\n                                <p>- Adjustable elastic string at hempen</p>\n\n                                <p>- Ultrasonically welded seams</p>\n\n                                <p>This is a unisex item, please check our clothing &amp; footwear sizing guide for specific Rains jacket sizing information. RAINS comes from the rainy nation of Denmark at the edge of the European continent, close to the ocean and with prevailing westerly winds; all factors that contribute to an average of 121 rain days each year. Arising from these rainy weather conditions comes the attitude that a quick rain shower may be beautiful, as well as moody- but first and foremost requires the right outfit. Rains focus on the whole experience of going outside on rainy days, issuing an invitation to explore even in the most mercurial weather.</p>','published','[\"products\\/product-33.jpg\",\"products\\/product-11.jpg\",\"products\\/product-95.jpg\",\"products\\/product-81.jpg\",\"products\\/product-19.jpg\",\"products\\/product-26.jpg\",\"products\\/product-60.jpg\",\"products\\/product-91.jpg\"]',NULL,'NC-177-A0',0,14,0,1,'in_stock',0,2,0,0,267,237.63,NULL,NULL,16,13,14,876,NULL,91404,'2025-06-09 17:17:52','2025-06-09 17:17:54',0,'Botble\\ACL\\Models\\User',NULL,'physical',NULL,NULL,0,0,0,0,2),(73,'Large Green Bell Pepper','<p>Short Hooded Coat features a straight body, large pockets with button flaps, ventilation air holes, and a string detail along the hemline.</p>','<p>Short Hooded Coat features a straight body, large pockets with button flaps, ventilation air holes, and a string detail along the hemline. The style is completed with a drawstring hood, featuring Rains’ signature built-in cap. Made from waterproof, matte PU, this lightweight unisex rain jacket is an ode to nostalgia through its classic silhouette and utilitarian design details.</p>\n                                <p>- Casual unisex fit</p>\n\n                                <p>- 64% polyester, 36% polyurethane</p>\n\n                                <p>- Water column pressure: 4000 mm</p>\n\n                                <p>- Model is 187cm tall and wearing a size S / M</p>\n\n                                <p>- Unisex fit</p>\n\n                                <p>- Drawstring hood with built-in cap</p>\n\n                                <p>- Front placket with snap buttons</p>\n\n                                <p>- Ventilation under armpit</p>\n\n                                <p>- Adjustable cuffs</p>\n\n                                <p>- Double welted front pockets</p>\n\n                                <p>- Adjustable elastic string at hempen</p>\n\n                                <p>- Ultrasonically welded seams</p>\n\n                                <p>This is a unisex item, please check our clothing &amp; footwear sizing guide for specific Rains jacket sizing information. RAINS comes from the rainy nation of Denmark at the edge of the European continent, close to the ocean and with prevailing westerly winds; all factors that contribute to an average of 121 rain days each year. Arising from these rainy weather conditions comes the attitude that a quick rain shower may be beautiful, as well as moody- but first and foremost requires the right outfit. Rains focus on the whole experience of going outside on rainy days, issuing an invitation to explore even in the most mercurial weather.</p>','published','[\"products\\/product-31.jpg\",\"products\\/product-56.jpg\",\"products\\/product-39.jpg\",\"products\\/product-13.jpg\",\"products\\/product-6.jpg\",\"products\\/product-60.jpg\",\"products\\/product-9.jpg\",\"products\\/product-53.jpg\",\"products\\/product-35.jpg\",\"products\\/product-47.jpg\",\"products\\/product-81.jpg\"]',NULL,'NC-104-A0',0,13,0,1,'in_stock',1,1,0,0,500,NULL,NULL,NULL,16,12,12,520,NULL,69505,'2025-06-09 17:17:52','2025-06-09 17:17:54',0,'Botble\\ACL\\Models\\User',NULL,'digital',NULL,NULL,0,0,0,0,1),(74,'Pice 94w Beasley Journal','<p>Short Hooded Coat features a straight body, large pockets with button flaps, ventilation air holes, and a string detail along the hemline.</p>','<p>Short Hooded Coat features a straight body, large pockets with button flaps, ventilation air holes, and a string detail along the hemline. The style is completed with a drawstring hood, featuring Rains’ signature built-in cap. Made from waterproof, matte PU, this lightweight unisex rain jacket is an ode to nostalgia through its classic silhouette and utilitarian design details.</p>\n                                <p>- Casual unisex fit</p>\n\n                                <p>- 64% polyester, 36% polyurethane</p>\n\n                                <p>- Water column pressure: 4000 mm</p>\n\n                                <p>- Model is 187cm tall and wearing a size S / M</p>\n\n                                <p>- Unisex fit</p>\n\n                                <p>- Drawstring hood with built-in cap</p>\n\n                                <p>- Front placket with snap buttons</p>\n\n                                <p>- Ventilation under armpit</p>\n\n                                <p>- Adjustable cuffs</p>\n\n                                <p>- Double welted front pockets</p>\n\n                                <p>- Adjustable elastic string at hempen</p>\n\n                                <p>- Ultrasonically welded seams</p>\n\n                                <p>This is a unisex item, please check our clothing &amp; footwear sizing guide for specific Rains jacket sizing information. RAINS comes from the rainy nation of Denmark at the edge of the European continent, close to the ocean and with prevailing westerly winds; all factors that contribute to an average of 121 rain days each year. Arising from these rainy weather conditions comes the attitude that a quick rain shower may be beautiful, as well as moody- but first and foremost requires the right outfit. Rains focus on the whole experience of going outside on rainy days, issuing an invitation to explore even in the most mercurial weather.</p>','published','[\"products\\/product-47.jpg\",\"products\\/product-26.jpg\",\"products\\/product-42.jpg\",\"products\\/product-88.jpg\",\"products\\/product-89.jpg\",\"products\\/product-16.jpg\",\"products\\/product-48.jpg\",\"products\\/product-75.jpg\",\"products\\/product-5.jpg\",\"products\\/product-56.jpg\",\"products\\/product-6.jpg\",\"products\\/product-15.jpg\"]',NULL,'NC-140-A0',0,12,0,1,'in_stock',0,7,0,0,304,NULL,NULL,NULL,11,17,20,607,NULL,179815,'2025-06-09 17:17:52','2025-06-09 17:17:54',0,'Botble\\ACL\\Models\\User',NULL,'physical',NULL,NULL,0,0,0,0,2),(75,'Province Piece Glass Drinking Glass','<p>Short Hooded Coat features a straight body, large pockets with button flaps, ventilation air holes, and a string detail along the hemline.</p>','<p>Short Hooded Coat features a straight body, large pockets with button flaps, ventilation air holes, and a string detail along the hemline. The style is completed with a drawstring hood, featuring Rains’ signature built-in cap. Made from waterproof, matte PU, this lightweight unisex rain jacket is an ode to nostalgia through its classic silhouette and utilitarian design details.</p>\n                                <p>- Casual unisex fit</p>\n\n                                <p>- 64% polyester, 36% polyurethane</p>\n\n                                <p>- Water column pressure: 4000 mm</p>\n\n                                <p>- Model is 187cm tall and wearing a size S / M</p>\n\n                                <p>- Unisex fit</p>\n\n                                <p>- Drawstring hood with built-in cap</p>\n\n                                <p>- Front placket with snap buttons</p>\n\n                                <p>- Ventilation under armpit</p>\n\n                                <p>- Adjustable cuffs</p>\n\n                                <p>- Double welted front pockets</p>\n\n                                <p>- Adjustable elastic string at hempen</p>\n\n                                <p>- Ultrasonically welded seams</p>\n\n                                <p>This is a unisex item, please check our clothing &amp; footwear sizing guide for specific Rains jacket sizing information. RAINS comes from the rainy nation of Denmark at the edge of the European continent, close to the ocean and with prevailing westerly winds; all factors that contribute to an average of 121 rain days each year. Arising from these rainy weather conditions comes the attitude that a quick rain shower may be beautiful, as well as moody- but first and foremost requires the right outfit. Rains focus on the whole experience of going outside on rainy days, issuing an invitation to explore even in the most mercurial weather.</p>','published','[\"products\\/product-43.jpg\",\"products\\/product-19.jpg\",\"products\\/product-93.jpg\",\"products\\/product-4.jpg\",\"products\\/product-56.jpg\",\"products\\/product-64.jpg\",\"products\\/product-15.jpg\",\"products\\/product-2.jpg\",\"products\\/product-28.jpg\",\"products\\/product-22.jpg\",\"products\\/product-5.jpg\"]',NULL,'NC-155-A0',0,20,0,1,'in_stock',1,3,0,0,232,NULL,NULL,NULL,14,17,18,757,NULL,32959,'2025-06-09 17:17:52','2025-06-09 17:17:54',0,'Botble\\ACL\\Models\\User',NULL,'physical',NULL,NULL,0,0,0,0,1),(76,'Miko Wooden Bluetooth Speaker',NULL,NULL,'published','[\"products\\/product-57.jpg\"]',NULL,'NC-104-A0',0,20,0,1,'in_stock',0,1,1,0,227,NULL,NULL,NULL,12,20,14,580,NULL,0,'2025-06-09 17:17:52','2025-06-09 17:17:54',0,'Botble\\ACL\\Models\\User',NULL,'digital',NULL,NULL,0,0,0,0,NULL),(77,'Miko Wooden Bluetooth Speaker',NULL,NULL,'published','[\"products\\/product-76.jpg\"]',NULL,'NC-104-A0-A1',0,20,0,1,'in_stock',0,1,1,0,227,NULL,NULL,NULL,12,20,14,580,NULL,0,'2025-06-09 17:17:52','2025-06-09 17:17:54',0,'Botble\\ACL\\Models\\User',NULL,'digital',NULL,NULL,0,0,0,0,NULL),(78,'Miko Wooden Bluetooth Speaker',NULL,NULL,'published','[\"products\\/product-5.jpg\"]',NULL,'NC-104-A0-A2',0,20,0,1,'in_stock',0,1,1,0,227,NULL,NULL,NULL,12,20,14,580,NULL,0,'2025-06-09 17:17:52','2025-06-09 17:17:54',0,'Botble\\ACL\\Models\\User',NULL,'digital',NULL,NULL,0,0,0,0,NULL),(79,'Gorgeous Wooden Gloves',NULL,NULL,'published','[\"products\\/product-25.jpg\"]',NULL,'NC-129-A0',0,17,0,1,'in_stock',0,5,1,0,371,NULL,NULL,NULL,18,10,19,664,NULL,0,'2025-06-09 17:17:52','2025-06-09 17:17:54',0,'Botble\\ACL\\Models\\User',NULL,'physical',NULL,NULL,0,0,0,0,NULL),(80,'Pinkol Enormous Granite Bottle',NULL,NULL,'published','[\"products\\/product-82.jpg\"]',NULL,'NC-147-A0',0,11,0,1,'in_stock',0,4,1,0,341,NULL,NULL,NULL,16,12,12,552,NULL,0,'2025-06-09 17:17:52','2025-06-09 17:17:54',0,'Botble\\ACL\\Models\\User',NULL,'physical',NULL,NULL,0,0,0,0,NULL),(81,'Pinkol Enormous Granite Bottle',NULL,NULL,'published','[\"products\\/product-17.jpg\"]',NULL,'NC-147-A0-A1',0,11,0,1,'in_stock',0,4,1,0,341,NULL,NULL,NULL,16,12,12,552,NULL,0,'2025-06-09 17:17:52','2025-06-09 17:17:54',0,'Botble\\ACL\\Models\\User',NULL,'physical',NULL,NULL,0,0,0,0,NULL),(82,'Gorgeous Aluminum Table',NULL,NULL,'published','[\"products\\/product-16.jpg\"]',NULL,'NC-172-A0',0,20,0,1,'in_stock',0,1,1,0,392,333.2,NULL,NULL,13,12,16,670,NULL,0,'2025-06-09 17:17:52','2025-06-09 17:17:54',0,'Botble\\ACL\\Models\\User',NULL,'physical',NULL,NULL,0,0,0,0,NULL),(83,'Evo Lightweight Granite Shirt',NULL,NULL,'published','[\"products\\/product-34.jpg\"]',NULL,'NC-133-A0',0,17,0,1,'in_stock',0,1,1,0,321,NULL,NULL,NULL,19,10,12,760,NULL,0,'2025-06-09 17:17:52','2025-06-09 17:17:54',0,'Botble\\ACL\\Models\\User',NULL,'digital',NULL,NULL,0,0,0,0,NULL),(84,'CLCo. Incredible Paper Car',NULL,NULL,'published','[\"products\\/product-43.jpg\"]',NULL,'NC-139-A0',0,16,0,1,'in_stock',0,1,1,0,413,NULL,NULL,NULL,16,20,13,835,NULL,0,'2025-06-09 17:17:52','2025-06-09 17:17:54',0,'Botble\\ACL\\Models\\User',NULL,'physical',NULL,NULL,0,0,0,0,NULL),(85,'CLCo. Incredible Paper Car',NULL,NULL,'published','[\"products\\/product-87.jpg\"]',NULL,'NC-139-A0-A1',0,16,0,1,'in_stock',0,1,1,0,413,NULL,NULL,NULL,16,20,13,835,NULL,0,'2025-06-09 17:17:52','2025-06-09 17:17:54',0,'Botble\\ACL\\Models\\User',NULL,'physical',NULL,NULL,0,0,0,0,NULL),(86,'Progash Durable Granite Hat',NULL,NULL,'published','[\"products\\/product-77.jpg\"]',NULL,'NC-186-A0',0,12,0,1,'in_stock',0,7,1,0,229,NULL,NULL,NULL,10,20,15,679,NULL,0,'2025-06-09 17:17:52','2025-06-09 17:17:54',0,'Botble\\ACL\\Models\\User',NULL,'physical',NULL,NULL,0,0,0,0,NULL),(87,'Purab Enormous Miranda Bottle',NULL,NULL,'published','[\"products\\/product-16.jpg\"]',NULL,'NC-113-A0',0,20,0,1,'in_stock',0,2,1,0,436,313.92,NULL,NULL,13,13,20,649,NULL,0,'2025-06-09 17:17:52','2025-06-09 17:17:54',0,'Botble\\ACL\\Models\\User',NULL,'physical',NULL,NULL,0,0,0,0,NULL),(88,'Miklonda Co. Crafted Candles',NULL,NULL,'published','[\"products\\/product-19.jpg\"]',NULL,'NC-111-A0',0,18,0,1,'in_stock',0,4,1,0,337,NULL,NULL,NULL,17,14,20,689,NULL,0,'2025-06-09 17:17:52','2025-06-09 17:17:54',0,'Botble\\ACL\\Models\\User',NULL,'digital',NULL,NULL,0,0,0,0,NULL),(89,'Miklonda Co. Crafted Candles',NULL,NULL,'published','[\"products\\/product-61.jpg\"]',NULL,'NC-111-A0-A1',0,18,0,1,'in_stock',0,4,1,0,337,NULL,NULL,NULL,17,14,20,689,NULL,0,'2025-06-09 17:17:52','2025-06-09 17:17:54',0,'Botble\\ACL\\Models\\User',NULL,'digital',NULL,NULL,0,0,0,0,NULL),(90,'Miklonda Co. Crafted Candles',NULL,NULL,'published','[\"products\\/product-92.jpg\"]',NULL,'NC-111-A0-A2',0,18,0,1,'in_stock',0,4,1,0,337,NULL,NULL,NULL,17,14,20,689,NULL,0,'2025-06-09 17:17:52','2025-06-09 17:17:54',0,'Botble\\ACL\\Models\\User',NULL,'digital',NULL,NULL,0,0,0,0,NULL),(91,'Miklonda Co. Crafted Candles',NULL,NULL,'published','[\"products\\/product-6.jpg\"]',NULL,'NC-111-A0-A3',0,18,0,1,'in_stock',0,4,1,0,337,NULL,NULL,NULL,17,14,20,689,NULL,0,'2025-06-09 17:17:52','2025-06-09 17:17:54',0,'Botble\\ACL\\Models\\User',NULL,'digital',NULL,NULL,0,0,0,0,NULL),(92,'Miklonda Co. Crafted Candles',NULL,NULL,'published','[\"products\\/product-41.jpg\"]',NULL,'NC-111-A0-A4',0,18,0,1,'in_stock',0,4,1,0,337,NULL,NULL,NULL,17,14,20,689,NULL,0,'2025-06-09 17:17:52','2025-06-09 17:17:54',0,'Botble\\ACL\\Models\\User',NULL,'digital',NULL,NULL,0,0,0,0,NULL),(93,'Pinkol Enormous Granite Bottle',NULL,NULL,'published','[\"products\\/product-22.jpg\"]',NULL,'NC-112-A0',0,16,0,1,'in_stock',0,1,1,0,324,NULL,NULL,NULL,19,13,12,759,NULL,0,'2025-06-09 17:17:52','2025-06-09 17:17:54',0,'Botble\\ACL\\Models\\User',NULL,'physical',NULL,NULL,0,0,0,0,NULL),(94,'Pinkol Enormous Granite Bottle',NULL,NULL,'published','[\"products\\/product-32.jpg\"]',NULL,'NC-112-A0-A1',0,16,0,1,'in_stock',0,1,1,0,324,NULL,NULL,NULL,19,13,12,759,NULL,0,'2025-06-09 17:17:52','2025-06-09 17:17:54',0,'Botble\\ACL\\Models\\User',NULL,'physical',NULL,NULL,0,0,0,0,NULL),(95,'Pinkol Enormous Granite Bottle',NULL,NULL,'published','[\"products\\/product-23.jpg\"]',NULL,'NC-112-A0-A2',0,16,0,1,'in_stock',0,1,1,0,324,NULL,NULL,NULL,19,13,12,759,NULL,0,'2025-06-09 17:17:52','2025-06-09 17:17:54',0,'Botble\\ACL\\Models\\User',NULL,'physical',NULL,NULL,0,0,0,0,NULL),(96,'Dual Camera 20MP',NULL,NULL,'published','[\"products\\/product-19.jpg\"]',NULL,'NC-193-A0',0,18,0,1,'in_stock',0,1,1,0,497,NULL,NULL,NULL,12,11,19,689,NULL,0,'2025-06-09 17:17:52','2025-06-09 17:17:54',0,'Botble\\ACL\\Models\\User',NULL,'physical',NULL,NULL,0,0,0,0,NULL),(97,'Dual Camera 20MP',NULL,NULL,'published','[\"products\\/product-73.jpg\"]',NULL,'NC-193-A0-A1',0,18,0,1,'in_stock',0,1,1,0,497,NULL,NULL,NULL,12,11,19,689,NULL,0,'2025-06-09 17:17:52','2025-06-09 17:17:54',0,'Botble\\ACL\\Models\\User',NULL,'physical',NULL,NULL,0,0,0,0,NULL),(98,'Dual Camera 20MP',NULL,NULL,'published','[\"products\\/product-27.jpg\"]',NULL,'NC-193-A0-A2',0,18,0,1,'in_stock',0,1,1,0,497,NULL,NULL,NULL,12,11,19,689,NULL,0,'2025-06-09 17:17:52','2025-06-09 17:17:54',0,'Botble\\ACL\\Models\\User',NULL,'physical',NULL,NULL,0,0,0,0,NULL),(99,'Smart Watches',NULL,NULL,'published','[\"products\\/product-6.jpg\"]',NULL,'NC-149-A0',0,20,0,1,'in_stock',0,5,1,0,400,340,NULL,NULL,13,15,19,569,NULL,0,'2025-06-09 17:17:52','2025-06-09 17:17:54',0,'Botble\\ACL\\Models\\User',NULL,'physical',NULL,NULL,0,0,0,0,NULL),(100,'Smart Watches',NULL,NULL,'published','[\"products\\/product-92.jpg\"]',NULL,'NC-149-A0-A1',0,20,0,1,'in_stock',0,5,1,0,400,328,NULL,NULL,13,15,19,569,NULL,0,'2025-06-09 17:17:52','2025-06-09 17:17:54',0,'Botble\\ACL\\Models\\User',NULL,'physical',NULL,NULL,0,0,0,0,NULL),(101,'Smart Watches',NULL,NULL,'published','[\"products\\/product-21.jpg\"]',NULL,'NC-149-A0-A2',0,20,0,1,'in_stock',0,5,1,0,400,360,NULL,NULL,13,15,19,569,NULL,0,'2025-06-09 17:17:52','2025-06-09 17:17:54',0,'Botble\\ACL\\Models\\User',NULL,'physical',NULL,NULL,0,0,0,0,NULL),(102,'Beat Headphone',NULL,NULL,'published','[\"products\\/product-35.jpg\"]',NULL,'NC-191-A0',0,16,0,1,'in_stock',0,5,1,0,455,NULL,NULL,NULL,11,20,20,738,NULL,0,'2025-06-09 17:17:52','2025-06-09 17:17:54',0,'Botble\\ACL\\Models\\User',NULL,'digital',NULL,NULL,0,0,0,0,NULL),(103,'Beat Headphone',NULL,NULL,'published','[\"products\\/product-60.jpg\"]',NULL,'NC-191-A0-A1',0,16,0,1,'in_stock',0,5,1,0,455,NULL,NULL,NULL,11,20,20,738,NULL,0,'2025-06-09 17:17:52','2025-06-09 17:17:54',0,'Botble\\ACL\\Models\\User',NULL,'digital',NULL,NULL,0,0,0,0,NULL),(104,'Beat Headphone',NULL,NULL,'published','[\"products\\/product-2.jpg\"]',NULL,'NC-191-A0-A2',0,16,0,1,'in_stock',0,5,1,0,455,NULL,NULL,NULL,11,20,20,738,NULL,0,'2025-06-09 17:17:52','2025-06-09 17:17:54',0,'Botble\\ACL\\Models\\User',NULL,'digital',NULL,NULL,0,0,0,0,NULL),(105,'Red & Black Headphone',NULL,NULL,'published','[\"products\\/product-37.jpg\"]',NULL,'NC-103-A0',0,17,0,1,'in_stock',0,4,1,0,243,NULL,NULL,NULL,16,13,16,662,NULL,0,'2025-06-09 17:17:52','2025-06-09 17:17:54',0,'Botble\\ACL\\Models\\User',NULL,'physical',NULL,NULL,0,0,0,0,NULL),(106,'Smart Watch External',NULL,NULL,'published','[\"products\\/product-8.jpg\"]',NULL,'NC-173-A0',0,13,0,1,'in_stock',0,4,1,0,399,NULL,NULL,NULL,12,19,10,756,NULL,0,'2025-06-09 17:17:52','2025-06-09 17:17:54',0,'Botble\\ACL\\Models\\User',NULL,'physical',NULL,NULL,0,0,0,0,NULL),(107,'Smart Watch External',NULL,NULL,'published','[\"products\\/product-90.jpg\"]',NULL,'NC-173-A0-A1',0,13,0,1,'in_stock',0,4,1,0,399,NULL,NULL,NULL,12,19,10,756,NULL,0,'2025-06-09 17:17:52','2025-06-09 17:17:54',0,'Botble\\ACL\\Models\\User',NULL,'physical',NULL,NULL,0,0,0,0,NULL),(108,'Smart Watch External',NULL,NULL,'published','[\"products\\/product-56.jpg\"]',NULL,'NC-173-A0-A2',0,13,0,1,'in_stock',0,4,1,0,399,NULL,NULL,NULL,12,19,10,756,NULL,0,'2025-06-09 17:17:52','2025-06-09 17:17:54',0,'Botble\\ACL\\Models\\User',NULL,'physical',NULL,NULL,0,0,0,0,NULL),(109,'Smart Watch External',NULL,NULL,'published','[\"products\\/product-37.jpg\"]',NULL,'NC-173-A0-A3',0,13,0,1,'in_stock',0,4,1,0,399,NULL,NULL,NULL,12,19,10,756,NULL,0,'2025-06-09 17:17:52','2025-06-09 17:17:54',0,'Botble\\ACL\\Models\\User',NULL,'physical',NULL,NULL,0,0,0,0,NULL),(110,'Nikon HD camera',NULL,NULL,'published','[\"products\\/product-39.jpg\"]',NULL,'NC-136-A0',0,19,0,1,'in_stock',0,2,1,0,470,347.8,NULL,NULL,11,10,18,711,NULL,0,'2025-06-09 17:17:52','2025-06-09 17:17:54',0,'Botble\\ACL\\Models\\User',NULL,'physical',NULL,NULL,0,0,0,0,NULL),(111,'Nikon HD camera',NULL,NULL,'published','[\"products\\/product-27.jpg\"]',NULL,'NC-136-A0-A1',0,19,0,1,'in_stock',0,2,1,0,470,418.3,NULL,NULL,11,10,18,711,NULL,0,'2025-06-09 17:17:52','2025-06-09 17:17:54',0,'Botble\\ACL\\Models\\User',NULL,'physical',NULL,NULL,0,0,0,0,NULL),(112,'Nikon HD camera',NULL,NULL,'published','[\"products\\/product-86.jpg\"]',NULL,'NC-136-A0-A2',0,19,0,1,'in_stock',0,2,1,0,470,329,NULL,NULL,11,10,18,711,NULL,0,'2025-06-09 17:17:52','2025-06-09 17:17:54',0,'Botble\\ACL\\Models\\User',NULL,'physical',NULL,NULL,0,0,0,0,NULL),(113,'Audio Equipment',NULL,NULL,'published','[\"products\\/product-69.jpg\"]',NULL,'NC-195-A0',0,12,0,1,'in_stock',0,4,1,0,289,NULL,NULL,NULL,16,19,20,681,NULL,0,'2025-06-09 17:17:52','2025-06-09 17:17:54',0,'Botble\\ACL\\Models\\User',NULL,'digital',NULL,NULL,0,0,0,0,NULL),(114,'Audio Equipment',NULL,NULL,'published','[\"products\\/product-76.jpg\"]',NULL,'NC-195-A0-A1',0,12,0,1,'in_stock',0,4,1,0,289,NULL,NULL,NULL,16,19,20,681,NULL,0,'2025-06-09 17:17:52','2025-06-09 17:17:54',0,'Botble\\ACL\\Models\\User',NULL,'digital',NULL,NULL,0,0,0,0,NULL),(115,'Smart Televisions',NULL,NULL,'published','[\"products\\/product-22.jpg\"]',NULL,'NC-184-A0',0,18,0,1,'in_stock',0,4,1,0,395,NULL,NULL,NULL,17,19,17,816,NULL,0,'2025-06-09 17:17:52','2025-06-09 17:17:54',0,'Botble\\ACL\\Models\\User',NULL,'physical',NULL,NULL,0,0,0,0,NULL),(116,'Smart Televisions',NULL,NULL,'published','[\"products\\/product-47.jpg\"]',NULL,'NC-184-A0-A1',0,18,0,1,'in_stock',0,4,1,0,395,NULL,NULL,NULL,17,19,17,816,NULL,0,'2025-06-09 17:17:52','2025-06-09 17:17:54',0,'Botble\\ACL\\Models\\User',NULL,'physical',NULL,NULL,0,0,0,0,NULL),(117,'Smart Televisions',NULL,NULL,'published','[\"products\\/product-48.jpg\"]',NULL,'NC-184-A0-A2',0,18,0,1,'in_stock',0,4,1,0,395,NULL,NULL,NULL,17,19,17,816,NULL,0,'2025-06-09 17:17:52','2025-06-09 17:17:54',0,'Botble\\ACL\\Models\\User',NULL,'physical',NULL,NULL,0,0,0,0,NULL),(118,'Samsung Smart Phone',NULL,NULL,'published','[\"products\\/product-23.jpg\"]',NULL,'NC-151-A0',0,11,0,1,'in_stock',0,5,1,0,213,NULL,NULL,NULL,10,10,16,705,NULL,0,'2025-06-09 17:17:52','2025-06-09 17:17:54',0,'Botble\\ACL\\Models\\User',NULL,'physical',NULL,NULL,0,0,0,0,NULL),(119,'Samsung Smart Phone',NULL,NULL,'published','[\"products\\/product-19.jpg\"]',NULL,'NC-151-A0-A1',0,11,0,1,'in_stock',0,5,1,0,213,NULL,NULL,NULL,10,10,16,705,NULL,0,'2025-06-09 17:17:52','2025-06-09 17:17:54',0,'Botble\\ACL\\Models\\User',NULL,'physical',NULL,NULL,0,0,0,0,NULL),(120,'Samsung Smart Phone',NULL,NULL,'published','[\"products\\/product-3.jpg\"]',NULL,'NC-151-A0-A2',0,11,0,1,'in_stock',0,5,1,0,213,NULL,NULL,NULL,10,10,16,705,NULL,0,'2025-06-09 17:17:52','2025-06-09 17:17:54',0,'Botble\\ACL\\Models\\User',NULL,'physical',NULL,NULL,0,0,0,0,NULL),(121,'Herschel Leather Duffle Bag In Brown Color',NULL,NULL,'published','[\"products\\/product-77.jpg\"]',NULL,'NC-147-A0',0,15,0,1,'in_stock',0,5,1,0,496,396.8,NULL,NULL,20,17,19,510,NULL,0,'2025-06-09 17:17:52','2025-06-09 17:17:54',0,'Botble\\ACL\\Models\\User',NULL,'physical',NULL,NULL,0,0,0,0,NULL),(122,'Herschel Leather Duffle Bag In Brown Color',NULL,NULL,'published','[\"products\\/product-74.jpg\"]',NULL,'NC-147-A0-A1',0,15,0,1,'in_stock',0,5,1,0,496,376.96,NULL,NULL,20,17,19,510,NULL,0,'2025-06-09 17:17:52','2025-06-09 17:17:54',0,'Botble\\ACL\\Models\\User',NULL,'physical',NULL,NULL,0,0,0,0,NULL),(123,'Xbox One Wireless Controller Black Color',NULL,NULL,'published','[\"products\\/product-20.jpg\"]',NULL,'NC-157-A0',0,17,0,1,'in_stock',0,5,1,0,350,NULL,NULL,NULL,19,13,15,714,NULL,0,'2025-06-09 17:17:52','2025-06-09 17:17:54',0,'Botble\\ACL\\Models\\User',NULL,'digital',NULL,NULL,0,0,0,0,NULL),(124,'Xbox One Wireless Controller Black Color',NULL,NULL,'published','[\"products\\/product-74.jpg\"]',NULL,'NC-157-A0-A1',0,17,0,1,'in_stock',0,5,1,0,350,NULL,NULL,NULL,19,13,15,714,NULL,0,'2025-06-09 17:17:52','2025-06-09 17:17:54',0,'Botble\\ACL\\Models\\User',NULL,'digital',NULL,NULL,0,0,0,0,NULL),(125,'Xbox One Wireless Controller Black Color',NULL,NULL,'published','[\"products\\/product-11.jpg\"]',NULL,'NC-157-A0-A2',0,17,0,1,'in_stock',0,5,1,0,350,NULL,NULL,NULL,19,13,15,714,NULL,0,'2025-06-09 17:17:52','2025-06-09 17:17:54',0,'Botble\\ACL\\Models\\User',NULL,'digital',NULL,NULL,0,0,0,0,NULL),(126,'EPSION Plaster Printer',NULL,NULL,'published','[\"products\\/product-66.jpg\"]',NULL,'NC-191-A0',0,16,0,1,'in_stock',0,7,1,0,495,NULL,NULL,NULL,10,11,20,768,NULL,0,'2025-06-09 17:17:52','2025-06-09 17:17:54',0,'Botble\\ACL\\Models\\User',NULL,'physical',NULL,NULL,0,0,0,0,NULL),(127,'EPSION Plaster Printer',NULL,NULL,'published','[\"products\\/product-18.jpg\"]',NULL,'NC-191-A0-A1',0,16,0,1,'in_stock',0,7,1,0,495,NULL,NULL,NULL,10,11,20,768,NULL,0,'2025-06-09 17:17:52','2025-06-09 17:17:54',0,'Botble\\ACL\\Models\\User',NULL,'physical',NULL,NULL,0,0,0,0,NULL),(128,'Sound Intone I65 Earphone White Version',NULL,NULL,'published','[\"products\\/product-63.jpg\"]',NULL,'NC-112-A0',0,19,0,1,'in_stock',0,7,1,0,386,NULL,NULL,NULL,15,19,13,884,NULL,0,'2025-06-09 17:17:52','2025-06-09 17:17:54',0,'Botble\\ACL\\Models\\User',NULL,'physical',NULL,NULL,0,0,0,0,NULL),(129,'Sound Intone I65 Earphone White Version',NULL,NULL,'published','[\"products\\/product-93.jpg\"]',NULL,'NC-112-A0-A1',0,19,0,1,'in_stock',0,7,1,0,386,NULL,NULL,NULL,15,19,13,884,NULL,0,'2025-06-09 17:17:52','2025-06-09 17:17:54',0,'Botble\\ACL\\Models\\User',NULL,'physical',NULL,NULL,0,0,0,0,NULL),(130,'B&O Play Mini Bluetooth Speaker',NULL,NULL,'published','[\"products\\/product-38.jpg\"]',NULL,'NC-194-A0',0,18,0,1,'in_stock',0,2,1,0,365,270.1,NULL,NULL,12,20,16,851,NULL,0,'2025-06-09 17:17:52','2025-06-09 17:17:54',0,'Botble\\ACL\\Models\\User',NULL,'physical',NULL,NULL,0,0,0,0,NULL),(131,'B&O Play Mini Bluetooth Speaker',NULL,NULL,'published','[\"products\\/product-4.jpg\"]',NULL,'NC-194-A0-A1',0,18,0,1,'in_stock',0,2,1,0,365,273.75,NULL,NULL,12,20,16,851,NULL,0,'2025-06-09 17:17:52','2025-06-09 17:17:54',0,'Botble\\ACL\\Models\\User',NULL,'physical',NULL,NULL,0,0,0,0,NULL),(132,'B&O Play Mini Bluetooth Speaker',NULL,NULL,'published','[\"products\\/product-56.jpg\"]',NULL,'NC-194-A0-A2',0,18,0,1,'in_stock',0,2,1,0,365,313.9,NULL,NULL,12,20,16,851,NULL,0,'2025-06-09 17:17:52','2025-06-09 17:17:54',0,'Botble\\ACL\\Models\\User',NULL,'physical',NULL,NULL,0,0,0,0,NULL),(133,'Apple MacBook Air Retina 13.3-Inch Laptop',NULL,NULL,'published','[\"products\\/product-92.jpg\"]',NULL,'NC-146-A0',0,12,0,1,'in_stock',0,4,1,0,409,NULL,NULL,NULL,15,16,14,735,NULL,0,'2025-06-09 17:17:52','2025-06-09 17:17:54',0,'Botble\\ACL\\Models\\User',NULL,'digital',NULL,NULL,0,0,0,0,NULL),(134,'Apple MacBook Air Retina 13.3-Inch Laptop',NULL,NULL,'published','[\"products\\/product-47.jpg\"]',NULL,'NC-146-A0-A1',0,12,0,1,'in_stock',0,4,1,0,409,NULL,NULL,NULL,15,16,14,735,NULL,0,'2025-06-09 17:17:52','2025-06-09 17:17:54',0,'Botble\\ACL\\Models\\User',NULL,'digital',NULL,NULL,0,0,0,0,NULL),(135,'Apple MacBook Air Retina 13.3-Inch Laptop',NULL,NULL,'published','[\"products\\/product-88.jpg\"]',NULL,'NC-146-A0-A2',0,12,0,1,'in_stock',0,4,1,0,409,NULL,NULL,NULL,15,16,14,735,NULL,0,'2025-06-09 17:17:52','2025-06-09 17:17:54',0,'Botble\\ACL\\Models\\User',NULL,'digital',NULL,NULL,0,0,0,0,NULL),(136,'Apple MacBook Air Retina 13.3-Inch Laptop',NULL,NULL,'published','[\"products\\/product-29.jpg\"]',NULL,'NC-146-A0-A3',0,12,0,1,'in_stock',0,4,1,0,409,NULL,NULL,NULL,15,16,14,735,NULL,0,'2025-06-09 17:17:52','2025-06-09 17:17:54',0,'Botble\\ACL\\Models\\User',NULL,'digital',NULL,NULL,0,0,0,0,NULL),(137,'Apple MacBook Air Retina 12-Inch Laptop',NULL,NULL,'published','[\"products\\/product-64.jpg\"]',NULL,'NC-107-A0',0,17,0,1,'in_stock',0,6,1,0,299,NULL,NULL,NULL,17,14,12,882,NULL,0,'2025-06-09 17:17:52','2025-06-09 17:17:54',0,'Botble\\ACL\\Models\\User',NULL,'physical',NULL,NULL,0,0,0,0,NULL),(138,'Samsung Gear VR Virtual Reality Headset',NULL,NULL,'published','[\"products\\/product-93.jpg\"]',NULL,'NC-112-A0',0,18,0,1,'in_stock',0,1,1,0,231,NULL,NULL,NULL,18,12,20,828,NULL,0,'2025-06-09 17:17:52','2025-06-09 17:17:54',0,'Botble\\ACL\\Models\\User',NULL,'physical',NULL,NULL,0,0,0,0,NULL),(139,'Samsung Gear VR Virtual Reality Headset',NULL,NULL,'published','[\"products\\/product-22.jpg\"]',NULL,'NC-112-A0-A1',0,18,0,1,'in_stock',0,1,1,0,231,NULL,NULL,NULL,18,12,20,828,NULL,0,'2025-06-09 17:17:52','2025-06-09 17:17:54',0,'Botble\\ACL\\Models\\User',NULL,'physical',NULL,NULL,0,0,0,0,NULL),(140,'Aveeno Moisturizing Body Shower 450ml',NULL,NULL,'published','[\"products\\/product-87.jpg\"]',NULL,'NC-100-A0',0,12,0,1,'in_stock',0,7,1,0,248,223.2,NULL,NULL,15,18,11,869,NULL,0,'2025-06-09 17:17:52','2025-06-09 17:17:54',0,'Botble\\ACL\\Models\\User',NULL,'physical',NULL,NULL,0,0,0,0,NULL),(141,'NYX Beauty Couton Pallete Makeup 12',NULL,NULL,'published','[\"products\\/product-37.jpg\"]',NULL,'NC-158-A0',0,10,0,1,'in_stock',0,4,1,0,380,NULL,NULL,NULL,13,19,14,670,NULL,0,'2025-06-09 17:17:52','2025-06-09 17:17:54',0,'Botble\\ACL\\Models\\User',NULL,'digital',NULL,NULL,0,0,0,0,NULL),(142,'NYX Beauty Couton Pallete Makeup 12',NULL,NULL,'published','[\"products\\/product-92.jpg\"]',NULL,'NC-185-A0',0,18,0,1,'in_stock',0,5,1,0,366,NULL,NULL,NULL,17,20,13,781,NULL,0,'2025-06-09 17:17:52','2025-06-09 17:17:54',0,'Botble\\ACL\\Models\\User',NULL,'physical',NULL,NULL,0,0,0,0,NULL),(143,'NYX Beauty Couton Pallete Makeup 12',NULL,NULL,'published','[\"products\\/product-70.jpg\"]',NULL,'NC-185-A0-A1',0,18,0,1,'in_stock',0,5,1,0,366,NULL,NULL,NULL,17,20,13,781,NULL,0,'2025-06-09 17:17:52','2025-06-09 17:17:54',0,'Botble\\ACL\\Models\\User',NULL,'physical',NULL,NULL,0,0,0,0,NULL),(144,'MVMTH Classical Leather Watch In Black',NULL,NULL,'published','[\"products\\/product-5.jpg\"]',NULL,'NC-116-A0',0,13,0,1,'in_stock',0,1,1,0,244,NULL,NULL,NULL,13,15,19,628,NULL,0,'2025-06-09 17:17:52','2025-06-09 17:17:54',0,'Botble\\ACL\\Models\\User',NULL,'physical',NULL,NULL,0,0,0,0,NULL),(145,'MVMTH Classical Leather Watch In Black',NULL,NULL,'published','[\"products\\/product-53.jpg\"]',NULL,'NC-116-A0-A1',0,13,0,1,'in_stock',0,1,1,0,244,NULL,NULL,NULL,13,15,19,628,NULL,0,'2025-06-09 17:17:52','2025-06-09 17:17:54',0,'Botble\\ACL\\Models\\User',NULL,'physical',NULL,NULL,0,0,0,0,NULL),(146,'MVMTH Classical Leather Watch In Black',NULL,NULL,'published','[\"products\\/product-75.jpg\"]',NULL,'NC-116-A0-A2',0,13,0,1,'in_stock',0,1,1,0,244,NULL,NULL,NULL,13,15,19,628,NULL,0,'2025-06-09 17:17:52','2025-06-09 17:17:54',0,'Botble\\ACL\\Models\\User',NULL,'physical',NULL,NULL,0,0,0,0,NULL),(147,'Baxter Care Hair Kit For Bearded Mens',NULL,NULL,'published','[\"products\\/product-49.jpg\"]',NULL,'NC-104-A0',0,13,0,1,'in_stock',0,3,1,0,370,284.9,NULL,NULL,19,15,15,886,NULL,0,'2025-06-09 17:17:53','2025-06-09 17:17:54',0,'Botble\\ACL\\Models\\User',NULL,'physical',NULL,NULL,0,0,0,0,NULL),(148,'Baxter Care Hair Kit For Bearded Mens',NULL,NULL,'published','[\"products\\/product-6.jpg\"]',NULL,'NC-104-A0-A1',0,13,0,1,'in_stock',0,3,1,0,370,292.3,NULL,NULL,19,15,15,886,NULL,0,'2025-06-09 17:17:53','2025-06-09 17:17:54',0,'Botble\\ACL\\Models\\User',NULL,'physical',NULL,NULL,0,0,0,0,NULL),(149,'Ciate Palemore Lipstick Bold Red Color',NULL,NULL,'published','[\"products\\/product-88.jpg\"]',NULL,'NC-199-A0',0,12,0,1,'in_stock',0,4,1,0,219,NULL,NULL,NULL,20,11,20,579,NULL,0,'2025-06-09 17:17:53','2025-06-09 17:17:54',0,'Botble\\ACL\\Models\\User',NULL,'digital',NULL,NULL,0,0,0,0,NULL),(150,'Ciate Palemore Lipstick Bold Red Color',NULL,NULL,'published','[\"products\\/product-25.jpg\"]',NULL,'NC-199-A0-A1',0,12,0,1,'in_stock',0,4,1,0,219,NULL,NULL,NULL,20,11,20,579,NULL,0,'2025-06-09 17:17:53','2025-06-09 17:17:54',0,'Botble\\ACL\\Models\\User',NULL,'digital',NULL,NULL,0,0,0,0,NULL),(151,'Ciate Palemore Lipstick Bold Red Color',NULL,NULL,'published','[\"products\\/product-17.jpg\"]',NULL,'NC-199-A0-A2',0,12,0,1,'in_stock',0,4,1,0,219,NULL,NULL,NULL,20,11,20,579,NULL,0,'2025-06-09 17:17:53','2025-06-09 17:17:54',0,'Botble\\ACL\\Models\\User',NULL,'digital',NULL,NULL,0,0,0,0,NULL),(152,'Vimto Squash Remix Apple 1.5 Litres',NULL,NULL,'published','[\"products\\/product-22.jpg\"]',NULL,'NC-154-A0',0,14,0,1,'in_stock',0,6,1,0,291,NULL,NULL,NULL,17,15,13,884,NULL,0,'2025-06-09 17:17:53','2025-06-09 17:17:54',0,'Botble\\ACL\\Models\\User',NULL,'physical',NULL,NULL,0,0,0,0,NULL),(153,'Vimto Squash Remix Apple 1.5 Litres',NULL,NULL,'published','[\"products\\/product-58.jpg\"]',NULL,'NC-154-A0-A1',0,14,0,1,'in_stock',0,6,1,0,291,NULL,NULL,NULL,17,15,13,884,NULL,0,'2025-06-09 17:17:53','2025-06-09 17:17:54',0,'Botble\\ACL\\Models\\User',NULL,'physical',NULL,NULL,0,0,0,0,NULL),(154,'Vimto Squash Remix Apple 1.5 Litres',NULL,NULL,'published','[\"products\\/product-34.jpg\"]',NULL,'NC-154-A0-A2',0,14,0,1,'in_stock',0,6,1,0,291,NULL,NULL,NULL,17,15,13,884,NULL,0,'2025-06-09 17:17:53','2025-06-09 17:17:54',0,'Botble\\ACL\\Models\\User',NULL,'physical',NULL,NULL,0,0,0,0,NULL),(155,'Crock Pot Slow Cooker',NULL,NULL,'published','[\"products\\/product-42.jpg\"]',NULL,'NC-125-A0',0,13,0,1,'in_stock',0,7,1,0,270,NULL,NULL,NULL,12,10,14,570,NULL,0,'2025-06-09 17:17:53','2025-06-09 17:17:54',0,'Botble\\ACL\\Models\\User',NULL,'physical',NULL,NULL,0,0,0,0,NULL),(156,'Crock Pot Slow Cooker',NULL,NULL,'published','[\"products\\/product-26.jpg\"]',NULL,'NC-125-A0-A1',0,13,0,1,'in_stock',0,7,1,0,270,NULL,NULL,NULL,12,10,14,570,NULL,0,'2025-06-09 17:17:53','2025-06-09 17:17:54',0,'Botble\\ACL\\Models\\User',NULL,'physical',NULL,NULL,0,0,0,0,NULL),(157,'Taylors of Harrogate Yorkshire Coffee',NULL,NULL,'published','[\"products\\/product-57.jpg\"]',NULL,'NC-116-A0',0,17,0,1,'in_stock',0,6,1,0,473,416.24,NULL,NULL,13,11,11,832,NULL,0,'2025-06-09 17:17:53','2025-06-09 17:17:54',0,'Botble\\ACL\\Models\\User',NULL,'physical',NULL,NULL,0,0,0,0,NULL),(158,'Taylors of Harrogate Yorkshire Coffee',NULL,NULL,'published','[\"products\\/product-77.jpg\"]',NULL,'NC-116-A0-A1',0,17,0,1,'in_stock',0,6,1,0,473,345.29,NULL,NULL,13,11,11,832,NULL,0,'2025-06-09 17:17:53','2025-06-09 17:17:54',0,'Botble\\ACL\\Models\\User',NULL,'physical',NULL,NULL,0,0,0,0,NULL),(159,'Taylors of Harrogate Yorkshire Coffee',NULL,NULL,'published','[\"products\\/product-5.jpg\"]',NULL,'NC-116-A0-A2',0,17,0,1,'in_stock',0,6,1,0,473,340.56,NULL,NULL,13,11,11,832,NULL,0,'2025-06-09 17:17:53','2025-06-09 17:17:54',0,'Botble\\ACL\\Models\\User',NULL,'physical',NULL,NULL,0,0,0,0,NULL),(160,'Soft Mochi & Galeto Ice Cream',NULL,NULL,'published','[\"products\\/product-35.jpg\"]',NULL,'NC-168-A0',0,18,0,1,'in_stock',0,7,1,0,207,NULL,NULL,NULL,20,15,20,854,NULL,0,'2025-06-09 17:17:53','2025-06-09 17:17:54',0,'Botble\\ACL\\Models\\User',NULL,'digital',NULL,NULL,0,0,0,0,NULL),(161,'Soft Mochi & Galeto Ice Cream',NULL,NULL,'published','[\"products\\/product-80.jpg\"]',NULL,'NC-168-A0-A1',0,18,0,1,'in_stock',0,7,1,0,207,NULL,NULL,NULL,20,15,20,854,NULL,0,'2025-06-09 17:17:53','2025-06-09 17:17:54',0,'Botble\\ACL\\Models\\User',NULL,'digital',NULL,NULL,0,0,0,0,NULL),(162,'Soft Mochi & Galeto Ice Cream',NULL,NULL,'published','[\"products\\/product-91.jpg\"]',NULL,'NC-168-A0-A2',0,18,0,1,'in_stock',0,7,1,0,207,NULL,NULL,NULL,20,15,20,854,NULL,0,'2025-06-09 17:17:53','2025-06-09 17:17:54',0,'Botble\\ACL\\Models\\User',NULL,'digital',NULL,NULL,0,0,0,0,NULL),(163,'Soft Mochi & Galeto Ice Cream',NULL,NULL,'published','[\"products\\/product-72.jpg\"]',NULL,'NC-168-A0-A3',0,18,0,1,'in_stock',0,7,1,0,207,NULL,NULL,NULL,20,15,20,854,NULL,0,'2025-06-09 17:17:53','2025-06-09 17:17:54',0,'Botble\\ACL\\Models\\User',NULL,'digital',NULL,NULL,0,0,0,0,NULL),(164,'Naked Noodle Egg Noodles Singapore',NULL,NULL,'published','[\"products\\/product-49.jpg\"]',NULL,'NC-115-A0',0,11,0,1,'in_stock',0,4,1,0,433,NULL,NULL,NULL,18,20,11,672,NULL,0,'2025-06-09 17:17:53','2025-06-09 17:17:54',0,'Botble\\ACL\\Models\\User',NULL,'physical',NULL,NULL,0,0,0,0,NULL),(165,'Naked Noodle Egg Noodles Singapore',NULL,NULL,'published','[\"products\\/product-75.jpg\"]',NULL,'NC-115-A0-A1',0,11,0,1,'in_stock',0,4,1,0,433,NULL,NULL,NULL,18,20,11,672,NULL,0,'2025-06-09 17:17:53','2025-06-09 17:17:54',0,'Botble\\ACL\\Models\\User',NULL,'physical',NULL,NULL,0,0,0,0,NULL),(166,'Naked Noodle Egg Noodles Singapore',NULL,NULL,'published','[\"products\\/product-23.jpg\"]',NULL,'NC-115-A0-A2',0,11,0,1,'in_stock',0,4,1,0,433,NULL,NULL,NULL,18,20,11,672,NULL,0,'2025-06-09 17:17:53','2025-06-09 17:17:54',0,'Botble\\ACL\\Models\\User',NULL,'physical',NULL,NULL,0,0,0,0,NULL),(167,'Naked Noodle Egg Noodles Singapore',NULL,NULL,'published','[\"products\\/product-35.jpg\"]',NULL,'NC-115-A0-A3',0,11,0,1,'in_stock',0,4,1,0,433,NULL,NULL,NULL,18,20,11,672,NULL,0,'2025-06-09 17:17:53','2025-06-09 17:17:54',0,'Botble\\ACL\\Models\\User',NULL,'physical',NULL,NULL,0,0,0,0,NULL),(168,'Saute Pan Silver',NULL,NULL,'published','[\"products\\/product-9.jpg\"]',NULL,'NC-150-A0',0,14,0,1,'in_stock',0,1,1,0,209,NULL,NULL,NULL,18,13,14,726,NULL,0,'2025-06-09 17:17:53','2025-06-09 17:17:54',0,'Botble\\ACL\\Models\\User',NULL,'physical',NULL,NULL,0,0,0,0,NULL),(169,'Saute Pan Silver',NULL,NULL,'published','[\"products\\/product-19.jpg\"]',NULL,'NC-150-A0-A1',0,14,0,1,'in_stock',0,1,1,0,209,NULL,NULL,NULL,18,13,14,726,NULL,0,'2025-06-09 17:17:53','2025-06-09 17:17:54',0,'Botble\\ACL\\Models\\User',NULL,'physical',NULL,NULL,0,0,0,0,NULL),(170,'Saute Pan Silver',NULL,NULL,'published','[\"products\\/product-83.jpg\"]',NULL,'NC-150-A0-A2',0,14,0,1,'in_stock',0,1,1,0,209,NULL,NULL,NULL,18,13,14,726,NULL,0,'2025-06-09 17:17:53','2025-06-09 17:17:54',0,'Botble\\ACL\\Models\\User',NULL,'physical',NULL,NULL,0,0,0,0,NULL),(171,'Saute Pan Silver',NULL,NULL,'published','[\"products\\/product-59.jpg\"]',NULL,'NC-150-A0-A3',0,14,0,1,'in_stock',0,1,1,0,209,NULL,NULL,NULL,18,13,14,726,NULL,0,'2025-06-09 17:17:53','2025-06-09 17:17:54',0,'Botble\\ACL\\Models\\User',NULL,'physical',NULL,NULL,0,0,0,0,NULL),(172,'Bar S – Classic Bun Length Franks',NULL,NULL,'published','[\"products\\/product-65.jpg\"]',NULL,'NC-113-A0',0,14,0,1,'in_stock',0,2,1,0,379,341.1,NULL,NULL,20,14,10,720,NULL,0,'2025-06-09 17:17:53','2025-06-09 17:17:54',0,'Botble\\ACL\\Models\\User',NULL,'physical',NULL,NULL,0,0,0,0,NULL),(173,'Bar S – Classic Bun Length Franks',NULL,NULL,'published','[\"products\\/product-15.jpg\"]',NULL,'NC-113-A0-A1',0,14,0,1,'in_stock',0,2,1,0,379,265.3,NULL,NULL,20,14,10,720,NULL,0,'2025-06-09 17:17:53','2025-06-09 17:17:54',0,'Botble\\ACL\\Models\\User',NULL,'physical',NULL,NULL,0,0,0,0,NULL),(174,'Broccoli Crowns',NULL,NULL,'published','[\"products\\/product-92.jpg\"]',NULL,'NC-161-A0',0,10,0,1,'in_stock',0,3,1,0,357,NULL,NULL,NULL,16,18,12,722,NULL,0,'2025-06-09 17:17:53','2025-06-09 17:17:54',0,'Botble\\ACL\\Models\\User',NULL,'digital',NULL,NULL,0,0,0,0,NULL),(175,'Slimming World Vegan Mac Greens',NULL,NULL,'published','[\"products\\/product-58.jpg\"]',NULL,'NC-128-A0',0,14,0,1,'in_stock',0,3,1,0,285,NULL,NULL,NULL,12,17,12,506,NULL,0,'2025-06-09 17:17:53','2025-06-09 17:17:54',0,'Botble\\ACL\\Models\\User',NULL,'physical',NULL,NULL,0,0,0,0,NULL),(176,'Slimming World Vegan Mac Greens',NULL,NULL,'published','[\"products\\/product-53.jpg\"]',NULL,'NC-128-A0-A1',0,14,0,1,'in_stock',0,3,1,0,285,NULL,NULL,NULL,12,17,12,506,NULL,0,'2025-06-09 17:17:53','2025-06-09 17:17:54',0,'Botble\\ACL\\Models\\User',NULL,'physical',NULL,NULL,0,0,0,0,NULL),(177,'Slimming World Vegan Mac Greens',NULL,NULL,'published','[\"products\\/product-13.jpg\"]',NULL,'NC-128-A0-A2',0,14,0,1,'in_stock',0,3,1,0,285,NULL,NULL,NULL,12,17,12,506,NULL,0,'2025-06-09 17:17:53','2025-06-09 17:17:54',0,'Botble\\ACL\\Models\\User',NULL,'physical',NULL,NULL,0,0,0,0,NULL),(178,'Slimming World Vegan Mac Greens',NULL,NULL,'published','[\"products\\/product-59.jpg\"]',NULL,'NC-128-A0-A3',0,14,0,1,'in_stock',0,3,1,0,285,NULL,NULL,NULL,12,17,12,506,NULL,0,'2025-06-09 17:17:53','2025-06-09 17:17:54',0,'Botble\\ACL\\Models\\User',NULL,'physical',NULL,NULL,0,0,0,0,NULL),(179,'Slimming World Vegan Mac Greens',NULL,NULL,'published','[\"products\\/product-3.jpg\"]',NULL,'NC-128-A0-A4',0,14,0,1,'in_stock',0,3,1,0,285,NULL,NULL,NULL,12,17,12,506,NULL,0,'2025-06-09 17:17:53','2025-06-09 17:17:54',0,'Botble\\ACL\\Models\\User',NULL,'physical',NULL,NULL,0,0,0,0,NULL),(180,'Häagen-Dazs Salted Caramel',NULL,NULL,'published','[\"products\\/product-82.jpg\"]',NULL,'NC-184-A0',0,20,0,1,'in_stock',0,2,1,0,475,NULL,NULL,NULL,13,13,12,842,NULL,0,'2025-06-09 17:17:53','2025-06-09 17:17:54',0,'Botble\\ACL\\Models\\User',NULL,'physical',NULL,NULL,0,0,0,0,NULL),(181,'Häagen-Dazs Salted Caramel',NULL,NULL,'published','[\"products\\/product-29.jpg\"]',NULL,'NC-184-A0-A1',0,20,0,1,'in_stock',0,2,1,0,475,NULL,NULL,NULL,13,13,12,842,NULL,0,'2025-06-09 17:17:53','2025-06-09 17:17:54',0,'Botble\\ACL\\Models\\User',NULL,'physical',NULL,NULL,0,0,0,0,NULL),(182,'Iceland 3 Solo Exotic Burst',NULL,NULL,'published','[\"products\\/product-53.jpg\"]',NULL,'NC-102-A0',0,18,0,1,'in_stock',0,3,1,0,432,315.36,NULL,NULL,18,12,13,701,NULL,0,'2025-06-09 17:17:53','2025-06-09 17:17:54',0,'Botble\\ACL\\Models\\User',NULL,'physical',NULL,NULL,0,0,0,0,NULL),(183,'Iceland 3 Solo Exotic Burst',NULL,NULL,'published','[\"products\\/product-69.jpg\"]',NULL,'NC-102-A0-A1',0,18,0,1,'in_stock',0,3,1,0,432,362.88,NULL,NULL,18,12,13,701,NULL,0,'2025-06-09 17:17:53','2025-06-09 17:17:54',0,'Botble\\ACL\\Models\\User',NULL,'physical',NULL,NULL,0,0,0,0,NULL),(184,'Iceland 3 Solo Exotic Burst',NULL,NULL,'published','[\"products\\/product-35.jpg\"]',NULL,'NC-102-A0-A2',0,18,0,1,'in_stock',0,3,1,0,432,371.52,NULL,NULL,18,12,13,701,NULL,0,'2025-06-09 17:17:53','2025-06-09 17:17:54',0,'Botble\\ACL\\Models\\User',NULL,'physical',NULL,NULL,0,0,0,0,NULL),(185,'Iceland 3 Solo Exotic Burst',NULL,NULL,'published','[\"products\\/product-55.jpg\"]',NULL,'NC-102-A0-A3',0,18,0,1,'in_stock',0,3,1,0,432,311.04,NULL,NULL,18,12,13,701,NULL,0,'2025-06-09 17:17:53','2025-06-09 17:17:54',0,'Botble\\ACL\\Models\\User',NULL,'physical',NULL,NULL,0,0,0,0,NULL),(186,'Extreme Budweiser Light Can',NULL,NULL,'published','[\"products\\/product-9.jpg\"]',NULL,'NC-107-A0',0,11,0,1,'in_stock',0,4,1,0,426,NULL,NULL,NULL,12,17,11,530,NULL,0,'2025-06-09 17:17:53','2025-06-09 17:17:54',0,'Botble\\ACL\\Models\\User',NULL,'digital',NULL,NULL,0,0,0,0,NULL),(187,'Extreme Budweiser Light Can',NULL,NULL,'published','[\"products\\/product-4.jpg\"]',NULL,'NC-107-A0-A1',0,11,0,1,'in_stock',0,4,1,0,426,NULL,NULL,NULL,12,17,11,530,NULL,0,'2025-06-09 17:17:53','2025-06-09 17:17:54',0,'Botble\\ACL\\Models\\User',NULL,'digital',NULL,NULL,0,0,0,0,NULL),(188,'Extreme Budweiser Light Can',NULL,NULL,'published','[\"products\\/product-20.jpg\"]',NULL,'NC-107-A0-A2',0,11,0,1,'in_stock',0,4,1,0,426,NULL,NULL,NULL,12,17,11,530,NULL,0,'2025-06-09 17:17:53','2025-06-09 17:17:54',0,'Botble\\ACL\\Models\\User',NULL,'digital',NULL,NULL,0,0,0,0,NULL),(189,'Iceland Macaroni Cheese Traybake',NULL,NULL,'published','[\"products\\/product-49.jpg\"]',NULL,'NC-123-A0',0,15,0,1,'in_stock',0,2,1,0,420,NULL,NULL,NULL,15,18,16,558,NULL,0,'2025-06-09 17:17:53','2025-06-09 17:17:54',0,'Botble\\ACL\\Models\\User',NULL,'physical',NULL,NULL,0,0,0,0,NULL),(190,'Iceland Macaroni Cheese Traybake',NULL,NULL,'published','[\"products\\/product-23.jpg\"]',NULL,'NC-123-A0-A1',0,15,0,1,'in_stock',0,2,1,0,420,NULL,NULL,NULL,15,18,16,558,NULL,0,'2025-06-09 17:17:53','2025-06-09 17:17:54',0,'Botble\\ACL\\Models\\User',NULL,'physical',NULL,NULL,0,0,0,0,NULL),(191,'Dolmio Bolognese Pasta Sauce',NULL,NULL,'published','[\"products\\/product-24.jpg\"]',NULL,'NC-158-A0',0,15,0,1,'in_stock',0,3,1,0,284,NULL,NULL,NULL,19,14,16,875,NULL,0,'2025-06-09 17:17:53','2025-06-09 17:17:54',0,'Botble\\ACL\\Models\\User',NULL,'physical',NULL,NULL,0,0,0,0,NULL),(192,'Dolmio Bolognese Pasta Sauce',NULL,NULL,'published','[\"products\\/product-30.jpg\"]',NULL,'NC-158-A0-A1',0,15,0,1,'in_stock',0,3,1,0,284,NULL,NULL,NULL,19,14,16,875,NULL,0,'2025-06-09 17:17:53','2025-06-09 17:17:54',0,'Botble\\ACL\\Models\\User',NULL,'physical',NULL,NULL,0,0,0,0,NULL),(193,'Dolmio Bolognese Pasta Sauce',NULL,NULL,'published','[\"products\\/product-5.jpg\"]',NULL,'NC-158-A0-A2',0,15,0,1,'in_stock',0,3,1,0,284,NULL,NULL,NULL,19,14,16,875,NULL,0,'2025-06-09 17:17:53','2025-06-09 17:17:54',0,'Botble\\ACL\\Models\\User',NULL,'physical',NULL,NULL,0,0,0,0,NULL),(194,'Sitema BakeIT Plastic Box',NULL,NULL,'published','[\"products\\/product-50.jpg\"]',NULL,'NC-155-A0',0,16,0,1,'in_stock',0,7,1,0,208,166.4,NULL,NULL,17,16,17,778,NULL,0,'2025-06-09 17:17:53','2025-06-09 17:17:54',0,'Botble\\ACL\\Models\\User',NULL,'physical',NULL,NULL,0,0,0,0,NULL),(195,'Sitema BakeIT Plastic Box',NULL,NULL,'published','[\"products\\/product-33.jpg\"]',NULL,'NC-155-A0-A1',0,16,0,1,'in_stock',0,7,1,0,208,176.8,NULL,NULL,17,16,17,778,NULL,0,'2025-06-09 17:17:53','2025-06-09 17:17:54',0,'Botble\\ACL\\Models\\User',NULL,'physical',NULL,NULL,0,0,0,0,NULL),(196,'Wayfair Basics Dinner Plate Storage',NULL,NULL,'published','[\"products\\/product-47.jpg\"]',NULL,'NC-112-A0',0,18,0,1,'in_stock',0,4,1,0,319,NULL,NULL,NULL,19,14,20,714,NULL,0,'2025-06-09 17:17:53','2025-06-09 17:17:54',0,'Botble\\ACL\\Models\\User',NULL,'digital',NULL,NULL,0,0,0,0,NULL),(197,'Wayfair Basics Dinner Plate Storage',NULL,NULL,'published','[\"products\\/product-30.jpg\"]',NULL,'NC-112-A0-A1',0,18,0,1,'in_stock',0,4,1,0,319,NULL,NULL,NULL,19,14,20,714,NULL,0,'2025-06-09 17:17:53','2025-06-09 17:17:54',0,'Botble\\ACL\\Models\\User',NULL,'digital',NULL,NULL,0,0,0,0,NULL),(198,'Wayfair Basics Dinner Plate Storage',NULL,NULL,'published','[\"products\\/product-34.jpg\"]',NULL,'NC-112-A0-A2',0,18,0,1,'in_stock',0,4,1,0,319,NULL,NULL,NULL,19,14,20,714,NULL,0,'2025-06-09 17:17:53','2025-06-09 17:17:54',0,'Botble\\ACL\\Models\\User',NULL,'digital',NULL,NULL,0,0,0,0,NULL),(199,'Miko The Panda Water Bottle',NULL,NULL,'published','[\"products\\/product-45.jpg\"]',NULL,'NC-165-A0',0,15,0,1,'in_stock',0,2,1,0,344,NULL,NULL,NULL,18,19,16,571,NULL,0,'2025-06-09 17:17:53','2025-06-09 17:17:54',0,'Botble\\ACL\\Models\\User',NULL,'physical',NULL,NULL,0,0,0,0,NULL),(200,'Miko The Panda Water Bottle',NULL,NULL,'published','[\"products\\/product-12.jpg\"]',NULL,'NC-165-A0-A1',0,15,0,1,'in_stock',0,2,1,0,344,NULL,NULL,NULL,18,19,16,571,NULL,0,'2025-06-09 17:17:53','2025-06-09 17:17:54',0,'Botble\\ACL\\Models\\User',NULL,'physical',NULL,NULL,0,0,0,0,NULL),(201,'Sesame Seed Bread',NULL,NULL,'published','[\"products\\/product-73.jpg\"]',NULL,'NC-156-A0',0,20,0,1,'in_stock',0,5,1,0,206,NULL,NULL,NULL,10,17,13,613,NULL,0,'2025-06-09 17:17:53','2025-06-09 17:17:54',0,'Botble\\ACL\\Models\\User',NULL,'physical',NULL,NULL,0,0,0,0,NULL),(202,'Sesame Seed Bread',NULL,NULL,'published','[\"products\\/product-59.jpg\"]',NULL,'NC-156-A0-A1',0,20,0,1,'in_stock',0,5,1,0,206,NULL,NULL,NULL,10,17,13,613,NULL,0,'2025-06-09 17:17:53','2025-06-09 17:17:54',0,'Botble\\ACL\\Models\\User',NULL,'physical',NULL,NULL,0,0,0,0,NULL),(203,'Morrisons The Best Beef',NULL,NULL,'published','[\"products\\/product-76.jpg\"]',NULL,'NC-107-A0',0,15,0,1,'in_stock',0,6,1,0,370,277.5,NULL,NULL,14,18,17,517,NULL,0,'2025-06-09 17:17:53','2025-06-09 17:17:54',0,'Botble\\ACL\\Models\\User',NULL,'physical',NULL,NULL,0,0,0,0,NULL),(204,'Avocado, Hass Large',NULL,NULL,'published','[\"products\\/product-4.jpg\"]',NULL,'NC-157-A0',0,18,0,1,'in_stock',0,3,1,0,323,NULL,NULL,NULL,20,19,11,584,NULL,0,'2025-06-09 17:17:53','2025-06-09 17:17:54',0,'Botble\\ACL\\Models\\User',NULL,'digital',NULL,NULL,0,0,0,0,NULL),(205,'Avocado, Hass Large',NULL,NULL,'published','[\"products\\/product-68.jpg\"]',NULL,'NC-157-A0-A1',0,18,0,1,'in_stock',0,3,1,0,323,NULL,NULL,NULL,20,19,11,584,NULL,0,'2025-06-09 17:17:53','2025-06-09 17:17:54',0,'Botble\\ACL\\Models\\User',NULL,'digital',NULL,NULL,0,0,0,0,NULL),(206,'Italia Beef Lasagne',NULL,NULL,'published','[\"products\\/product-79.jpg\"]',NULL,'NC-131-A0',0,19,0,1,'in_stock',0,4,1,0,444,NULL,NULL,NULL,10,17,20,723,NULL,0,'2025-06-09 17:17:53','2025-06-09 17:17:54',0,'Botble\\ACL\\Models\\User',NULL,'physical',NULL,NULL,0,0,0,0,NULL),(207,'Italia Beef Lasagne',NULL,NULL,'published','[\"products\\/product-15.jpg\"]',NULL,'NC-131-A0-A1',0,19,0,1,'in_stock',0,4,1,0,444,NULL,NULL,NULL,10,17,20,723,NULL,0,'2025-06-09 17:17:53','2025-06-09 17:17:54',0,'Botble\\ACL\\Models\\User',NULL,'physical',NULL,NULL,0,0,0,0,NULL),(208,'Italia Beef Lasagne',NULL,NULL,'published','[\"products\\/product-53.jpg\"]',NULL,'NC-131-A0-A2',0,19,0,1,'in_stock',0,4,1,0,444,NULL,NULL,NULL,10,17,20,723,NULL,0,'2025-06-09 17:17:53','2025-06-09 17:17:54',0,'Botble\\ACL\\Models\\User',NULL,'physical',NULL,NULL,0,0,0,0,NULL),(209,'Italia Beef Lasagne',NULL,NULL,'published','[\"products\\/product-13.jpg\"]',NULL,'NC-131-A0-A3',0,19,0,1,'in_stock',0,4,1,0,444,NULL,NULL,NULL,10,17,20,723,NULL,0,'2025-06-09 17:17:53','2025-06-09 17:17:54',0,'Botble\\ACL\\Models\\User',NULL,'physical',NULL,NULL,0,0,0,0,NULL),(210,'Maxwell House Classic Roast Mocha',NULL,NULL,'published','[\"products\\/product-14.jpg\"]',NULL,'NC-177-A0',0,12,0,1,'in_stock',0,7,1,0,294,NULL,NULL,NULL,10,14,13,507,NULL,0,'2025-06-09 17:17:53','2025-06-09 17:17:54',0,'Botble\\ACL\\Models\\User',NULL,'physical',NULL,NULL,0,0,0,0,NULL),(211,'Maxwell House Classic Roast Mocha',NULL,NULL,'published','[\"products\\/product-45.jpg\"]',NULL,'NC-177-A0-A1',0,12,0,1,'in_stock',0,7,1,0,294,NULL,NULL,NULL,10,14,13,507,NULL,0,'2025-06-09 17:17:53','2025-06-09 17:17:54',0,'Botble\\ACL\\Models\\User',NULL,'physical',NULL,NULL,0,0,0,0,NULL),(212,'Bottled Pure Water 500ml',NULL,NULL,'published','[\"products\\/product-6.jpg\"]',NULL,'NC-161-A0',0,11,0,1,'in_stock',0,1,1,0,464,408.32,NULL,NULL,11,11,18,520,NULL,0,'2025-06-09 17:17:53','2025-06-09 17:17:54',0,'Botble\\ACL\\Models\\User',NULL,'physical',NULL,NULL,0,0,0,0,NULL),(213,'Bottled Pure Water 500ml',NULL,NULL,'published','[\"products\\/product-69.jpg\"]',NULL,'NC-161-A0-A1',0,11,0,1,'in_stock',0,1,1,0,464,375.84,NULL,NULL,11,11,18,520,NULL,0,'2025-06-09 17:17:53','2025-06-09 17:17:54',0,'Botble\\ACL\\Models\\User',NULL,'physical',NULL,NULL,0,0,0,0,NULL),(214,'Famart Farmhouse Soft White',NULL,NULL,'published','[\"products\\/product-82.jpg\"]',NULL,'NC-111-A0',0,12,0,1,'in_stock',0,7,1,0,363,NULL,NULL,NULL,17,13,20,682,NULL,0,'2025-06-09 17:17:53','2025-06-09 17:17:54',0,'Botble\\ACL\\Models\\User',NULL,'digital',NULL,NULL,0,0,0,0,NULL),(215,'Coca-Cola Original Taste',NULL,NULL,'published','[\"products\\/product-17.jpg\"]',NULL,'NC-182-A0',0,13,0,1,'in_stock',0,2,1,0,401,NULL,NULL,NULL,10,11,20,533,NULL,0,'2025-06-09 17:17:53','2025-06-09 17:17:54',0,'Botble\\ACL\\Models\\User',NULL,'physical',NULL,NULL,0,0,0,0,NULL),(216,'Coca-Cola Original Taste',NULL,NULL,'published','[\"products\\/product-54.jpg\"]',NULL,'NC-182-A0-A1',0,13,0,1,'in_stock',0,2,1,0,401,NULL,NULL,NULL,10,11,20,533,NULL,0,'2025-06-09 17:17:53','2025-06-09 17:17:54',0,'Botble\\ACL\\Models\\User',NULL,'physical',NULL,NULL,0,0,0,0,NULL),(217,'Coca-Cola Original Taste',NULL,NULL,'published','[\"products\\/product-43.jpg\"]',NULL,'NC-182-A0-A2',0,13,0,1,'in_stock',0,2,1,0,401,NULL,NULL,NULL,10,11,20,533,NULL,0,'2025-06-09 17:17:53','2025-06-09 17:17:54',0,'Botble\\ACL\\Models\\User',NULL,'physical',NULL,NULL,0,0,0,0,NULL),(218,'Casillero Diablo Cabernet Sauvignon',NULL,NULL,'published','[\"products\\/product-49.jpg\"]',NULL,'NC-138-A0',0,16,0,1,'in_stock',0,4,1,0,302,NULL,NULL,NULL,17,18,12,844,NULL,0,'2025-06-09 17:17:53','2025-06-09 17:17:54',0,'Botble\\ACL\\Models\\User',NULL,'physical',NULL,NULL,0,0,0,0,NULL),(219,'Casillero Diablo Cabernet Sauvignon',NULL,NULL,'published','[\"products\\/product-84.jpg\"]',NULL,'NC-138-A0-A1',0,16,0,1,'in_stock',0,4,1,0,302,NULL,NULL,NULL,17,18,12,844,NULL,0,'2025-06-09 17:17:53','2025-06-09 17:17:54',0,'Botble\\ACL\\Models\\User',NULL,'physical',NULL,NULL,0,0,0,0,NULL),(220,'Casillero Diablo Cabernet Sauvignon',NULL,NULL,'published','[\"products\\/product-59.jpg\"]',NULL,'NC-138-A0-A2',0,16,0,1,'in_stock',0,4,1,0,302,NULL,NULL,NULL,17,18,12,844,NULL,0,'2025-06-09 17:17:53','2025-06-09 17:17:54',0,'Botble\\ACL\\Models\\User',NULL,'physical',NULL,NULL,0,0,0,0,NULL),(221,'Arla Organic Free Range Milk',NULL,NULL,'published','[\"products\\/product-13.jpg\"]',NULL,'NC-107-A0',0,10,0,1,'in_stock',0,1,1,0,377,305.37,NULL,NULL,14,19,10,847,NULL,0,'2025-06-09 17:17:53','2025-06-09 17:17:54',0,'Botble\\ACL\\Models\\User',NULL,'physical',NULL,NULL,0,0,0,0,NULL),(222,'Aptamil Follow On Baby Milk',NULL,NULL,'published','[\"products\\/product-35.jpg\"]',NULL,'NC-196-A0',0,11,0,1,'in_stock',0,2,1,0,437,NULL,NULL,NULL,15,17,13,827,NULL,0,'2025-06-09 17:17:53','2025-06-09 17:17:54',0,'Botble\\ACL\\Models\\User',NULL,'digital',NULL,NULL,0,0,0,0,NULL),(223,'Aptamil Follow On Baby Milk',NULL,NULL,'published','[\"products\\/product-40.jpg\"]',NULL,'NC-196-A0-A1',0,11,0,1,'in_stock',0,2,1,0,437,NULL,NULL,NULL,15,17,13,827,NULL,0,'2025-06-09 17:17:53','2025-06-09 17:17:54',0,'Botble\\ACL\\Models\\User',NULL,'digital',NULL,NULL,0,0,0,0,NULL),(224,'Cuisinart Chef’S Classic Hard-Anodized',NULL,NULL,'published','[\"products\\/product-24.jpg\"]',NULL,'NC-145-A0',0,16,0,1,'in_stock',0,6,1,0,479,NULL,NULL,NULL,13,14,15,797,NULL,0,'2025-06-09 17:17:53','2025-06-09 17:17:54',0,'Botble\\ACL\\Models\\User',NULL,'physical',NULL,NULL,0,0,0,0,NULL),(225,'Cuisinart Chef’S Classic Hard-Anodized',NULL,NULL,'published','[\"products\\/product-48.jpg\"]',NULL,'NC-145-A0-A1',0,16,0,1,'in_stock',0,6,1,0,479,NULL,NULL,NULL,13,14,15,797,NULL,0,'2025-06-09 17:17:53','2025-06-09 17:17:54',0,'Botble\\ACL\\Models\\User',NULL,'physical',NULL,NULL,0,0,0,0,NULL),(226,'Cuisinart Chef’S Classic Hard-Anodized',NULL,NULL,'published','[\"products\\/product-15.jpg\"]',NULL,'NC-145-A0-A2',0,16,0,1,'in_stock',0,6,1,0,479,NULL,NULL,NULL,13,14,15,797,NULL,0,'2025-06-09 17:17:53','2025-06-09 17:17:54',0,'Botble\\ACL\\Models\\User',NULL,'physical',NULL,NULL,0,0,0,0,NULL),(227,'Cuisinart Chef’S Classic Hard-Anodized',NULL,NULL,'published','[\"products\\/product-25.jpg\"]',NULL,'NC-145-A0-A3',0,16,0,1,'in_stock',0,6,1,0,479,NULL,NULL,NULL,13,14,15,797,NULL,0,'2025-06-09 17:17:53','2025-06-09 17:17:54',0,'Botble\\ACL\\Models\\User',NULL,'physical',NULL,NULL,0,0,0,0,NULL),(228,'Corn, Yellow Sweet',NULL,NULL,'published','[\"products\\/product-55.jpg\"]',NULL,'NC-116-A0',0,13,0,1,'in_stock',0,5,1,0,259,NULL,NULL,NULL,14,17,13,606,NULL,0,'2025-06-09 17:17:53','2025-06-09 17:17:54',0,'Botble\\ACL\\Models\\User',NULL,'physical',NULL,NULL,0,0,0,0,NULL),(229,'Corn, Yellow Sweet',NULL,NULL,'published','[\"products\\/product-33.jpg\"]',NULL,'NC-116-A0-A1',0,13,0,1,'in_stock',0,5,1,0,259,NULL,NULL,NULL,14,17,13,606,NULL,0,'2025-06-09 17:17:53','2025-06-09 17:17:54',0,'Botble\\ACL\\Models\\User',NULL,'physical',NULL,NULL,0,0,0,0,NULL),(230,'Hobnobs The Nobbly Biscuit',NULL,NULL,'published','[\"products\\/product-3.jpg\"]',NULL,'NC-153-A0',0,17,0,1,'in_stock',0,4,1,0,284,227.2,NULL,NULL,20,16,12,784,NULL,0,'2025-06-09 17:17:53','2025-06-09 17:17:54',0,'Botble\\ACL\\Models\\User',NULL,'physical',NULL,NULL,0,0,0,0,NULL),(231,'Hobnobs The Nobbly Biscuit',NULL,NULL,'published','[\"products\\/product-67.jpg\"]',NULL,'NC-153-A0-A1',0,17,0,1,'in_stock',0,4,1,0,284,235.72,NULL,NULL,20,16,12,784,NULL,0,'2025-06-09 17:17:53','2025-06-09 17:17:54',0,'Botble\\ACL\\Models\\User',NULL,'physical',NULL,NULL,0,0,0,0,NULL),(232,'Honest Organic Still Lemonade',NULL,NULL,'published','[\"products\\/product-47.jpg\"]',NULL,'NC-129-A0',0,12,0,1,'in_stock',0,4,1,0,263,NULL,NULL,NULL,11,11,15,571,NULL,0,'2025-06-09 17:17:53','2025-06-09 17:17:54',0,'Botble\\ACL\\Models\\User',NULL,'digital',NULL,NULL,0,0,0,0,NULL),(233,'Honest Organic Still Lemonade',NULL,NULL,'published','[\"products\\/product-27.jpg\"]',NULL,'NC-129-A0-A1',0,12,0,1,'in_stock',0,4,1,0,263,NULL,NULL,NULL,11,11,15,571,NULL,0,'2025-06-09 17:17:53','2025-06-09 17:17:54',0,'Botble\\ACL\\Models\\User',NULL,'digital',NULL,NULL,0,0,0,0,NULL),(234,'Honest Organic Still Lemonade',NULL,NULL,'published','[\"products\\/product-72.jpg\"]',NULL,'NC-129-A0-A2',0,12,0,1,'in_stock',0,4,1,0,263,NULL,NULL,NULL,11,11,15,571,NULL,0,'2025-06-09 17:17:53','2025-06-09 17:17:54',0,'Botble\\ACL\\Models\\User',NULL,'digital',NULL,NULL,0,0,0,0,NULL),(235,'Ice Beck’s Beer 350ml x 24 Pieces',NULL,NULL,'published','[\"products\\/product-85.jpg\"]',NULL,'NC-158-A0',0,13,0,1,'in_stock',0,5,1,0,320,NULL,NULL,NULL,12,11,10,782,NULL,0,'2025-06-09 17:17:53','2025-06-09 17:17:54',0,'Botble\\ACL\\Models\\User',NULL,'physical',NULL,NULL,0,0,0,0,NULL),(236,'Iceland 6 Hot Cross Buns',NULL,NULL,'published','[\"products\\/product-41.jpg\"]',NULL,'NC-155-A0',0,16,0,1,'in_stock',0,5,1,0,310,NULL,NULL,NULL,11,14,18,586,NULL,0,'2025-06-09 17:17:53','2025-06-09 17:17:54',0,'Botble\\ACL\\Models\\User',NULL,'physical',NULL,NULL,0,0,0,0,NULL),(237,'Iceland 6 Hot Cross Buns',NULL,NULL,'published','[\"products\\/product-64.jpg\"]',NULL,'NC-155-A0-A1',0,16,0,1,'in_stock',0,5,1,0,310,NULL,NULL,NULL,11,14,18,586,NULL,0,'2025-06-09 17:17:54','2025-06-09 17:17:54',0,'Botble\\ACL\\Models\\User',NULL,'physical',NULL,NULL,0,0,0,0,NULL),(238,'Iceland 6 Hot Cross Buns',NULL,NULL,'published','[\"products\\/product-79.jpg\"]',NULL,'NC-155-A0-A2',0,16,0,1,'in_stock',0,5,1,0,310,NULL,NULL,NULL,11,14,18,586,NULL,0,'2025-06-09 17:17:54','2025-06-09 17:17:54',0,'Botble\\ACL\\Models\\User',NULL,'physical',NULL,NULL,0,0,0,0,NULL),(239,'Iceland 6 Hot Cross Buns',NULL,NULL,'published','[\"products\\/product-77.jpg\"]',NULL,'NC-155-A0-A3',0,16,0,1,'in_stock',0,5,1,0,310,NULL,NULL,NULL,11,14,18,586,NULL,0,'2025-06-09 17:17:54','2025-06-09 17:17:54',0,'Botble\\ACL\\Models\\User',NULL,'physical',NULL,NULL,0,0,0,0,NULL),(240,'Iceland Luxury 4 Panini Rolls',NULL,NULL,'published','[\"products\\/product-14.jpg\"]',NULL,'NC-156-A0',0,17,0,1,'in_stock',0,6,1,0,488,361.12,NULL,NULL,12,11,19,899,NULL,0,'2025-06-09 17:17:54','2025-06-09 17:17:54',0,'Botble\\ACL\\Models\\User',NULL,'physical',NULL,NULL,0,0,0,0,NULL),(241,'Iceland Soft Scoop Vanilla',NULL,NULL,'published','[\"products\\/product-56.jpg\"]',NULL,'NC-168-A0',0,16,0,1,'in_stock',0,4,1,0,302,NULL,NULL,NULL,18,11,11,598,NULL,0,'2025-06-09 17:17:54','2025-06-09 17:17:54',0,'Botble\\ACL\\Models\\User',NULL,'digital',NULL,NULL,0,0,0,0,NULL),(242,'Iceland Soft Scoop Vanilla',NULL,NULL,'published','[\"products\\/product-60.jpg\"]',NULL,'NC-168-A0-A1',0,16,0,1,'in_stock',0,4,1,0,302,NULL,NULL,NULL,18,11,11,598,NULL,0,'2025-06-09 17:17:54','2025-06-09 17:17:54',0,'Botble\\ACL\\Models\\User',NULL,'digital',NULL,NULL,0,0,0,0,NULL),(243,'Iceland Soft Scoop Vanilla',NULL,NULL,'published','[\"products\\/product-3.jpg\"]',NULL,'NC-168-A0-A2',0,16,0,1,'in_stock',0,4,1,0,302,NULL,NULL,NULL,18,11,11,598,NULL,0,'2025-06-09 17:17:54','2025-06-09 17:17:54',0,'Botble\\ACL\\Models\\User',NULL,'digital',NULL,NULL,0,0,0,0,NULL),(244,'Iceland Spaghetti Bolognese',NULL,NULL,'published','[\"products\\/product-36.jpg\"]',NULL,'NC-161-A0',0,10,0,1,'in_stock',0,5,1,0,471,NULL,NULL,NULL,17,18,16,523,NULL,0,'2025-06-09 17:17:54','2025-06-09 17:17:54',0,'Botble\\ACL\\Models\\User',NULL,'physical',NULL,NULL,0,0,0,0,NULL),(245,'Kellogg’s Coco Pops Cereal',NULL,NULL,'published','[\"products\\/product-66.jpg\"]',NULL,'NC-129-A0',0,12,0,1,'in_stock',0,1,1,0,493,NULL,NULL,NULL,20,18,12,747,NULL,0,'2025-06-09 17:17:54','2025-06-09 17:17:54',0,'Botble\\ACL\\Models\\User',NULL,'physical',NULL,NULL,0,0,0,0,NULL),(246,'Kellogg’s Coco Pops Cereal',NULL,NULL,'published','[\"products\\/product-76.jpg\"]',NULL,'NC-129-A0-A1',0,12,0,1,'in_stock',0,1,1,0,493,NULL,NULL,NULL,20,18,12,747,NULL,0,'2025-06-09 17:17:54','2025-06-09 17:17:54',0,'Botble\\ACL\\Models\\User',NULL,'physical',NULL,NULL,0,0,0,0,NULL),(247,'Kellogg’s Coco Pops Cereal',NULL,NULL,'published','[\"products\\/product-75.jpg\"]',NULL,'NC-129-A0-A2',0,12,0,1,'in_stock',0,1,1,0,493,NULL,NULL,NULL,20,18,12,747,NULL,0,'2025-06-09 17:17:54','2025-06-09 17:17:54',0,'Botble\\ACL\\Models\\User',NULL,'physical',NULL,NULL,0,0,0,0,NULL),(248,'Kit Kat Chunky Milk Chocolate',NULL,NULL,'published','[\"products\\/product-33.jpg\"]',NULL,'NC-177-A0',0,14,0,1,'in_stock',0,2,1,0,267,237.63,NULL,NULL,16,13,14,876,NULL,0,'2025-06-09 17:17:54','2025-06-09 17:17:54',0,'Botble\\ACL\\Models\\User',NULL,'physical',NULL,NULL,0,0,0,0,NULL),(249,'Kit Kat Chunky Milk Chocolate',NULL,NULL,'published','[\"products\\/product-11.jpg\"]',NULL,'NC-177-A0-A1',0,14,0,1,'in_stock',0,2,1,0,267,189.57,NULL,NULL,16,13,14,876,NULL,0,'2025-06-09 17:17:54','2025-06-09 17:17:54',0,'Botble\\ACL\\Models\\User',NULL,'physical',NULL,NULL,0,0,0,0,NULL),(250,'Large Green Bell Pepper',NULL,NULL,'published','[\"products\\/product-31.jpg\"]',NULL,'NC-104-A0',0,13,0,1,'in_stock',0,1,1,0,500,NULL,NULL,NULL,16,12,12,520,NULL,0,'2025-06-09 17:17:54','2025-06-09 17:17:54',0,'Botble\\ACL\\Models\\User',NULL,'digital',NULL,NULL,0,0,0,0,NULL),(251,'Large Green Bell Pepper',NULL,NULL,'published','[\"products\\/product-56.jpg\"]',NULL,'NC-104-A0-A1',0,13,0,1,'in_stock',0,1,1,0,500,NULL,NULL,NULL,16,12,12,520,NULL,0,'2025-06-09 17:17:54','2025-06-09 17:17:54',0,'Botble\\ACL\\Models\\User',NULL,'digital',NULL,NULL,0,0,0,0,NULL),(252,'Pice 94w Beasley Journal',NULL,NULL,'published','[\"products\\/product-47.jpg\"]',NULL,'NC-140-A0',0,12,0,1,'in_stock',0,7,1,0,304,NULL,NULL,NULL,11,17,20,607,NULL,0,'2025-06-09 17:17:54','2025-06-09 17:17:54',0,'Botble\\ACL\\Models\\User',NULL,'physical',NULL,NULL,0,0,0,0,NULL),(253,'Pice 94w Beasley Journal',NULL,NULL,'published','[\"products\\/product-26.jpg\"]',NULL,'NC-140-A0-A1',0,12,0,1,'in_stock',0,7,1,0,304,NULL,NULL,NULL,11,17,20,607,NULL,0,'2025-06-09 17:17:54','2025-06-09 17:17:54',0,'Botble\\ACL\\Models\\User',NULL,'physical',NULL,NULL,0,0,0,0,NULL),(254,'Pice 94w Beasley Journal',NULL,NULL,'published','[\"products\\/product-42.jpg\"]',NULL,'NC-140-A0-A2',0,12,0,1,'in_stock',0,7,1,0,304,NULL,NULL,NULL,11,17,20,607,NULL,0,'2025-06-09 17:17:54','2025-06-09 17:17:54',0,'Botble\\ACL\\Models\\User',NULL,'physical',NULL,NULL,0,0,0,0,NULL),(255,'Province Piece Glass Drinking Glass',NULL,NULL,'published','[\"products\\/product-43.jpg\"]',NULL,'NC-155-A0',0,20,0,1,'in_stock',0,3,1,0,232,NULL,NULL,NULL,14,17,18,757,NULL,0,'2025-06-09 17:17:54','2025-06-09 17:17:54',0,'Botble\\ACL\\Models\\User',NULL,'physical',NULL,NULL,0,0,0,0,NULL),(256,'Province Piece Glass Drinking Glass',NULL,NULL,'published','[\"products\\/product-19.jpg\"]',NULL,'NC-155-A0-A1',0,20,0,1,'in_stock',0,3,1,0,232,NULL,NULL,NULL,14,17,18,757,NULL,0,'2025-06-09 17:17:54','2025-06-09 17:17:54',0,'Botble\\ACL\\Models\\User',NULL,'physical',NULL,NULL,0,0,0,0,NULL);
/*!40000 ALTER TABLE `ec_products` ENABLE KEYS */;
UNLOCK TABLES;

--
-- Table structure for table `ec_products_translations`
--

DROP TABLE IF EXISTS `ec_products_translations`;
/*!40101 SET @saved_cs_client     = @@character_set_client */;
/*!50503 SET character_set_client = utf8mb4 */;
CREATE TABLE `ec_products_translations` (
  `lang_code` varchar(191) COLLATE utf8mb4_unicode_ci NOT NULL,
  `ec_products_id` bigint unsigned NOT NULL,
  `name` varchar(191) COLLATE utf8mb4_unicode_ci DEFAULT NULL,
  `description` text COLLATE utf8mb4_unicode_ci,
  `content` text COLLATE utf8mb4_unicode_ci,
  PRIMARY KEY (`lang_code`,`ec_products_id`)
) ENGINE=InnoDB DEFAULT CHARSET=utf8mb4 COLLATE=utf8mb4_unicode_ci;
/*!40101 SET character_set_client = @saved_cs_client */;

--
-- Dumping data for table `ec_products_translations`
--

LOCK TABLES `ec_products_translations` WRITE;
/*!40000 ALTER TABLE `ec_products_translations` DISABLE KEYS */;
/*!40000 ALTER TABLE `ec_products_translations` ENABLE KEYS */;
UNLOCK TABLES;

--
-- Table structure for table `ec_review_replies`
--

DROP TABLE IF EXISTS `ec_review_replies`;
/*!40101 SET @saved_cs_client     = @@character_set_client */;
/*!50503 SET character_set_client = utf8mb4 */;
CREATE TABLE `ec_review_replies` (
  `id` bigint unsigned NOT NULL AUTO_INCREMENT,
  `user_id` bigint unsigned NOT NULL,
  `review_id` bigint unsigned NOT NULL,
  `message` text COLLATE utf8mb4_unicode_ci NOT NULL,
  `created_at` timestamp NULL DEFAULT NULL,
  `updated_at` timestamp NULL DEFAULT NULL,
  PRIMARY KEY (`id`),
  UNIQUE KEY `ec_review_replies_review_id_user_id_unique` (`review_id`,`user_id`)
) ENGINE=InnoDB DEFAULT CHARSET=utf8mb4 COLLATE=utf8mb4_unicode_ci;
/*!40101 SET character_set_client = @saved_cs_client */;

--
-- Dumping data for table `ec_review_replies`
--

LOCK TABLES `ec_review_replies` WRITE;
/*!40000 ALTER TABLE `ec_review_replies` DISABLE KEYS */;
/*!40000 ALTER TABLE `ec_review_replies` ENABLE KEYS */;
UNLOCK TABLES;

--
-- Table structure for table `ec_reviews`
--

DROP TABLE IF EXISTS `ec_reviews`;
/*!40101 SET @saved_cs_client     = @@character_set_client */;
/*!50503 SET character_set_client = utf8mb4 */;
CREATE TABLE `ec_reviews` (
  `id` bigint unsigned NOT NULL AUTO_INCREMENT,
  `customer_id` bigint unsigned DEFAULT NULL,
  `customer_name` varchar(191) COLLATE utf8mb4_unicode_ci DEFAULT NULL,
  `customer_email` varchar(191) COLLATE utf8mb4_unicode_ci DEFAULT NULL,
  `product_id` bigint unsigned NOT NULL,
  `star` double NOT NULL,
  `comment` text COLLATE utf8mb4_unicode_ci NOT NULL,
  `status` varchar(60) COLLATE utf8mb4_unicode_ci NOT NULL DEFAULT 'published',
  `created_at` timestamp NULL DEFAULT NULL,
  `updated_at` timestamp NULL DEFAULT NULL,
  `images` text COLLATE utf8mb4_unicode_ci,
  PRIMARY KEY (`id`),
  UNIQUE KEY `ec_reviews_product_id_customer_id_unique` (`product_id`,`customer_id`),
  KEY `ec_reviews_product_id_customer_id_status_created_at_index` (`product_id`,`customer_id`,`status`,`created_at`),
  KEY `review_relation_index` (`product_id`,`customer_id`,`status`)
) ENGINE=InnoDB AUTO_INCREMENT=1001 DEFAULT CHARSET=utf8mb4 COLLATE=utf8mb4_unicode_ci;
/*!40101 SET character_set_client = @saved_cs_client */;

--
-- Dumping data for table `ec_reviews`
--

LOCK TABLES `ec_reviews` WRITE;
/*!40000 ALTER TABLE `ec_reviews` DISABLE KEYS */;
INSERT INTO `ec_reviews` VALUES (1,8,NULL,NULL,64,1,'Second or third time that I buy a Botble product, happy with the products and support. You guys do a good job :)','published','2025-06-09 17:17:57','2025-06-09 17:17:57','[\"products\\/product-46.jpg\"]'),(2,2,NULL,NULL,60,3,'Clean & perfect source code','published','2025-06-09 17:17:57','2025-06-09 17:17:57','[\"products\\/product-38.jpg\",\"products\\/product-57.jpg\"]'),(3,3,NULL,NULL,35,5,'Perfect +++++++++ i love it really also i get to fast ticket answers... Thanks Lot BOTBLE Teams','published','2025-06-09 17:17:57','2025-06-09 17:17:57','[\"products\\/product-5.jpg\",\"products\\/product-32.jpg\",\"products\\/product-34.jpg\",\"products\\/product-86.jpg\"]'),(4,6,NULL,NULL,19,1,'This script is well coded and is super fast. The support is pretty quick. Very patient and helpful team. I strongly recommend it and they deserve more than 5 stars.','published','2025-06-09 17:17:57','2025-06-09 17:17:57','[\"products\\/product-71.jpg\"]'),(5,5,NULL,NULL,40,3,'This web app is really good in design, code quality & features. Besides, the customer support provided by the Botble team was really fast & helpful. You guys are awesome!','published','2025-06-09 17:17:57','2025-06-09 17:17:57','[\"products\\/product-27.jpg\",\"products\\/product-33.jpg\",\"products\\/product-38.jpg\"]'),(6,5,NULL,NULL,62,3,'Best ecommerce CMS online store!','published','2025-06-09 17:17:57','2025-06-09 17:17:57','[\"products\\/product-8.jpg\",\"products\\/product-13.jpg\",\"products\\/product-84.jpg\",\"products\\/product-90.jpg\"]'),(7,5,NULL,NULL,24,1,'This script is well coded and is super fast. The support is pretty quick. Very patient and helpful team. I strongly recommend it and they deserve more than 5 stars.','published','2025-06-09 17:17:57','2025-06-09 17:17:57','[\"products\\/product-62.jpg\"]'),(8,10,NULL,NULL,21,3,'Perfect +++++++++ i love it really also i get to fast ticket answers... Thanks Lot BOTBLE Teams','published','2025-06-09 17:17:57','2025-06-09 17:17:57','[\"products\\/product-20.jpg\"]'),(9,10,NULL,NULL,70,4,'These guys are amazing! Responses immediately, amazing support and help... I immediately feel at ease after Purchasing..','published','2025-06-09 17:17:57','2025-06-09 17:17:57','[\"products\\/product-9.jpg\",\"products\\/product-12.jpg\"]'),(10,4,NULL,NULL,68,4,'The best ecommerce CMS! Excellent coding! best support service! Thank you so much..... I really like your hard work.','published','2025-06-09 17:17:57','2025-06-09 17:17:57','[\"products\\/product-22.jpg\",\"products\\/product-93.jpg\"]'),(11,3,NULL,NULL,16,5,'We have received brilliant service support and will be expanding the features with the developer. Nice product!','published','2025-06-09 17:17:57','2025-06-09 17:17:57','[\"products\\/pla-product-04.jpg\",\"products\\/product-47.jpg\",\"products\\/product-57.jpg\",\"products\\/product-79.jpg\"]'),(13,9,NULL,NULL,32,3,'The best store template! Excellent coding! Very good support! Thank you so much for all the help, I really appreciated.','published','2025-06-09 17:17:57','2025-06-09 17:17:57','[\"products\\/product-65.jpg\"]'),(14,5,NULL,NULL,67,5,'Great E-commerce system. And much more : Wonderful Customer Support.','published','2025-06-09 17:17:57','2025-06-09 17:17:57','[\"products\\/product-4.jpg\",\"products\\/product-44.jpg\",\"products\\/product-58.jpg\",\"products\\/product-78.jpg\"]'),(15,7,NULL,NULL,38,4,'Ok good product. I have some issues in customizations. But its not correct to blame the developer. The product is good. Good luck for your business.','published','2025-06-09 17:17:57','2025-06-09 17:17:57','[\"products\\/product-21.jpg\",\"products\\/product-26.jpg\"]'),(16,1,NULL,NULL,56,2,'Very enthusiastic support! Excellent code is written. It\'s a true pleasure working with.','published','2025-06-09 17:17:57','2025-06-09 17:17:57','[\"products\\/product-30.jpg\",\"products\\/product-75.jpg\",\"products\\/product-93.jpg\"]'),(17,3,NULL,NULL,19,3,'Great E-commerce system. And much more : Wonderful Customer Support.','published','2025-06-09 17:17:57','2025-06-09 17:17:57','[\"products\\/product-9.jpg\"]'),(18,7,NULL,NULL,32,5,'Cool template. Excellent code quality. The support responds very quickly, which is very rare on themeforest and codecanyon.net, I buy a lot of templates, and everyone will have a response from technical support for two or three days. Thanks to tech support. I recommend to buy.','published','2025-06-09 17:17:57','2025-06-09 17:17:57','[\"products\\/product-1.jpg\",\"products\\/product-18.jpg\",\"products\\/product-57.jpg\",\"products\\/product-63.jpg\"]'),(19,9,NULL,NULL,61,1,'It\'s not my first experience here on Codecanyon and I can honestly tell you all that Botble puts a LOT of effort into the support. They answer so fast, they helped me tons of times. REALLY by far THE BEST EXPERIENCE on Codecanyon. Those guys at Botble are so good that they deserve 5 stars. I recommend them, I trust them and I can\'t wait to see what they will sell in a near future. Thank you Botble :)','published','2025-06-09 17:17:57','2025-06-09 17:17:57','[\"products\\/product-16.jpg\",\"products\\/product-68.jpg\",\"products\\/product-81.jpg\"]'),(20,3,NULL,NULL,3,3,'The best ecommerce CMS! Excellent coding! best support service! Thank you so much..... I really like your hard work.','published','2025-06-09 17:17:57','2025-06-09 17:17:57','[\"products\\/product-69.jpg\",\"products\\/product-85.jpg\"]'),(21,3,NULL,NULL,75,2,'These guys are amazing! Responses immediately, amazing support and help... I immediately feel at ease after Purchasing..','published','2025-06-09 17:17:57','2025-06-09 17:17:57','[\"products\\/product-1.jpg\",\"products\\/product-18.jpg\",\"products\\/product-38.jpg\",\"products\\/product-82.jpg\"]'),(22,4,NULL,NULL,37,4,'This web app is really good in design, code quality & features. Besides, the customer support provided by the Botble team was really fast & helpful. You guys are awesome!','published','2025-06-09 17:17:57','2025-06-09 17:17:57','[\"products\\/product-27.jpg\",\"products\\/product-36.jpg\"]'),(23,4,NULL,NULL,24,3,'This script is well coded and is super fast. The support is pretty quick. Very patient and helpful team. I strongly recommend it and they deserve more than 5 stars.','published','2025-06-09 17:17:57','2025-06-09 17:17:57','[\"products\\/product-6.jpg\",\"products\\/product-20.jpg\",\"products\\/product-60.jpg\",\"products\\/product-79.jpg\"]'),(24,7,NULL,NULL,52,5,'Second or third time that I buy a Botble product, happy with the products and support. You guys do a good job :)','published','2025-06-09 17:17:57','2025-06-09 17:17:57','[\"products\\/product-69.jpg\"]'),(25,2,NULL,NULL,41,2,'Clean & perfect source code','published','2025-06-09 17:17:57','2025-06-09 17:17:57','[\"products\\/product-19.jpg\",\"products\\/product-22.jpg\"]'),(26,4,NULL,NULL,25,2,'Clean & perfect source code','published','2025-06-09 17:17:57','2025-06-09 17:17:57','[\"products\\/product-14.jpg\",\"products\\/product-25.jpg\",\"products\\/product-45.jpg\",\"products\\/product-70.jpg\"]'),(27,8,NULL,NULL,16,1,'The best ecommerce CMS! Excellent coding! best support service! Thank you so much..... I really like your hard work.','published','2025-06-09 17:17:57','2025-06-09 17:17:57','[\"products\\/product-37.jpg\"]'),(28,2,NULL,NULL,5,4,'Cool template. Excellent code quality. The support responds very quickly, which is very rare on themeforest and codecanyon.net, I buy a lot of templates, and everyone will have a response from technical support for two or three days. Thanks to tech support. I recommend to buy.','published','2025-06-09 17:17:57','2025-06-09 17:17:57','[\"products\\/product-85.jpg\",\"products\\/product-88.jpg\"]'),(29,9,NULL,NULL,70,2,'The code is good, in general, if you like it, can you give it 5 stars?','published','2025-06-09 17:17:57','2025-06-09 17:17:57','[\"products\\/product-37.jpg\"]'),(30,8,NULL,NULL,45,1,'The best store template! Excellent coding! Very good support! Thank you so much for all the help, I really appreciated.','published','2025-06-09 17:17:57','2025-06-09 17:17:57','[\"products\\/product-35.jpg\"]'),(31,7,NULL,NULL,49,3,'Perfect +++++++++ i love it really also i get to fast ticket answers... Thanks Lot BOTBLE Teams','published','2025-06-09 17:17:57','2025-06-09 17:17:57','[\"products\\/product-23.jpg\"]'),(32,4,NULL,NULL,2,3,'This web app is really good in design, code quality & features. Besides, the customer support provided by the Botble team was really fast & helpful. You guys are awesome!','published','2025-06-09 17:17:57','2025-06-09 17:17:57','[\"products\\/pla-product-01.jpg\",\"products\\/product-9.jpg\",\"products\\/product-51.jpg\",\"products\\/product-55.jpg\"]'),(33,10,NULL,NULL,72,2,'Ok good product. I have some issues in customizations. But its not correct to blame the developer. The product is good. Good luck for your business.','published','2025-06-09 17:17:57','2025-06-09 17:17:57','[\"products\\/product-36.jpg\"]'),(34,5,NULL,NULL,3,1,'This script is well coded and is super fast. The support is pretty quick. Very patient and helpful team. I strongly recommend it and they deserve more than 5 stars.','published','2025-06-09 17:17:57','2025-06-09 17:17:57','[\"products\\/product-29.jpg\",\"products\\/product-78.jpg\"]'),(35,1,NULL,NULL,32,1,'I Love this Script. I also found how to add other fees. Now I just wait the BIG update for the Marketplace with the Bulk Import. Just do not forget to make it to be Multi-language for us the Botble Fans.','published','2025-06-09 17:17:57','2025-06-09 17:17:57','[\"products\\/product-15.jpg\",\"products\\/product-23.jpg\",\"products\\/product-77.jpg\"]'),(36,8,NULL,NULL,67,1,'Those guys now what they are doing, the release such a good product that it\'s a pleasure to work with ! Even when I was stuck on the project, I created a ticket and the next day it was replied by the team. GOOD JOB guys. I love working with them :)','published','2025-06-09 17:17:57','2025-06-09 17:17:57','[\"products\\/product-61.jpg\"]'),(37,3,NULL,NULL,57,3,'Ok good product. I have some issues in customizations. But its not correct to blame the developer. The product is good. Good luck for your business.','published','2025-06-09 17:17:57','2025-06-09 17:17:57','[\"products\\/product-11.jpg\",\"products\\/product-49.jpg\",\"products\\/product-57.jpg\"]'),(38,6,NULL,NULL,67,1,'Customer Support are grade (A*), however the code is a way too over engineered for it\'s purpose.','published','2025-06-09 17:17:57','2025-06-09 17:17:57','[\"products\\/product-16.jpg\",\"products\\/product-18.jpg\",\"products\\/product-33.jpg\",\"products\\/product-40.jpg\"]'),(39,2,NULL,NULL,58,3,'Those guys now what they are doing, the release such a good product that it\'s a pleasure to work with ! Even when I was stuck on the project, I created a ticket and the next day it was replied by the team. GOOD JOB guys. I love working with them :)','published','2025-06-09 17:17:57','2025-06-09 17:17:57','[\"products\\/product-12.jpg\",\"products\\/product-20.jpg\",\"products\\/product-41.jpg\",\"products\\/product-86.jpg\"]'),(40,7,NULL,NULL,23,5,'Amazing code, amazing support. Overall, im really confident in Botble and im happy I made the right choice! Thank you so much guys for coding this masterpiece','published','2025-06-09 17:17:57','2025-06-09 17:17:57','[\"products\\/product-17.jpg\",\"products\\/product-25.jpg\",\"products\\/product-35.jpg\",\"products\\/product-44.jpg\"]'),(41,3,NULL,NULL,60,2,'Ok good product. I have some issues in customizations. But its not correct to blame the developer. The product is good. Good luck for your business.','published','2025-06-09 17:17:57','2025-06-09 17:17:57','[\"products\\/product-36.jpg\",\"products\\/product-90.jpg\"]'),(42,6,NULL,NULL,58,1,'Great system, great support, good job Botble. I\'m looking forward to more great functional plugins.','published','2025-06-09 17:17:57','2025-06-09 17:17:57','[\"products\\/product-23.jpg\",\"products\\/product-26.jpg\",\"products\\/product-27.jpg\",\"products\\/product-73.jpg\"]'),(43,3,NULL,NULL,41,4,'As a developer I reviewed this script. This is really awesome ecommerce script. I have convinced when I noticed that it\'s built on fully WordPress concept.','published','2025-06-09 17:17:57','2025-06-09 17:17:57','[\"products\\/product-30.jpg\",\"products\\/product-38.jpg\",\"products\\/product-53.jpg\",\"products\\/product-67.jpg\"]'),(44,3,NULL,NULL,70,5,'Second or third time that I buy a Botble product, happy with the products and support. You guys do a good job :)','published','2025-06-09 17:17:57','2025-06-09 17:17:57','[\"products\\/product-62.jpg\"]'),(45,10,NULL,NULL,60,3,'As a developer I reviewed this script. This is really awesome ecommerce script. I have convinced when I noticed that it\'s built on fully WordPress concept.','published','2025-06-09 17:17:57','2025-06-09 17:17:57','[\"products\\/product-8.jpg\",\"products\\/product-9.jpg\"]'),(46,3,NULL,NULL,7,1,'It\'s not my first experience here on Codecanyon and I can honestly tell you all that Botble puts a LOT of effort into the support. They answer so fast, they helped me tons of times. REALLY by far THE BEST EXPERIENCE on Codecanyon. Those guys at Botble are so good that they deserve 5 stars. I recommend them, I trust them and I can\'t wait to see what they will sell in a near future. Thank you Botble :)','published','2025-06-09 17:17:57','2025-06-09 17:17:57','[\"products\\/product-82.jpg\"]'),(47,9,NULL,NULL,36,2,'It\'s not my first experience here on Codecanyon and I can honestly tell you all that Botble puts a LOT of effort into the support. They answer so fast, they helped me tons of times. REALLY by far THE BEST EXPERIENCE on Codecanyon. Those guys at Botble are so good that they deserve 5 stars. I recommend them, I trust them and I can\'t wait to see what they will sell in a near future. Thank you Botble :)','published','2025-06-09 17:17:57','2025-06-09 17:17:57','[\"products\\/pla-product-02.jpg\",\"products\\/product-19.jpg\",\"products\\/product-88.jpg\"]'),(48,4,NULL,NULL,36,1,'It\'s not my first experience here on Codecanyon and I can honestly tell you all that Botble puts a LOT of effort into the support. They answer so fast, they helped me tons of times. REALLY by far THE BEST EXPERIENCE on Codecanyon. Those guys at Botble are so good that they deserve 5 stars. I recommend them, I trust them and I can\'t wait to see what they will sell in a near future. Thank you Botble :)','published','2025-06-09 17:17:57','2025-06-09 17:17:57','[\"products\\/product-42.jpg\"]'),(49,1,NULL,NULL,3,2,'This script is well coded and is super fast. The support is pretty quick. Very patient and helpful team. I strongly recommend it and they deserve more than 5 stars.','published','2025-06-09 17:17:57','2025-06-09 17:17:57','[\"products\\/product-63.jpg\",\"products\\/product-65.jpg\"]'),(50,1,NULL,NULL,70,4,'It\'s not my first experience here on Codecanyon and I can honestly tell you all that Botble puts a LOT of effort into the support. They answer so fast, they helped me tons of times. REALLY by far THE BEST EXPERIENCE on Codecanyon. Those guys at Botble are so good that they deserve 5 stars. I recommend them, I trust them and I can\'t wait to see what they will sell in a near future. Thank you Botble :)','published','2025-06-09 17:17:57','2025-06-09 17:17:57','[\"products\\/product-31.jpg\",\"products\\/product-43.jpg\",\"products\\/product-69.jpg\"]'),(51,6,NULL,NULL,4,2,'This web app is really good in design, code quality & features. Besides, the customer support provided by the Botble team was really fast & helpful. You guys are awesome!','published','2025-06-09 17:17:57','2025-06-09 17:17:57','[\"products\\/product-23.jpg\",\"products\\/product-41.jpg\",\"products\\/product-77.jpg\",\"products\\/product-83.jpg\"]'),(52,4,NULL,NULL,44,1,'The best ecommerce CMS! Excellent coding! best support service! Thank you so much..... I really like your hard work.','published','2025-06-09 17:17:57','2025-06-09 17:17:57','[\"products\\/product-35.jpg\"]'),(53,10,NULL,NULL,29,3,'Great E-commerce system. And much more : Wonderful Customer Support.','published','2025-06-09 17:17:57','2025-06-09 17:17:57','[\"products\\/product-21.jpg\",\"products\\/product-26.jpg\",\"products\\/product-94.jpg\"]'),(54,9,NULL,NULL,46,3,'This web app is really good in design, code quality & features. Besides, the customer support provided by the Botble team was really fast & helpful. You guys are awesome!','published','2025-06-09 17:17:57','2025-06-09 17:17:57','[\"products\\/product-4.jpg\",\"products\\/product-57.jpg\",\"products\\/product-68.jpg\",\"products\\/product-85.jpg\"]'),(55,5,NULL,NULL,68,1,'Great system, great support, good job Botble. I\'m looking forward to more great functional plugins.','published','2025-06-09 17:17:57','2025-06-09 17:17:57','[\"products\\/product-24.jpg\",\"products\\/product-47.jpg\",\"products\\/product-55.jpg\"]'),(56,4,NULL,NULL,47,5,'Clean & perfect source code','published','2025-06-09 17:17:57','2025-06-09 17:17:57','[\"products\\/product-55.jpg\",\"products\\/product-73.jpg\"]'),(57,2,NULL,NULL,70,4,'Ok good product. I have some issues in customizations. But its not correct to blame the developer. The product is good. Good luck for your business.','published','2025-06-09 17:17:57','2025-06-09 17:17:57','[\"products\\/product-10.jpg\",\"products\\/product-17.jpg\",\"products\\/product-47.jpg\"]'),(58,1,NULL,NULL,38,2,'Ok good product. I have some issues in customizations. But its not correct to blame the developer. The product is good. Good luck for your business.','published','2025-06-09 17:17:57','2025-06-09 17:17:57','[\"products\\/product-69.jpg\"]'),(59,7,NULL,NULL,65,2,'Customer Support are grade (A*), however the code is a way too over engineered for it\'s purpose.','published','2025-06-09 17:17:57','2025-06-09 17:17:57','[\"products\\/product-19.jpg\",\"products\\/product-43.jpg\",\"products\\/product-51.jpg\",\"products\\/product-58.jpg\"]'),(62,10,NULL,NULL,57,4,'Clean & perfect source code','published','2025-06-09 17:17:57','2025-06-09 17:17:57','[\"products\\/product-83.jpg\"]'),(63,7,NULL,NULL,47,3,'Good app, good backup service and support. Good documentation.','published','2025-06-09 17:17:57','2025-06-09 17:17:57','[\"products\\/product-35.jpg\",\"products\\/product-56.jpg\",\"products\\/product-59.jpg\"]'),(64,6,NULL,NULL,64,2,'Best ecommerce CMS online store!','published','2025-06-09 17:17:57','2025-06-09 17:17:57','[\"products\\/pla-product-04.jpg\",\"products\\/product-45.jpg\",\"products\\/product-59.jpg\",\"products\\/product-67.jpg\"]'),(65,5,NULL,NULL,14,3,'Customer Support are grade (A*), however the code is a way too over engineered for it\'s purpose.','published','2025-06-09 17:17:57','2025-06-09 17:17:57','[\"products\\/product-60.jpg\",\"products\\/product-90.jpg\"]'),(66,9,NULL,NULL,20,2,'Cool template. Excellent code quality. The support responds very quickly, which is very rare on themeforest and codecanyon.net, I buy a lot of templates, and everyone will have a response from technical support for two or three days. Thanks to tech support. I recommend to buy.','published','2025-06-09 17:17:57','2025-06-09 17:17:57','[\"products\\/product-5.jpg\",\"products\\/product-36.jpg\",\"products\\/product-71.jpg\"]'),(67,9,NULL,NULL,8,4,'Amazing code, amazing support. Overall, im really confident in Botble and im happy I made the right choice! Thank you so much guys for coding this masterpiece','published','2025-06-09 17:17:57','2025-06-09 17:17:57','[\"products\\/product-21.jpg\",\"products\\/product-81.jpg\"]'),(68,8,NULL,NULL,52,2,'Very enthusiastic support! Excellent code is written. It\'s a true pleasure working with.','published','2025-06-09 17:17:57','2025-06-09 17:17:57','[\"products\\/pla-product-01.jpg\",\"products\\/product-27.jpg\",\"products\\/product-76.jpg\"]'),(69,4,NULL,NULL,32,2,'The best ecommerce CMS! Excellent coding! best support service! Thank you so much..... I really like your hard work.','published','2025-06-09 17:17:57','2025-06-09 17:17:57','[\"products\\/product-11.jpg\",\"products\\/product-13.jpg\",\"products\\/product-93.jpg\"]'),(70,8,NULL,NULL,61,1,'As a developer I reviewed this script. This is really awesome ecommerce script. I have convinced when I noticed that it\'s built on fully WordPress concept.','published','2025-06-09 17:17:57','2025-06-09 17:17:57','[\"products\\/product-28.jpg\",\"products\\/product-46.jpg\",\"products\\/product-67.jpg\"]'),(71,4,NULL,NULL,48,3,'Second or third time that I buy a Botble product, happy with the products and support. You guys do a good job :)','published','2025-06-09 17:17:57','2025-06-09 17:17:57','[\"products\\/product-14.jpg\",\"products\\/product-15.jpg\",\"products\\/product-47.jpg\"]'),(72,1,NULL,NULL,42,3,'For me the best eCommerce script on Envato at this moment: modern, clean code, a lot of great features. The customer support is great too: I always get an answer within hours!','published','2025-06-09 17:17:57','2025-06-09 17:17:57','[\"products\\/product-46.jpg\",\"products\\/product-85.jpg\"]'),(73,1,NULL,NULL,50,5,'For me the best eCommerce script on Envato at this moment: modern, clean code, a lot of great features. The customer support is great too: I always get an answer within hours!','published','2025-06-09 17:17:57','2025-06-09 17:17:57','[\"products\\/product-43.jpg\"]'),(74,8,NULL,NULL,58,4,'Ok good product. I have some issues in customizations. But its not correct to blame the developer. The product is good. Good luck for your business.','published','2025-06-09 17:17:57','2025-06-09 17:17:57','[\"products\\/product-27.jpg\",\"products\\/product-74.jpg\",\"products\\/product-85.jpg\",\"products\\/product-95.jpg\"]'),(75,4,NULL,NULL,27,5,'It\'s not my first experience here on Codecanyon and I can honestly tell you all that Botble puts a LOT of effort into the support. They answer so fast, they helped me tons of times. REALLY by far THE BEST EXPERIENCE on Codecanyon. Those guys at Botble are so good that they deserve 5 stars. I recommend them, I trust them and I can\'t wait to see what they will sell in a near future. Thank you Botble :)','published','2025-06-09 17:17:57','2025-06-09 17:17:57','[\"products\\/product-1.jpg\",\"products\\/product-5.jpg\",\"products\\/product-31.jpg\"]'),(76,3,NULL,NULL,66,3,'Perfect +++++++++ i love it really also i get to fast ticket answers... Thanks Lot BOTBLE Teams','published','2025-06-09 17:17:57','2025-06-09 17:17:57','[\"products\\/product-1.jpg\",\"products\\/product-64.jpg\",\"products\\/product-88.jpg\"]'),(77,9,NULL,NULL,39,2,'Those guys now what they are doing, the release such a good product that it\'s a pleasure to work with ! Even when I was stuck on the project, I created a ticket and the next day it was replied by the team. GOOD JOB guys. I love working with them :)','published','2025-06-09 17:17:57','2025-06-09 17:17:57','[\"products\\/product-18.jpg\",\"products\\/product-74.jpg\"]'),(78,2,NULL,NULL,73,4,'Ok good product. I have some issues in customizations. But its not correct to blame the developer. The product is good. Good luck for your business.','published','2025-06-09 17:17:57','2025-06-09 17:17:57','[\"products\\/product-4.jpg\",\"products\\/product-46.jpg\"]'),(79,3,NULL,NULL,54,5,'Those guys now what they are doing, the release such a good product that it\'s a pleasure to work with ! Even when I was stuck on the project, I created a ticket and the next day it was replied by the team. GOOD JOB guys. I love working with them :)','published','2025-06-09 17:17:57','2025-06-09 17:17:57','[\"products\\/pla-product-04.jpg\"]'),(80,8,NULL,NULL,3,4,'The best store template! Excellent coding! Very good support! Thank you so much for all the help, I really appreciated.','published','2025-06-09 17:17:57','2025-06-09 17:17:57','[\"products\\/product-24.jpg\"]'),(81,10,NULL,NULL,61,1,'It\'s not my first experience here on Codecanyon and I can honestly tell you all that Botble puts a LOT of effort into the support. They answer so fast, they helped me tons of times. REALLY by far THE BEST EXPERIENCE on Codecanyon. Those guys at Botble are so good that they deserve 5 stars. I recommend them, I trust them and I can\'t wait to see what they will sell in a near future. Thank you Botble :)','published','2025-06-09 17:17:57','2025-06-09 17:17:57','[\"products\\/product-73.jpg\",\"products\\/product-74.jpg\",\"products\\/product-75.jpg\",\"products\\/product-88.jpg\"]'),(83,2,NULL,NULL,68,5,'The best store template! Excellent coding! Very good support! Thank you so much for all the help, I really appreciated.','published','2025-06-09 17:17:57','2025-06-09 17:17:57','[\"products\\/product-34.jpg\",\"products\\/product-85.jpg\"]'),(85,10,NULL,NULL,18,4,'The code is good, in general, if you like it, can you give it 5 stars?','published','2025-06-09 17:17:57','2025-06-09 17:17:57','[\"products\\/product-91.jpg\"]'),(86,1,NULL,NULL,24,4,'I Love this Script. I also found how to add other fees. Now I just wait the BIG update for the Marketplace with the Bulk Import. Just do not forget to make it to be Multi-language for us the Botble Fans.','published','2025-06-09 17:17:57','2025-06-09 17:17:57','[\"products\\/product-3.jpg\",\"products\\/product-14.jpg\",\"products\\/product-58.jpg\",\"products\\/product-83.jpg\"]'),(87,1,NULL,NULL,37,5,'As a developer I reviewed this script. This is really awesome ecommerce script. I have convinced when I noticed that it\'s built on fully WordPress concept.','published','2025-06-09 17:17:57','2025-06-09 17:17:57','[\"products\\/product-4.jpg\",\"products\\/product-9.jpg\",\"products\\/product-77.jpg\",\"products\\/product-80.jpg\"]'),(88,2,NULL,NULL,28,3,'As a developer I reviewed this script. This is really awesome ecommerce script. I have convinced when I noticed that it\'s built on fully WordPress concept.','published','2025-06-09 17:17:57','2025-06-09 17:17:57','[\"products\\/product-40.jpg\",\"products\\/product-76.jpg\",\"products\\/product-79.jpg\"]'),(89,4,NULL,NULL,38,2,'It\'s not my first experience here on Codecanyon and I can honestly tell you all that Botble puts a LOT of effort into the support. They answer so fast, they helped me tons of times. REALLY by far THE BEST EXPERIENCE on Codecanyon. Those guys at Botble are so good that they deserve 5 stars. I recommend them, I trust them and I can\'t wait to see what they will sell in a near future. Thank you Botble :)','published','2025-06-09 17:17:57','2025-06-09 17:17:57','[\"products\\/product-88.jpg\"]'),(90,5,NULL,NULL,43,3,'This web app is really good in design, code quality & features. Besides, the customer support provided by the Botble team was really fast & helpful. You guys are awesome!','published','2025-06-09 17:17:57','2025-06-09 17:17:57','[\"products\\/product-32.jpg\",\"products\\/product-43.jpg\"]'),(91,2,NULL,NULL,34,1,'The code is good, in general, if you like it, can you give it 5 stars?','published','2025-06-09 17:17:57','2025-06-09 17:17:57','[\"products\\/product-3.jpg\",\"products\\/product-13.jpg\"]'),(92,5,NULL,NULL,26,2,'Great system, great support, good job Botble. I\'m looking forward to more great functional plugins.','published','2025-06-09 17:17:57','2025-06-09 17:17:57','[\"products\\/product-45.jpg\",\"products\\/product-86.jpg\"]'),(93,6,NULL,NULL,25,4,'Cool template. Excellent code quality. The support responds very quickly, which is very rare on themeforest and codecanyon.net, I buy a lot of templates, and everyone will have a response from technical support for two or three days. Thanks to tech support. I recommend to buy.','published','2025-06-09 17:17:57','2025-06-09 17:17:57','[\"products\\/product-22.jpg\",\"products\\/product-27.jpg\"]'),(94,4,NULL,NULL,62,1,'Cool template. Excellent code quality. The support responds very quickly, which is very rare on themeforest and codecanyon.net, I buy a lot of templates, and everyone will have a response from technical support for two or three days. Thanks to tech support. I recommend to buy.','published','2025-06-09 17:17:57','2025-06-09 17:17:57','[\"products\\/product-39.jpg\",\"products\\/product-90.jpg\",\"products\\/product-94.jpg\"]'),(95,3,NULL,NULL,8,4,'Customer Support are grade (A*), however the code is a way too over engineered for it\'s purpose.','published','2025-06-09 17:17:57','2025-06-09 17:17:57','[\"products\\/product-12.jpg\",\"products\\/product-56.jpg\",\"products\\/product-92.jpg\"]'),(96,3,NULL,NULL,45,1,'This web app is really good in design, code quality & features. Besides, the customer support provided by the Botble team was really fast & helpful. You guys are awesome!','published','2025-06-09 17:17:57','2025-06-09 17:17:57','[\"products\\/product-19.jpg\"]'),(97,2,NULL,NULL,49,1,'I Love this Script. I also found how to add other fees. Now I just wait the BIG update for the Marketplace with the Bulk Import. Just do not forget to make it to be Multi-language for us the Botble Fans.','published','2025-06-09 17:17:57','2025-06-09 17:17:57','[\"products\\/pla-product-01.jpg\"]'),(98,6,NULL,NULL,54,5,'Very enthusiastic support! Excellent code is written. It\'s a true pleasure working with.','published','2025-06-09 17:17:57','2025-06-09 17:17:57','[\"products\\/product-24.jpg\",\"products\\/product-41.jpg\",\"products\\/product-60.jpg\"]'),(99,9,NULL,NULL,44,5,'It\'s not my first experience here on Codecanyon and I can honestly tell you all that Botble puts a LOT of effort into the support. They answer so fast, they helped me tons of times. REALLY by far THE BEST EXPERIENCE on Codecanyon. Those guys at Botble are so good that they deserve 5 stars. I recommend them, I trust them and I can\'t wait to see what they will sell in a near future. Thank you Botble :)','published','2025-06-09 17:17:57','2025-06-09 17:17:57','[\"products\\/product-12.jpg\"]'),(100,2,NULL,NULL,14,1,'Best ecommerce CMS online store!','published','2025-06-09 17:17:57','2025-06-09 17:17:57','[\"products\\/product-12.jpg\",\"products\\/product-75.jpg\",\"products\\/product-84.jpg\"]'),(101,1,NULL,NULL,65,4,'Great system, great support, good job Botble. I\'m looking forward to more great functional plugins.','published','2025-06-09 17:17:57','2025-06-09 17:17:57','[\"products\\/product-10.jpg\",\"products\\/product-50.jpg\",\"products\\/product-71.jpg\",\"products\\/product-90.jpg\"]'),(102,7,NULL,NULL,46,1,'Customer Support are grade (A*), however the code is a way too over engineered for it\'s purpose.','published','2025-06-09 17:17:57','2025-06-09 17:17:57','[\"products\\/product-57.jpg\",\"products\\/product-77.jpg\",\"products\\/product-78.jpg\"]'),(104,5,NULL,NULL,50,3,'Good app, good backup service and support. Good documentation.','published','2025-06-09 17:17:57','2025-06-09 17:17:57','[\"products\\/product-8.jpg\"]'),(105,2,NULL,NULL,51,3,'The best ecommerce CMS! Excellent coding! best support service! Thank you so much..... I really like your hard work.','published','2025-06-09 17:17:57','2025-06-09 17:17:57','[\"products\\/pla-product-04.jpg\",\"products\\/product-35.jpg\",\"products\\/product-57.jpg\",\"products\\/product-76.jpg\"]'),(106,4,NULL,NULL,26,5,'Best ecommerce CMS online store!','published','2025-06-09 17:17:57','2025-06-09 17:17:57','[\"products\\/product-5.jpg\",\"products\\/product-14.jpg\"]'),(107,7,NULL,NULL,71,3,'Good app, good backup service and support. Good documentation.','published','2025-06-09 17:17:57','2025-06-09 17:17:57','[\"products\\/product-58.jpg\"]'),(108,10,NULL,NULL,32,2,'The best store template! Excellent coding! Very good support! Thank you so much for all the help, I really appreciated.','published','2025-06-09 17:17:57','2025-06-09 17:17:57','[\"products\\/product-27.jpg\",\"products\\/product-63.jpg\",\"products\\/product-70.jpg\"]'),(109,9,NULL,NULL,57,4,'Solution is too robust for our purpose so we didn\'t use it at the end. But I appreciate customer support during initial configuration.','published','2025-06-09 17:17:57','2025-06-09 17:17:57','[\"products\\/product-11.jpg\",\"products\\/product-47.jpg\",\"products\\/product-58.jpg\"]'),(110,7,NULL,NULL,44,5,'This script is well coded and is super fast. The support is pretty quick. Very patient and helpful team. I strongly recommend it and they deserve more than 5 stars.','published','2025-06-09 17:17:57','2025-06-09 17:17:57','[\"products\\/pla-product-04.jpg\",\"products\\/product-51.jpg\",\"products\\/product-67.jpg\"]'),(112,2,NULL,NULL,23,4,'The best store template! Excellent coding! Very good support! Thank you so much for all the help, I really appreciated.','published','2025-06-09 17:17:57','2025-06-09 17:17:57','[\"products\\/product-18.jpg\",\"products\\/product-23.jpg\",\"products\\/product-44.jpg\",\"products\\/product-68.jpg\"]'),(113,6,NULL,NULL,13,1,'The best store template! Excellent coding! Very good support! Thank you so much for all the help, I really appreciated.','published','2025-06-09 17:17:57','2025-06-09 17:17:57','[\"products\\/product-10.jpg\",\"products\\/product-18.jpg\",\"products\\/product-72.jpg\",\"products\\/product-95.jpg\"]'),(114,1,NULL,NULL,5,2,'Customer Support are grade (A*), however the code is a way too over engineered for it\'s purpose.','published','2025-06-09 17:17:57','2025-06-09 17:17:57','[\"products\\/product-53.jpg\",\"products\\/product-93.jpg\"]'),(116,10,NULL,NULL,36,5,'Best ecommerce CMS online store!','published','2025-06-09 17:17:57','2025-06-09 17:17:57','[\"products\\/product-2.jpg\"]'),(117,8,NULL,NULL,73,1,'These guys are amazing! Responses immediately, amazing support and help... I immediately feel at ease after Purchasing..','published','2025-06-09 17:17:57','2025-06-09 17:17:57','[\"products\\/product-14.jpg\",\"products\\/product-66.jpg\",\"products\\/product-79.jpg\"]'),(118,3,NULL,NULL,73,5,'This script is well coded and is super fast. The support is pretty quick. Very patient and helpful team. I strongly recommend it and they deserve more than 5 stars.','published','2025-06-09 17:17:57','2025-06-09 17:17:57','[\"products\\/product-3.jpg\",\"products\\/product-69.jpg\",\"products\\/product-86.jpg\"]'),(120,3,NULL,NULL,39,4,'Customer Support are grade (A*), however the code is a way too over engineered for it\'s purpose.','published','2025-06-09 17:17:57','2025-06-09 17:17:57','[\"products\\/product-39.jpg\"]'),(121,1,NULL,NULL,28,5,'This script is well coded and is super fast. The support is pretty quick. Very patient and helpful team. I strongly recommend it and they deserve more than 5 stars.','published','2025-06-09 17:17:57','2025-06-09 17:17:57','[\"products\\/product-82.jpg\"]'),(122,9,NULL,NULL,23,3,'Great system, great support, good job Botble. I\'m looking forward to more great functional plugins.','published','2025-06-09 17:17:57','2025-06-09 17:17:57','[\"products\\/product-4.jpg\",\"products\\/product-6.jpg\",\"products\\/product-36.jpg\",\"products\\/product-92.jpg\"]'),(123,10,NULL,NULL,71,4,'Those guys now what they are doing, the release such a good product that it\'s a pleasure to work with ! Even when I was stuck on the project, I created a ticket and the next day it was replied by the team. GOOD JOB guys. I love working with them :)','published','2025-06-09 17:17:57','2025-06-09 17:17:57','[\"products\\/product-17.jpg\",\"products\\/product-26.jpg\",\"products\\/product-32.jpg\",\"products\\/product-57.jpg\"]'),(124,10,NULL,NULL,20,4,'Perfect +++++++++ i love it really also i get to fast ticket answers... Thanks Lot BOTBLE Teams','published','2025-06-09 17:17:57','2025-06-09 17:17:57','[\"products\\/product-4.jpg\",\"products\\/product-12.jpg\",\"products\\/product-75.jpg\"]'),(125,5,NULL,NULL,20,4,'This script is well coded and is super fast. The support is pretty quick. Very patient and helpful team. I strongly recommend it and they deserve more than 5 stars.','published','2025-06-09 17:17:57','2025-06-09 17:17:57','[\"products\\/product-52.jpg\",\"products\\/product-68.jpg\"]'),(126,7,NULL,NULL,5,5,'Those guys now what they are doing, the release such a good product that it\'s a pleasure to work with ! Even when I was stuck on the project, I created a ticket and the next day it was replied by the team. GOOD JOB guys. I love working with them :)','published','2025-06-09 17:17:57','2025-06-09 17:17:57','[\"products\\/product-22.jpg\",\"products\\/product-58.jpg\",\"products\\/product-76.jpg\"]'),(127,4,NULL,NULL,49,5,'The best store template! Excellent coding! Very good support! Thank you so much for all the help, I really appreciated.','published','2025-06-09 17:17:57','2025-06-09 17:17:57','[\"products\\/product-17.jpg\",\"products\\/product-58.jpg\"]'),(128,3,NULL,NULL,56,2,'The best ecommerce CMS! Excellent coding! best support service! Thank you so much..... I really like your hard work.','published','2025-06-09 17:17:57','2025-06-09 17:17:57','[\"products\\/product-2.jpg\"]'),(129,10,NULL,NULL,19,3,'Best ecommerce CMS online store!','published','2025-06-09 17:17:57','2025-06-09 17:17:57','[\"products\\/product-29.jpg\"]'),(130,10,NULL,NULL,22,4,'We have received brilliant service support and will be expanding the features with the developer. Nice product!','published','2025-06-09 17:17:57','2025-06-09 17:17:57','[\"products\\/product-64.jpg\",\"products\\/product-95.jpg\"]'),(131,10,NULL,NULL,39,2,'Cool template. Excellent code quality. The support responds very quickly, which is very rare on themeforest and codecanyon.net, I buy a lot of templates, and everyone will have a response from technical support for two or three days. Thanks to tech support. I recommend to buy.','published','2025-06-09 17:17:57','2025-06-09 17:17:57','[\"products\\/product-67.jpg\"]'),(132,10,NULL,NULL,34,3,'Good app, good backup service and support. Good documentation.','published','2025-06-09 17:17:57','2025-06-09 17:17:57','[\"products\\/product-47.jpg\",\"products\\/product-51.jpg\",\"products\\/product-71.jpg\",\"products\\/product-84.jpg\"]'),(133,1,NULL,NULL,27,5,'Perfect +++++++++ i love it really also i get to fast ticket answers... Thanks Lot BOTBLE Teams','published','2025-06-09 17:17:57','2025-06-09 17:17:57','[\"products\\/product-23.jpg\",\"products\\/product-69.jpg\",\"products\\/product-93.jpg\"]'),(134,8,NULL,NULL,32,2,'Good app, good backup service and support. Good documentation.','published','2025-06-09 17:17:57','2025-06-09 17:17:57','[\"products\\/product-24.jpg\",\"products\\/product-44.jpg\"]'),(135,8,NULL,NULL,38,5,'As a developer I reviewed this script. This is really awesome ecommerce script. I have convinced when I noticed that it\'s built on fully WordPress concept.','published','2025-06-09 17:17:57','2025-06-09 17:17:57','[\"products\\/product-12.jpg\",\"products\\/product-32.jpg\",\"products\\/product-71.jpg\"]'),(136,6,NULL,NULL,29,2,'For me the best eCommerce script on Envato at this moment: modern, clean code, a lot of great features. The customer support is great too: I always get an answer within hours!','published','2025-06-09 17:17:57','2025-06-09 17:17:57','[\"products\\/product-6.jpg\",\"products\\/product-18.jpg\",\"products\\/product-49.jpg\",\"products\\/product-79.jpg\"]'),(137,10,NULL,NULL,25,5,'This web app is really good in design, code quality & features. Besides, the customer support provided by the Botble team was really fast & helpful. You guys are awesome!','published','2025-06-09 17:17:57','2025-06-09 17:17:57','[\"products\\/pla-product-02.jpg\",\"products\\/product-22.jpg\"]'),(138,10,NULL,NULL,3,3,'As a developer I reviewed this script. This is really awesome ecommerce script. I have convinced when I noticed that it\'s built on fully WordPress concept.','published','2025-06-09 17:17:57','2025-06-09 17:17:57','[\"products\\/product-5.jpg\",\"products\\/product-56.jpg\",\"products\\/product-65.jpg\",\"products\\/product-84.jpg\"]'),(140,1,NULL,NULL,67,3,'The best store template! Excellent coding! Very good support! Thank you so much for all the help, I really appreciated.','published','2025-06-09 17:17:57','2025-06-09 17:17:57','[\"products\\/product-80.jpg\"]'),(141,6,NULL,NULL,30,5,'Ok good product. I have some issues in customizations. But its not correct to blame the developer. The product is good. Good luck for your business.','published','2025-06-09 17:17:57','2025-06-09 17:17:57','[\"products\\/product-45.jpg\",\"products\\/product-67.jpg\",\"products\\/product-89.jpg\"]'),(142,5,NULL,NULL,71,3,'The script is the best of its class, fast, easy to implement and work with , and the most important thing is the great support team , Recommend with no doubt.','published','2025-06-09 17:17:57','2025-06-09 17:17:57','[\"products\\/product-48.jpg\",\"products\\/product-78.jpg\"]'),(143,4,NULL,NULL,58,1,'Great system, great support, good job Botble. I\'m looking forward to more great functional plugins.','published','2025-06-09 17:17:57','2025-06-09 17:17:57','[\"products\\/pla-product-01.jpg\",\"products\\/product-36.jpg\"]'),(144,4,NULL,NULL,74,3,'Second or third time that I buy a Botble product, happy with the products and support. You guys do a good job :)','published','2025-06-09 17:17:57','2025-06-09 17:17:57','[\"products\\/product-60.jpg\"]'),(145,9,NULL,NULL,68,4,'The best store template! Excellent coding! Very good support! Thank you so much for all the help, I really appreciated.','published','2025-06-09 17:17:57','2025-06-09 17:17:57','[\"products\\/product-4.jpg\",\"products\\/product-6.jpg\",\"products\\/product-43.jpg\",\"products\\/product-81.jpg\"]'),(147,6,NULL,NULL,18,3,'Very enthusiastic support! Excellent code is written. It\'s a true pleasure working with.','published','2025-06-09 17:17:57','2025-06-09 17:17:57','[\"products\\/product-28.jpg\"]'),(148,1,NULL,NULL,8,4,'The script is the best of its class, fast, easy to implement and work with , and the most important thing is the great support team , Recommend with no doubt.','published','2025-06-09 17:17:57','2025-06-09 17:17:57','[\"products\\/product-38.jpg\",\"products\\/product-50.jpg\",\"products\\/product-56.jpg\",\"products\\/product-69.jpg\"]'),(149,9,NULL,NULL,64,3,'Very enthusiastic support! Excellent code is written. It\'s a true pleasure working with.','published','2025-06-09 17:17:57','2025-06-09 17:17:57','[\"products\\/product-7.jpg\",\"products\\/product-22.jpg\",\"products\\/product-90.jpg\"]'),(150,9,NULL,NULL,48,2,'Second or third time that I buy a Botble product, happy with the products and support. You guys do a good job :)','published','2025-06-09 17:17:57','2025-06-09 17:17:57','[\"products\\/product-80.jpg\"]'),(151,1,NULL,NULL,36,4,'Amazing code, amazing support. Overall, im really confident in Botble and im happy I made the right choice! Thank you so much guys for coding this masterpiece','published','2025-06-09 17:17:57','2025-06-09 17:17:57','[\"products\\/product-28.jpg\",\"products\\/product-30.jpg\",\"products\\/product-31.jpg\",\"products\\/product-62.jpg\"]'),(153,4,NULL,NULL,22,1,'We have received brilliant service support and will be expanding the features with the developer. Nice product!','published','2025-06-09 17:17:57','2025-06-09 17:17:57','[\"products\\/product-20.jpg\",\"products\\/product-28.jpg\",\"products\\/product-83.jpg\"]'),(157,4,NULL,NULL,35,5,'Ok good product. I have some issues in customizations. But its not correct to blame the developer. The product is good. Good luck for your business.','published','2025-06-09 17:17:57','2025-06-09 17:17:57','[\"products\\/product-31.jpg\",\"products\\/product-70.jpg\"]'),(158,2,NULL,NULL,40,5,'It\'s not my first experience here on Codecanyon and I can honestly tell you all that Botble puts a LOT of effort into the support. They answer so fast, they helped me tons of times. REALLY by far THE BEST EXPERIENCE on Codecanyon. Those guys at Botble are so good that they deserve 5 stars. I recommend them, I trust them and I can\'t wait to see what they will sell in a near future. Thank you Botble :)','published','2025-06-09 17:17:57','2025-06-09 17:17:57','[\"products\\/product-55.jpg\",\"products\\/product-58.jpg\",\"products\\/product-92.jpg\"]'),(159,10,NULL,NULL,17,2,'Great E-commerce system. And much more : Wonderful Customer Support.','published','2025-06-09 17:17:57','2025-06-09 17:17:57','[\"products\\/product-56.jpg\",\"products\\/product-60.jpg\",\"products\\/product-88.jpg\"]'),(160,1,NULL,NULL,6,2,'It\'s not my first experience here on Codecanyon and I can honestly tell you all that Botble puts a LOT of effort into the support. They answer so fast, they helped me tons of times. REALLY by far THE BEST EXPERIENCE on Codecanyon. Those guys at Botble are so good that they deserve 5 stars. I recommend them, I trust them and I can\'t wait to see what they will sell in a near future. Thank you Botble :)','published','2025-06-09 17:17:57','2025-06-09 17:17:57','[\"products\\/product-53.jpg\",\"products\\/product-55.jpg\",\"products\\/product-75.jpg\",\"products\\/product-84.jpg\"]'),(161,3,NULL,NULL,22,3,'Great E-commerce system. And much more : Wonderful Customer Support.','published','2025-06-09 17:17:57','2025-06-09 17:17:57','[\"products\\/pla-product-02.jpg\",\"products\\/product-35.jpg\",\"products\\/product-57.jpg\"]'),(162,8,NULL,NULL,75,3,'The script is the best of its class, fast, easy to implement and work with , and the most important thing is the great support team , Recommend with no doubt.','published','2025-06-09 17:17:57','2025-06-09 17:17:57','[\"products\\/product-15.jpg\",\"products\\/product-70.jpg\",\"products\\/product-85.jpg\"]'),(163,9,NULL,NULL,56,2,'These guys are amazing! Responses immediately, amazing support and help... I immediately feel at ease after Purchasing..','published','2025-06-09 17:17:57','2025-06-09 17:17:57','[\"products\\/product-9.jpg\",\"products\\/product-22.jpg\",\"products\\/product-73.jpg\",\"products\\/product-95.jpg\"]'),(164,8,NULL,NULL,14,2,'This script is well coded and is super fast. The support is pretty quick. Very patient and helpful team. I strongly recommend it and they deserve more than 5 stars.','published','2025-06-09 17:17:57','2025-06-09 17:17:57','[\"products\\/product-37.jpg\",\"products\\/product-79.jpg\",\"products\\/product-89.jpg\"]'),(166,6,NULL,NULL,22,1,'Ok good product. I have some issues in customizations. But its not correct to blame the developer. The product is good. Good luck for your business.','published','2025-06-09 17:17:57','2025-06-09 17:17:57','[\"products\\/product-25.jpg\",\"products\\/product-73.jpg\"]'),(168,1,NULL,NULL,26,4,'The best ecommerce CMS! Excellent coding! best support service! Thank you so much..... I really like your hard work.','published','2025-06-09 17:17:57','2025-06-09 17:17:57','[\"products\\/product-17.jpg\",\"products\\/product-40.jpg\",\"products\\/product-49.jpg\",\"products\\/product-65.jpg\"]'),(169,9,NULL,NULL,60,4,'Solution is too robust for our purpose so we didn\'t use it at the end. But I appreciate customer support during initial configuration.','published','2025-06-09 17:17:57','2025-06-09 17:17:57','[\"products\\/product-13.jpg\",\"products\\/product-22.jpg\",\"products\\/product-26.jpg\",\"products\\/product-89.jpg\"]'),(170,2,NULL,NULL,42,3,'As a developer I reviewed this script. This is really awesome ecommerce script. I have convinced when I noticed that it\'s built on fully WordPress concept.','published','2025-06-09 17:17:57','2025-06-09 17:17:57','[\"products\\/product-35.jpg\"]'),(171,3,NULL,NULL,69,3,'Solution is too robust for our purpose so we didn\'t use it at the end. But I appreciate customer support during initial configuration.','published','2025-06-09 17:17:57','2025-06-09 17:17:57','[\"products\\/product-59.jpg\",\"products\\/product-67.jpg\",\"products\\/product-81.jpg\",\"products\\/product-86.jpg\"]'),(172,10,NULL,NULL,56,5,'Customer Support are grade (A*), however the code is a way too over engineered for it\'s purpose.','published','2025-06-09 17:17:57','2025-06-09 17:17:57','[\"products\\/product-3.jpg\",\"products\\/product-31.jpg\",\"products\\/product-42.jpg\"]'),(173,10,NULL,NULL,7,4,'Those guys now what they are doing, the release such a good product that it\'s a pleasure to work with ! Even when I was stuck on the project, I created a ticket and the next day it was replied by the team. GOOD JOB guys. I love working with them :)','published','2025-06-09 17:17:57','2025-06-09 17:17:57','[\"products\\/product-95.jpg\"]'),(175,4,NULL,NULL,8,5,'For me the best eCommerce script on Envato at this moment: modern, clean code, a lot of great features. The customer support is great too: I always get an answer within hours!','published','2025-06-09 17:17:57','2025-06-09 17:17:57','[\"products\\/product-8.jpg\",\"products\\/product-92.jpg\"]'),(177,1,NULL,NULL,29,5,'These guys are amazing! Responses immediately, amazing support and help... I immediately feel at ease after Purchasing..','published','2025-06-09 17:17:57','2025-06-09 17:17:57','[\"products\\/product-55.jpg\"]'),(178,4,NULL,NULL,46,3,'For me the best eCommerce script on Envato at this moment: modern, clean code, a lot of great features. The customer support is great too: I always get an answer within hours!','published','2025-06-09 17:17:57','2025-06-09 17:17:57','[\"products\\/product-5.jpg\",\"products\\/product-17.jpg\",\"products\\/product-65.jpg\",\"products\\/product-68.jpg\"]'),(179,1,NULL,NULL,75,1,'For me the best eCommerce script on Envato at this moment: modern, clean code, a lot of great features. The customer support is great too: I always get an answer within hours!','published','2025-06-09 17:17:57','2025-06-09 17:17:57','[\"products\\/pla-product-03.jpg\",\"products\\/product-43.jpg\",\"products\\/product-66.jpg\"]'),(180,3,NULL,NULL,59,5,'This script is well coded and is super fast. The support is pretty quick. Very patient and helpful team. I strongly recommend it and they deserve more than 5 stars.','published','2025-06-09 17:17:57','2025-06-09 17:17:57','[\"products\\/product-43.jpg\"]'),(181,6,NULL,NULL,40,3,'The best ecommerce CMS! Excellent coding! best support service! Thank you so much..... I really like your hard work.','published','2025-06-09 17:17:57','2025-06-09 17:17:57','[\"products\\/product-30.jpg\",\"products\\/product-79.jpg\"]'),(182,5,NULL,NULL,45,1,'Cool template. Excellent code quality. The support responds very quickly, which is very rare on themeforest and codecanyon.net, I buy a lot of templates, and everyone will have a response from technical support for two or three days. Thanks to tech support. I recommend to buy.','published','2025-06-09 17:17:57','2025-06-09 17:17:57','[\"products\\/pla-product-02.jpg\",\"products\\/product-49.jpg\",\"products\\/product-64.jpg\"]'),(184,6,NULL,NULL,21,5,'The best store template! Excellent coding! Very good support! Thank you so much for all the help, I really appreciated.','published','2025-06-09 17:17:57','2025-06-09 17:17:57','[\"products\\/product-73.jpg\"]'),(185,10,NULL,NULL,27,1,'The script is the best of its class, fast, easy to implement and work with , and the most important thing is the great support team , Recommend with no doubt.','published','2025-06-09 17:17:57','2025-06-09 17:17:57','[\"products\\/product-86.jpg\"]'),(186,1,NULL,NULL,64,1,'Cool template. Excellent code quality. The support responds very quickly, which is very rare on themeforest and codecanyon.net, I buy a lot of templates, and everyone will have a response from technical support for two or three days. Thanks to tech support. I recommend to buy.','published','2025-06-09 17:17:57','2025-06-09 17:17:57','[\"products\\/product-12.jpg\",\"products\\/product-63.jpg\",\"products\\/product-64.jpg\",\"products\\/product-68.jpg\"]'),(187,3,NULL,NULL,68,5,'Solution is too robust for our purpose so we didn\'t use it at the end. But I appreciate customer support during initial configuration.','published','2025-06-09 17:17:57','2025-06-09 17:17:57','[\"products\\/product-14.jpg\"]'),(189,8,NULL,NULL,57,4,'As a developer I reviewed this script. This is really awesome ecommerce script. I have convinced when I noticed that it\'s built on fully WordPress concept.','published','2025-06-09 17:17:57','2025-06-09 17:17:57','[\"products\\/product-67.jpg\"]'),(190,8,NULL,NULL,19,5,'It\'s not my first experience here on Codecanyon and I can honestly tell you all that Botble puts a LOT of effort into the support. They answer so fast, they helped me tons of times. REALLY by far THE BEST EXPERIENCE on Codecanyon. Those guys at Botble are so good that they deserve 5 stars. I recommend them, I trust them and I can\'t wait to see what they will sell in a near future. Thank you Botble :)','published','2025-06-09 17:17:57','2025-06-09 17:17:57','[\"products\\/product-2.jpg\",\"products\\/product-6.jpg\",\"products\\/product-60.jpg\",\"products\\/product-90.jpg\"]'),(193,6,NULL,NULL,39,2,'Best ecommerce CMS online store!','published','2025-06-09 17:17:57','2025-06-09 17:17:57','[\"products\\/product-26.jpg\",\"products\\/product-51.jpg\",\"products\\/product-77.jpg\"]'),(194,2,NULL,NULL,9,3,'The script is the best of its class, fast, easy to implement and work with , and the most important thing is the great support team , Recommend with no doubt.','published','2025-06-09 17:17:57','2025-06-09 17:17:57','[\"products\\/product-1.jpg\",\"products\\/product-54.jpg\",\"products\\/product-64.jpg\",\"products\\/product-85.jpg\"]'),(196,8,NULL,NULL,34,4,'Great E-commerce system. And much more : Wonderful Customer Support.','published','2025-06-09 17:17:57','2025-06-09 17:17:57','[\"products\\/product-51.jpg\"]'),(197,8,NULL,NULL,46,3,'As a developer I reviewed this script. This is really awesome ecommerce script. I have convinced when I noticed that it\'s built on fully WordPress concept.','published','2025-06-09 17:17:57','2025-06-09 17:17:57','[\"products\\/product-89.jpg\"]'),(198,9,NULL,NULL,55,4,'Best ecommerce CMS online store!','published','2025-06-09 17:17:57','2025-06-09 17:17:57','[\"products\\/product-8.jpg\",\"products\\/product-16.jpg\",\"products\\/product-28.jpg\"]'),(199,3,NULL,NULL,44,5,'Ok good product. I have some issues in customizations. But its not correct to blame the developer. The product is good. Good luck for your business.','published','2025-06-09 17:17:57','2025-06-09 17:17:57','[\"products\\/product-49.jpg\",\"products\\/product-69.jpg\",\"products\\/product-73.jpg\"]'),(200,4,NULL,NULL,66,5,'Very enthusiastic support! Excellent code is written. It\'s a true pleasure working with.','published','2025-06-09 17:17:57','2025-06-09 17:17:57','[\"products\\/product-8.jpg\",\"products\\/product-9.jpg\",\"products\\/product-34.jpg\",\"products\\/product-94.jpg\"]'),(201,8,NULL,NULL,41,3,'Those guys now what they are doing, the release such a good product that it\'s a pleasure to work with ! Even when I was stuck on the project, I created a ticket and the next day it was replied by the team. GOOD JOB guys. I love working with them :)','published','2025-06-09 17:17:57','2025-06-09 17:17:57','[\"products\\/product-94.jpg\"]'),(202,1,NULL,NULL,53,5,'The best store template! Excellent coding! Very good support! Thank you so much for all the help, I really appreciated.','published','2025-06-09 17:17:57','2025-06-09 17:17:57','[\"products\\/product-62.jpg\"]'),(203,9,NULL,NULL,14,2,'For me the best eCommerce script on Envato at this moment: modern, clean code, a lot of great features. The customer support is great too: I always get an answer within hours!','published','2025-06-09 17:17:57','2025-06-09 17:17:57','[\"products\\/product-8.jpg\",\"products\\/product-33.jpg\",\"products\\/product-63.jpg\",\"products\\/product-79.jpg\"]'),(205,9,NULL,NULL,69,2,'We have received brilliant service support and will be expanding the features with the developer. Nice product!','published','2025-06-09 17:17:57','2025-06-09 17:17:57','[\"products\\/product-30.jpg\",\"products\\/product-39.jpg\",\"products\\/product-93.jpg\"]'),(206,7,NULL,NULL,53,1,'Great system, great support, good job Botble. I\'m looking forward to more great functional plugins.','published','2025-06-09 17:17:57','2025-06-09 17:17:57','[\"products\\/product-10.jpg\",\"products\\/product-34.jpg\",\"products\\/product-59.jpg\",\"products\\/product-67.jpg\"]'),(207,8,NULL,NULL,51,4,'The best ecommerce CMS! Excellent coding! best support service! Thank you so much..... I really like your hard work.','published','2025-06-09 17:17:57','2025-06-09 17:17:57','[\"products\\/product-36.jpg\",\"products\\/product-38.jpg\",\"products\\/product-41.jpg\",\"products\\/product-95.jpg\"]'),(208,4,NULL,NULL,60,4,'These guys are amazing! Responses immediately, amazing support and help... I immediately feel at ease after Purchasing..','published','2025-06-09 17:17:57','2025-06-09 17:17:57','[\"products\\/product-6.jpg\",\"products\\/product-16.jpg\",\"products\\/product-52.jpg\",\"products\\/product-94.jpg\"]'),(209,9,NULL,NULL,38,5,'Best ecommerce CMS online store!','published','2025-06-09 17:17:57','2025-06-09 17:17:57','[\"products\\/product-24.jpg\",\"products\\/product-38.jpg\",\"products\\/product-44.jpg\",\"products\\/product-69.jpg\"]'),(210,2,NULL,NULL,25,1,'Customer Support are grade (A*), however the code is a way too over engineered for it\'s purpose.','published','2025-06-09 17:17:57','2025-06-09 17:17:57','[\"products\\/product-6.jpg\",\"products\\/product-49.jpg\",\"products\\/product-72.jpg\",\"products\\/product-84.jpg\"]'),(211,6,NULL,NULL,74,3,'Great E-commerce system. And much more : Wonderful Customer Support.','published','2025-06-09 17:17:57','2025-06-09 17:17:57','[\"products\\/product-10.jpg\",\"products\\/product-40.jpg\",\"products\\/product-75.jpg\",\"products\\/product-90.jpg\"]'),(212,9,NULL,NULL,52,2,'Customer Support are grade (A*), however the code is a way too over engineered for it\'s purpose.','published','2025-06-09 17:17:57','2025-06-09 17:17:57','[\"products\\/product-20.jpg\",\"products\\/product-45.jpg\",\"products\\/product-75.jpg\",\"products\\/product-82.jpg\"]'),(213,3,NULL,NULL,74,5,'Best ecommerce CMS online store!','published','2025-06-09 17:17:57','2025-06-09 17:17:57','[\"products\\/product-8.jpg\",\"products\\/product-40.jpg\",\"products\\/product-75.jpg\"]'),(218,4,NULL,NULL,69,5,'Solution is too robust for our purpose so we didn\'t use it at the end. But I appreciate customer support during initial configuration.','published','2025-06-09 17:17:57','2025-06-09 17:17:57','[\"products\\/pla-product-04.jpg\"]'),(219,6,NULL,NULL,17,2,'Great E-commerce system. And much more : Wonderful Customer Support.','published','2025-06-09 17:17:57','2025-06-09 17:17:57','[\"products\\/product-7.jpg\",\"products\\/product-29.jpg\",\"products\\/product-61.jpg\",\"products\\/product-82.jpg\"]'),(220,9,NULL,NULL,34,5,'These guys are amazing! Responses immediately, amazing support and help... I immediately feel at ease after Purchasing..','published','2025-06-09 17:17:57','2025-06-09 17:17:57','[\"products\\/product-17.jpg\",\"products\\/product-40.jpg\",\"products\\/product-45.jpg\",\"products\\/product-76.jpg\"]'),(221,4,NULL,NULL,41,4,'We have received brilliant service support and will be expanding the features with the developer. Nice product!','published','2025-06-09 17:17:57','2025-06-09 17:17:57','[\"products\\/product-61.jpg\",\"products\\/product-83.jpg\"]'),(222,1,NULL,NULL,54,2,'Customer Support are grade (A*), however the code is a way too over engineered for it\'s purpose.','published','2025-06-09 17:17:57','2025-06-09 17:17:57','[\"products\\/product-16.jpg\",\"products\\/product-85.jpg\",\"products\\/product-88.jpg\"]'),(224,4,NULL,NULL,72,2,'The best store template! Excellent coding! Very good support! Thank you so much for all the help, I really appreciated.','published','2025-06-09 17:17:57','2025-06-09 17:17:57','[\"products\\/product-47.jpg\",\"products\\/product-83.jpg\",\"products\\/product-94.jpg\"]'),(225,7,NULL,NULL,34,1,'Those guys now what they are doing, the release such a good product that it\'s a pleasure to work with ! Even when I was stuck on the project, I created a ticket and the next day it was replied by the team. GOOD JOB guys. I love working with them :)','published','2025-06-09 17:17:57','2025-06-09 17:17:57','[\"products\\/product-73.jpg\",\"products\\/product-82.jpg\"]'),(226,3,NULL,NULL,10,2,'Best ecommerce CMS online store!','published','2025-06-09 17:17:57','2025-06-09 17:17:57','[\"products\\/product-5.jpg\",\"products\\/product-49.jpg\"]'),(227,7,NULL,NULL,24,2,'Solution is too robust for our purpose so we didn\'t use it at the end. But I appreciate customer support during initial configuration.','published','2025-06-09 17:17:57','2025-06-09 17:17:57','[\"products\\/pla-product-02.jpg\",\"products\\/product-80.jpg\",\"products\\/product-85.jpg\"]'),(228,2,NULL,NULL,37,3,'Customer Support are grade (A*), however the code is a way too over engineered for it\'s purpose.','published','2025-06-09 17:17:57','2025-06-09 17:17:57','[\"products\\/product-22.jpg\",\"products\\/product-51.jpg\"]'),(229,5,NULL,NULL,15,5,'Solution is too robust for our purpose so we didn\'t use it at the end. But I appreciate customer support during initial configuration.','published','2025-06-09 17:17:57','2025-06-09 17:17:57','[\"products\\/product-46.jpg\",\"products\\/product-50.jpg\"]'),(230,9,NULL,NULL,73,3,'Best ecommerce CMS online store!','published','2025-06-09 17:17:57','2025-06-09 17:17:57','[\"products\\/product-21.jpg\",\"products\\/product-64.jpg\",\"products\\/product-88.jpg\"]'),(231,4,NULL,NULL,20,4,'It\'s not my first experience here on Codecanyon and I can honestly tell you all that Botble puts a LOT of effort into the support. They answer so fast, they helped me tons of times. REALLY by far THE BEST EXPERIENCE on Codecanyon. Those guys at Botble are so good that they deserve 5 stars. I recommend them, I trust them and I can\'t wait to see what they will sell in a near future. Thank you Botble :)','published','2025-06-09 17:17:57','2025-06-09 17:17:57','[\"products\\/product-19.jpg\",\"products\\/product-83.jpg\"]'),(232,10,NULL,NULL,41,1,'Ok good product. I have some issues in customizations. But its not correct to blame the developer. The product is good. Good luck for your business.','published','2025-06-09 17:17:57','2025-06-09 17:17:57','[\"products\\/product-12.jpg\",\"products\\/product-22.jpg\",\"products\\/product-58.jpg\"]'),(233,4,NULL,NULL,56,3,'Customer Support are grade (A*), however the code is a way too over engineered for it\'s purpose.','published','2025-06-09 17:17:57','2025-06-09 17:17:57','[\"products\\/product-30.jpg\",\"products\\/product-54.jpg\",\"products\\/product-57.jpg\"]'),(235,3,NULL,NULL,9,3,'This web app is really good in design, code quality & features. Besides, the customer support provided by the Botble team was really fast & helpful. You guys are awesome!','published','2025-06-09 17:17:57','2025-06-09 17:17:57','[\"products\\/pla-product-01.jpg\",\"products\\/product-18.jpg\",\"products\\/product-56.jpg\"]'),(237,8,NULL,NULL,7,2,'The best store template! Excellent coding! Very good support! Thank you so much for all the help, I really appreciated.','published','2025-06-09 17:17:57','2025-06-09 17:17:57','[\"products\\/product-4.jpg\",\"products\\/product-73.jpg\",\"products\\/product-91.jpg\"]'),(238,9,NULL,NULL,45,3,'Customer Support are grade (A*), however the code is a way too over engineered for it\'s purpose.','published','2025-06-09 17:17:57','2025-06-09 17:17:57','[\"products\\/pla-product-04.jpg\",\"products\\/product-31.jpg\"]'),(241,9,NULL,NULL,42,3,'Cool template. Excellent code quality. The support responds very quickly, which is very rare on themeforest and codecanyon.net, I buy a lot of templates, and everyone will have a response from technical support for two or three days. Thanks to tech support. I recommend to buy.','published','2025-06-09 17:17:57','2025-06-09 17:17:57','[\"products\\/product-5.jpg\",\"products\\/product-56.jpg\",\"products\\/product-65.jpg\"]'),(242,8,NULL,NULL,33,2,'The code is good, in general, if you like it, can you give it 5 stars?','published','2025-06-09 17:17:57','2025-06-09 17:17:57','[\"products\\/pla-product-01.jpg\",\"products\\/product-30.jpg\",\"products\\/product-82.jpg\",\"products\\/product-89.jpg\"]'),(244,7,NULL,NULL,69,5,'We have received brilliant service support and will be expanding the features with the developer. Nice product!','published','2025-06-09 17:17:57','2025-06-09 17:17:57','[\"products\\/product-16.jpg\",\"products\\/product-60.jpg\"]'),(246,4,NULL,NULL,11,1,'Clean & perfect source code','published','2025-06-09 17:17:57','2025-06-09 17:17:57','[\"products\\/product-22.jpg\",\"products\\/product-92.jpg\"]'),(247,3,NULL,NULL,50,2,'It\'s not my first experience here on Codecanyon and I can honestly tell you all that Botble puts a LOT of effort into the support. They answer so fast, they helped me tons of times. REALLY by far THE BEST EXPERIENCE on Codecanyon. Those guys at Botble are so good that they deserve 5 stars. I recommend them, I trust them and I can\'t wait to see what they will sell in a near future. Thank you Botble :)','published','2025-06-09 17:17:57','2025-06-09 17:17:57','[\"products\\/product-14.jpg\"]'),(249,6,NULL,NULL,41,2,'This script is well coded and is super fast. The support is pretty quick. Very patient and helpful team. I strongly recommend it and they deserve more than 5 stars.','published','2025-06-09 17:17:57','2025-06-09 17:17:57','[\"products\\/product-45.jpg\"]'),(250,10,NULL,NULL,43,2,'Amazing code, amazing support. Overall, im really confident in Botble and im happy I made the right choice! Thank you so much guys for coding this masterpiece','published','2025-06-09 17:17:57','2025-06-09 17:17:57','[\"products\\/product-1.jpg\",\"products\\/product-88.jpg\"]'),(251,5,NULL,NULL,13,1,'Ok good product. I have some issues in customizations. But its not correct to blame the developer. The product is good. Good luck for your business.','published','2025-06-09 17:17:57','2025-06-09 17:17:57','[\"products\\/pla-product-04.jpg\"]'),(253,5,NULL,NULL,8,2,'Amazing code, amazing support. Overall, im really confident in Botble and im happy I made the right choice! Thank you so much guys for coding this masterpiece','published','2025-06-09 17:17:57','2025-06-09 17:17:57','[\"products\\/product-26.jpg\",\"products\\/product-39.jpg\",\"products\\/product-65.jpg\",\"products\\/product-71.jpg\"]'),(254,6,NULL,NULL,66,4,'Those guys now what they are doing, the release such a good product that it\'s a pleasure to work with ! Even when I was stuck on the project, I created a ticket and the next day it was replied by the team. GOOD JOB guys. I love working with them :)','published','2025-06-09 17:17:57','2025-06-09 17:17:57','[\"products\\/product-11.jpg\",\"products\\/product-60.jpg\",\"products\\/product-79.jpg\",\"products\\/product-87.jpg\"]'),(255,6,NULL,NULL,68,3,'The code is good, in general, if you like it, can you give it 5 stars?','published','2025-06-09 17:17:57','2025-06-09 17:17:57','[\"products\\/product-1.jpg\",\"products\\/product-11.jpg\"]'),(256,1,NULL,NULL,73,4,'Great system, great support, good job Botble. I\'m looking forward to more great functional plugins.','published','2025-06-09 17:17:57','2025-06-09 17:17:57','[\"products\\/product-40.jpg\",\"products\\/product-73.jpg\"]'),(257,4,NULL,NULL,28,4,'Great E-commerce system. And much more : Wonderful Customer Support.','published','2025-06-09 17:17:57','2025-06-09 17:17:57','[\"products\\/product-30.jpg\",\"products\\/product-48.jpg\",\"products\\/product-61.jpg\"]'),(258,8,NULL,NULL,47,5,'Amazing code, amazing support. Overall, im really confident in Botble and im happy I made the right choice! Thank you so much guys for coding this masterpiece','published','2025-06-09 17:17:57','2025-06-09 17:17:57','[\"products\\/product-13.jpg\",\"products\\/product-19.jpg\",\"products\\/product-59.jpg\",\"products\\/product-62.jpg\"]'),(259,8,NULL,NULL,28,4,'Great E-commerce system. And much more : Wonderful Customer Support.','published','2025-06-09 17:17:57','2025-06-09 17:17:57','[\"products\\/product-24.jpg\",\"products\\/product-41.jpg\",\"products\\/product-68.jpg\"]'),(260,5,NULL,NULL,38,2,'Great system, great support, good job Botble. I\'m looking forward to more great functional plugins.','published','2025-06-09 17:17:57','2025-06-09 17:17:57','[\"products\\/product-31.jpg\"]'),(261,1,NULL,NULL,47,2,'Ok good product. I have some issues in customizations. But its not correct to blame the developer. The product is good. Good luck for your business.','published','2025-06-09 17:17:57','2025-06-09 17:17:57','[\"products\\/product-5.jpg\"]'),(262,2,NULL,NULL,10,2,'Great system, great support, good job Botble. I\'m looking forward to more great functional plugins.','published','2025-06-09 17:17:57','2025-06-09 17:17:57','[\"products\\/product-20.jpg\"]'),(263,8,NULL,NULL,10,5,'Customer Support are grade (A*), however the code is a way too over engineered for it\'s purpose.','published','2025-06-09 17:17:57','2025-06-09 17:17:57','[\"products\\/product-23.jpg\",\"products\\/product-61.jpg\",\"products\\/product-64.jpg\"]'),(264,2,NULL,NULL,24,2,'The code is good, in general, if you like it, can you give it 5 stars?','published','2025-06-09 17:17:57','2025-06-09 17:17:57','[\"products\\/product-21.jpg\",\"products\\/product-69.jpg\",\"products\\/product-70.jpg\",\"products\\/product-71.jpg\"]'),(265,2,NULL,NULL,69,2,'The best store template! Excellent coding! Very good support! Thank you so much for all the help, I really appreciated.','published','2025-06-09 17:17:57','2025-06-09 17:17:57','[\"products\\/pla-product-02.jpg\",\"products\\/product-27.jpg\",\"products\\/product-41.jpg\"]'),(266,1,NULL,NULL,10,3,'Great E-commerce system. And much more : Wonderful Customer Support.','published','2025-06-09 17:17:57','2025-06-09 17:17:57','[\"products\\/product-10.jpg\",\"products\\/product-54.jpg\",\"products\\/product-57.jpg\",\"products\\/product-79.jpg\"]'),(268,1,NULL,NULL,19,1,'Good app, good backup service and support. Good documentation.','published','2025-06-09 17:17:57','2025-06-09 17:17:57','[\"products\\/product-87.jpg\"]'),(269,9,NULL,NULL,37,5,'This script is well coded and is super fast. The support is pretty quick. Very patient and helpful team. I strongly recommend it and they deserve more than 5 stars.','published','2025-06-09 17:17:57','2025-06-09 17:17:57','[\"products\\/product-30.jpg\"]'),(270,5,NULL,NULL,49,2,'The code is good, in general, if you like it, can you give it 5 stars?','published','2025-06-09 17:17:57','2025-06-09 17:17:57','[\"products\\/product-70.jpg\",\"products\\/product-73.jpg\"]'),(273,7,NULL,NULL,51,3,'Solution is too robust for our purpose so we didn\'t use it at the end. But I appreciate customer support during initial configuration.','published','2025-06-09 17:17:57','2025-06-09 17:17:57','[\"products\\/product-28.jpg\"]'),(274,1,NULL,NULL,12,3,'As a developer I reviewed this script. This is really awesome ecommerce script. I have convinced when I noticed that it\'s built on fully WordPress concept.','published','2025-06-09 17:17:57','2025-06-09 17:17:57','[\"products\\/product-79.jpg\"]'),(277,3,NULL,NULL,55,5,'These guys are amazing! Responses immediately, amazing support and help... I immediately feel at ease after Purchasing..','published','2025-06-09 17:17:57','2025-06-09 17:17:57','[\"products\\/product-1.jpg\",\"products\\/product-19.jpg\",\"products\\/product-59.jpg\",\"products\\/product-83.jpg\"]'),(278,8,NULL,NULL,40,4,'Customer Support are grade (A*), however the code is a way too over engineered for it\'s purpose.','published','2025-06-09 17:17:57','2025-06-09 17:17:57','[\"products\\/product-52.jpg\",\"products\\/product-53.jpg\",\"products\\/product-90.jpg\"]'),(280,4,NULL,NULL,19,4,'Best ecommerce CMS online store!','published','2025-06-09 17:17:57','2025-06-09 17:17:57','[\"products\\/product-2.jpg\"]'),(281,9,NULL,NULL,27,5,'The code is good, in general, if you like it, can you give it 5 stars?','published','2025-06-09 17:17:57','2025-06-09 17:17:57','[\"products\\/pla-product-01.jpg\",\"products\\/product-22.jpg\",\"products\\/product-92.jpg\"]'),(282,6,NULL,NULL,14,4,'As a developer I reviewed this script. This is really awesome ecommerce script. I have convinced when I noticed that it\'s built on fully WordPress concept.','published','2025-06-09 17:17:57','2025-06-09 17:17:57','[\"products\\/product-5.jpg\",\"products\\/product-14.jpg\",\"products\\/product-34.jpg\",\"products\\/product-56.jpg\"]'),(283,6,NULL,NULL,69,2,'Solution is too robust for our purpose so we didn\'t use it at the end. But I appreciate customer support during initial configuration.','published','2025-06-09 17:17:57','2025-06-09 17:17:57','[\"products\\/product-36.jpg\",\"products\\/product-87.jpg\"]'),(284,8,NULL,NULL,50,5,'Amazing code, amazing support. Overall, im really confident in Botble and im happy I made the right choice! Thank you so much guys for coding this masterpiece','published','2025-06-09 17:17:57','2025-06-09 17:17:57','[\"products\\/pla-product-02.jpg\",\"products\\/pla-product-03.jpg\",\"products\\/product-16.jpg\",\"products\\/product-81.jpg\"]'),(287,10,NULL,NULL,65,4,'Best ecommerce CMS online store!','published','2025-06-09 17:17:57','2025-06-09 17:17:57','[\"products\\/product-66.jpg\",\"products\\/product-73.jpg\",\"products\\/product-78.jpg\"]'),(290,1,NULL,NULL,46,5,'As a developer I reviewed this script. This is really awesome ecommerce script. I have convinced when I noticed that it\'s built on fully WordPress concept.','published','2025-06-09 17:17:57','2025-06-09 17:17:57','[\"products\\/product-35.jpg\",\"products\\/product-75.jpg\",\"products\\/product-93.jpg\",\"products\\/product-95.jpg\"]'),(291,4,NULL,NULL,5,3,'Ok good product. I have some issues in customizations. But its not correct to blame the developer. The product is good. Good luck for your business.','published','2025-06-09 17:17:57','2025-06-09 17:17:57','[\"products\\/pla-product-02.jpg\",\"products\\/product-14.jpg\"]'),(292,2,NULL,NULL,45,5,'Best ecommerce CMS online store!','published','2025-06-09 17:17:57','2025-06-09 17:17:57','[\"products\\/product-28.jpg\",\"products\\/product-38.jpg\",\"products\\/product-84.jpg\"]'),(293,5,NULL,NULL,1,4,'Great system, great support, good job Botble. I\'m looking forward to more great functional plugins.','published','2025-06-09 17:17:57','2025-06-09 17:17:57','[\"products\\/product-79.jpg\"]'),(294,4,NULL,NULL,31,3,'Customer Support are grade (A*), however the code is a way too over engineered for it\'s purpose.','published','2025-06-09 17:17:57','2025-06-09 17:17:57','[\"products\\/product-18.jpg\",\"products\\/product-19.jpg\",\"products\\/product-86.jpg\"]'),(297,8,NULL,NULL,12,1,'As a developer I reviewed this script. This is really awesome ecommerce script. I have convinced when I noticed that it\'s built on fully WordPress concept.','published','2025-06-09 17:17:57','2025-06-09 17:17:57','[\"products\\/product-26.jpg\",\"products\\/product-57.jpg\"]'),(300,10,NULL,NULL,9,3,'Second or third time that I buy a Botble product, happy with the products and support. You guys do a good job :)','published','2025-06-09 17:17:57','2025-06-09 17:17:57','[\"products\\/product-21.jpg\",\"products\\/product-84.jpg\"]'),(301,9,NULL,NULL,10,5,'These guys are amazing! Responses immediately, amazing support and help... I immediately feel at ease after Purchasing..','published','2025-06-09 17:17:57','2025-06-09 17:17:57','[\"products\\/product-25.jpg\",\"products\\/product-76.jpg\"]'),(302,6,NULL,NULL,73,1,'Good app, good backup service and support. Good documentation.','published','2025-06-09 17:17:57','2025-06-09 17:17:57','[\"products\\/product-93.jpg\"]'),(304,8,NULL,NULL,8,4,'Second or third time that I buy a Botble product, happy with the products and support. You guys do a good job :)','published','2025-06-09 17:17:57','2025-06-09 17:17:57','[\"products\\/product-67.jpg\",\"products\\/product-94.jpg\"]'),(305,3,NULL,NULL,11,2,'Cool template. Excellent code quality. The support responds very quickly, which is very rare on themeforest and codecanyon.net, I buy a lot of templates, and everyone will have a response from technical support for two or three days. Thanks to tech support. I recommend to buy.','published','2025-06-09 17:17:57','2025-06-09 17:17:57','[\"products\\/product-25.jpg\"]'),(306,3,NULL,NULL,15,3,'This web app is really good in design, code quality & features. Besides, the customer support provided by the Botble team was really fast & helpful. You guys are awesome!','published','2025-06-09 17:17:57','2025-06-09 17:17:57','[\"products\\/product-8.jpg\"]'),(307,10,NULL,NULL,75,5,'Those guys now what they are doing, the release such a good product that it\'s a pleasure to work with ! Even when I was stuck on the project, I created a ticket and the next day it was replied by the team. GOOD JOB guys. I love working with them :)','published','2025-06-09 17:17:57','2025-06-09 17:17:57','[\"products\\/product-8.jpg\",\"products\\/product-32.jpg\",\"products\\/product-54.jpg\",\"products\\/product-58.jpg\"]'),(314,6,NULL,NULL,10,3,'Second or third time that I buy a Botble product, happy with the products and support. You guys do a good job :)','published','2025-06-09 17:17:57','2025-06-09 17:17:57','[\"products\\/product-67.jpg\"]'),(315,1,NULL,NULL,22,5,'Very enthusiastic support! Excellent code is written. It\'s a true pleasure working with.','published','2025-06-09 17:17:57','2025-06-09 17:17:57','[\"products\\/product-22.jpg\"]'),(316,2,NULL,NULL,38,2,'The code is good, in general, if you like it, can you give it 5 stars?','published','2025-06-09 17:17:57','2025-06-09 17:17:57','[\"products\\/product-6.jpg\",\"products\\/product-65.jpg\"]'),(317,7,NULL,NULL,39,3,'This script is well coded and is super fast. The support is pretty quick. Very patient and helpful team. I strongly recommend it and they deserve more than 5 stars.','published','2025-06-09 17:17:57','2025-06-09 17:17:57','[\"products\\/product-15.jpg\",\"products\\/product-23.jpg\",\"products\\/product-51.jpg\",\"products\\/product-76.jpg\"]'),(318,9,NULL,NULL,51,2,'The script is the best of its class, fast, easy to implement and work with , and the most important thing is the great support team , Recommend with no doubt.','published','2025-06-09 17:17:57','2025-06-09 17:17:57','[\"products\\/product-11.jpg\"]'),(319,8,NULL,NULL,60,5,'For me the best eCommerce script on Envato at this moment: modern, clean code, a lot of great features. The customer support is great too: I always get an answer within hours!','published','2025-06-09 17:17:57','2025-06-09 17:17:57','[\"products\\/pla-product-02.jpg\",\"products\\/product-42.jpg\",\"products\\/product-52.jpg\"]'),(320,3,NULL,NULL,29,1,'We have received brilliant service support and will be expanding the features with the developer. Nice product!','published','2025-06-09 17:17:57','2025-06-09 17:17:57','[\"products\\/product-32.jpg\",\"products\\/product-51.jpg\",\"products\\/product-57.jpg\"]'),(323,8,NULL,NULL,4,5,'Very enthusiastic support! Excellent code is written. It\'s a true pleasure working with.','published','2025-06-09 17:17:57','2025-06-09 17:17:57','[\"products\\/product-6.jpg\",\"products\\/product-35.jpg\"]'),(324,8,NULL,NULL,17,3,'Amazing code, amazing support. Overall, im really confident in Botble and im happy I made the right choice! Thank you so much guys for coding this masterpiece','published','2025-06-09 17:17:57','2025-06-09 17:17:57','[\"products\\/product-37.jpg\",\"products\\/product-44.jpg\"]'),(325,8,NULL,NULL,66,2,'Very enthusiastic support! Excellent code is written. It\'s a true pleasure working with.','published','2025-06-09 17:17:57','2025-06-09 17:17:57','[\"products\\/product-8.jpg\",\"products\\/product-23.jpg\"]'),(331,6,NULL,NULL,57,4,'Great E-commerce system. And much more : Wonderful Customer Support.','published','2025-06-09 17:17:57','2025-06-09 17:17:57','[\"products\\/product-18.jpg\"]'),(332,1,NULL,NULL,35,1,'Amazing code, amazing support. Overall, im really confident in Botble and im happy I made the right choice! Thank you so much guys for coding this masterpiece','published','2025-06-09 17:17:57','2025-06-09 17:17:57','[\"products\\/product-93.jpg\"]'),(336,5,NULL,NULL,23,2,'Cool template. Excellent code quality. The support responds very quickly, which is very rare on themeforest and codecanyon.net, I buy a lot of templates, and everyone will have a response from technical support for two or three days. Thanks to tech support. I recommend to buy.','published','2025-06-09 17:17:57','2025-06-09 17:17:57','[\"products\\/product-38.jpg\"]'),(337,3,NULL,NULL,20,3,'These guys are amazing! Responses immediately, amazing support and help... I immediately feel at ease after Purchasing..','published','2025-06-09 17:17:57','2025-06-09 17:17:57','[\"products\\/product-69.jpg\",\"products\\/product-75.jpg\"]'),(339,10,NULL,NULL,50,3,'Great E-commerce system. And much more : Wonderful Customer Support.','published','2025-06-09 17:17:57','2025-06-09 17:17:57','[\"products\\/product-4.jpg\",\"products\\/product-23.jpg\",\"products\\/product-69.jpg\",\"products\\/product-76.jpg\"]'),(340,10,NULL,NULL,48,3,'These guys are amazing! Responses immediately, amazing support and help... I immediately feel at ease after Purchasing..','published','2025-06-09 17:17:57','2025-06-09 17:17:57','[\"products\\/product-14.jpg\",\"products\\/product-80.jpg\"]'),(344,7,NULL,NULL,56,3,'These guys are amazing! Responses immediately, amazing support and help... I immediately feel at ease after Purchasing..','published','2025-06-09 17:17:57','2025-06-09 17:17:57','[\"products\\/product-12.jpg\",\"products\\/product-87.jpg\"]'),(348,4,NULL,NULL,52,1,'The script is the best of its class, fast, easy to implement and work with , and the most important thing is the great support team , Recommend with no doubt.','published','2025-06-09 17:17:57','2025-06-09 17:17:57','[\"products\\/product-4.jpg\",\"products\\/product-29.jpg\",\"products\\/product-65.jpg\"]'),(349,6,NULL,NULL,45,5,'These guys are amazing! Responses immediately, amazing support and help... I immediately feel at ease after Purchasing..','published','2025-06-09 17:17:57','2025-06-09 17:17:57','[\"products\\/product-31.jpg\",\"products\\/product-44.jpg\",\"products\\/product-74.jpg\",\"products\\/product-82.jpg\"]'),(350,1,NULL,NULL,21,5,'Solution is too robust for our purpose so we didn\'t use it at the end. But I appreciate customer support during initial configuration.','published','2025-06-09 17:17:57','2025-06-09 17:17:57','[\"products\\/product-29.jpg\",\"products\\/product-52.jpg\",\"products\\/product-55.jpg\"]'),(351,5,NULL,NULL,33,5,'This script is well coded and is super fast. The support is pretty quick. Very patient and helpful team. I strongly recommend it and they deserve more than 5 stars.','published','2025-06-09 17:17:57','2025-06-09 17:17:57','[\"products\\/pla-product-04.jpg\",\"products\\/product-1.jpg\",\"products\\/product-4.jpg\",\"products\\/product-55.jpg\"]'),(352,5,NULL,NULL,73,2,'Great E-commerce system. And much more : Wonderful Customer Support.','published','2025-06-09 17:17:57','2025-06-09 17:17:57','[\"products\\/product-23.jpg\",\"products\\/product-34.jpg\",\"products\\/product-40.jpg\",\"products\\/product-72.jpg\"]'),(353,7,NULL,NULL,33,4,'Great system, great support, good job Botble. I\'m looking forward to more great functional plugins.','published','2025-06-09 17:17:57','2025-06-09 17:17:57','[\"products\\/product-37.jpg\"]'),(354,9,NULL,NULL,2,5,'The best ecommerce CMS! Excellent coding! best support service! Thank you so much..... I really like your hard work.','published','2025-06-09 17:17:57','2025-06-09 17:17:57','[\"products\\/product-27.jpg\",\"products\\/product-44.jpg\",\"products\\/product-51.jpg\"]'),(355,5,NULL,NULL,70,1,'This script is well coded and is super fast. The support is pretty quick. Very patient and helpful team. I strongly recommend it and they deserve more than 5 stars.','published','2025-06-09 17:17:57','2025-06-09 17:17:57','[\"products\\/product-55.jpg\",\"products\\/product-70.jpg\",\"products\\/product-74.jpg\"]'),(356,3,NULL,NULL,62,3,'Solution is too robust for our purpose so we didn\'t use it at the end. But I appreciate customer support during initial configuration.','published','2025-06-09 17:17:57','2025-06-09 17:17:57','[\"products\\/product-56.jpg\",\"products\\/product-59.jpg\",\"products\\/product-67.jpg\",\"products\\/product-70.jpg\"]'),(357,9,NULL,NULL,35,1,'Great system, great support, good job Botble. I\'m looking forward to more great functional plugins.','published','2025-06-09 17:17:57','2025-06-09 17:17:57','[\"products\\/product-40.jpg\"]'),(359,2,NULL,NULL,71,4,'I Love this Script. I also found how to add other fees. Now I just wait the BIG update for the Marketplace with the Bulk Import. Just do not forget to make it to be Multi-language for us the Botble Fans.','published','2025-06-09 17:17:57','2025-06-09 17:17:57','[\"products\\/product-13.jpg\"]'),(360,2,NULL,NULL,22,2,'Amazing code, amazing support. Overall, im really confident in Botble and im happy I made the right choice! Thank you so much guys for coding this masterpiece','published','2025-06-09 17:17:57','2025-06-09 17:17:57','[\"products\\/product-4.jpg\",\"products\\/product-72.jpg\",\"products\\/product-74.jpg\",\"products\\/product-83.jpg\"]'),(362,8,NULL,NULL,70,3,'Those guys now what they are doing, the release such a good product that it\'s a pleasure to work with ! Even when I was stuck on the project, I created a ticket and the next day it was replied by the team. GOOD JOB guys. I love working with them :)','published','2025-06-09 17:17:57','2025-06-09 17:17:57','[\"products\\/product-81.jpg\"]'),(363,3,NULL,NULL,24,2,'I Love this Script. I also found how to add other fees. Now I just wait the BIG update for the Marketplace with the Bulk Import. Just do not forget to make it to be Multi-language for us the Botble Fans.','published','2025-06-09 17:17:57','2025-06-09 17:17:57','[\"products\\/product-34.jpg\",\"products\\/product-85.jpg\"]'),(364,4,NULL,NULL,10,1,'Great system, great support, good job Botble. I\'m looking forward to more great functional plugins.','published','2025-06-09 17:17:57','2025-06-09 17:17:57','[\"products\\/pla-product-03.jpg\",\"products\\/product-1.jpg\",\"products\\/product-25.jpg\"]'),(366,7,NULL,NULL,10,4,'The best ecommerce CMS! Excellent coding! best support service! Thank you so much..... I really like your hard work.','published','2025-06-09 17:17:57','2025-06-09 17:17:57','[\"products\\/product-47.jpg\",\"products\\/product-49.jpg\",\"products\\/product-68.jpg\"]'),(367,9,NULL,NULL,29,4,'This script is well coded and is super fast. The support is pretty quick. Very patient and helpful team. I strongly recommend it and they deserve more than 5 stars.','published','2025-06-09 17:17:57','2025-06-09 17:17:57','[\"products\\/product-16.jpg\"]'),(369,5,NULL,NULL,69,5,'For me the best eCommerce script on Envato at this moment: modern, clean code, a lot of great features. The customer support is great too: I always get an answer within hours!','published','2025-06-09 17:17:57','2025-06-09 17:17:57','[\"products\\/product-38.jpg\",\"products\\/product-50.jpg\"]'),(370,9,NULL,NULL,49,3,'Cool template. Excellent code quality. The support responds very quickly, which is very rare on themeforest and codecanyon.net, I buy a lot of templates, and everyone will have a response from technical support for two or three days. Thanks to tech support. I recommend to buy.','published','2025-06-09 17:17:57','2025-06-09 17:17:57','[\"products\\/product-26.jpg\",\"products\\/product-49.jpg\",\"products\\/product-72.jpg\",\"products\\/product-80.jpg\"]'),(371,10,NULL,NULL,49,3,'The code is good, in general, if you like it, can you give it 5 stars?','published','2025-06-09 17:17:57','2025-06-09 17:17:57','[\"products\\/product-2.jpg\",\"products\\/product-31.jpg\"]'),(373,7,NULL,NULL,35,4,'This web app is really good in design, code quality & features. Besides, the customer support provided by the Botble team was really fast & helpful. You guys are awesome!','published','2025-06-09 17:17:57','2025-06-09 17:17:57','[\"products\\/product-64.jpg\",\"products\\/product-69.jpg\",\"products\\/product-71.jpg\"]'),(374,5,NULL,NULL,25,1,'These guys are amazing! Responses immediately, amazing support and help... I immediately feel at ease after Purchasing..','published','2025-06-09 17:17:57','2025-06-09 17:17:57','[\"products\\/product-38.jpg\",\"products\\/product-43.jpg\",\"products\\/product-52.jpg\"]'),(378,8,NULL,NULL,31,4,'The best ecommerce CMS! Excellent coding! best support service! Thank you so much..... I really like your hard work.','published','2025-06-09 17:17:57','2025-06-09 17:17:57','[\"products\\/product-29.jpg\",\"products\\/product-31.jpg\",\"products\\/product-56.jpg\",\"products\\/product-89.jpg\"]'),(382,10,NULL,NULL,45,3,'I Love this Script. I also found how to add other fees. Now I just wait the BIG update for the Marketplace with the Bulk Import. Just do not forget to make it to be Multi-language for us the Botble Fans.','published','2025-06-09 17:17:57','2025-06-09 17:17:57','[\"products\\/product-37.jpg\",\"products\\/product-64.jpg\",\"products\\/product-82.jpg\"]'),(384,7,NULL,NULL,68,3,'Amazing code, amazing support. Overall, im really confident in Botble and im happy I made the right choice! Thank you so much guys for coding this masterpiece','published','2025-06-09 17:17:57','2025-06-09 17:17:57','[\"products\\/product-59.jpg\",\"products\\/product-92.jpg\"]'),(385,8,NULL,NULL,27,4,'The best ecommerce CMS! Excellent coding! best support service! Thank you so much..... I really like your hard work.','published','2025-06-09 17:17:57','2025-06-09 17:17:57','[\"products\\/product-25.jpg\",\"products\\/product-56.jpg\"]'),(386,7,NULL,NULL,26,2,'Good app, good backup service and support. Good documentation.','published','2025-06-09 17:17:57','2025-06-09 17:17:57','[\"products\\/product-71.jpg\",\"products\\/product-86.jpg\",\"products\\/product-89.jpg\"]'),(387,3,NULL,NULL,51,2,'Clean & perfect source code','published','2025-06-09 17:17:57','2025-06-09 17:17:57','[\"products\\/product-45.jpg\",\"products\\/product-69.jpg\"]'),(390,2,NULL,NULL,63,5,'Perfect +++++++++ i love it really also i get to fast ticket answers... Thanks Lot BOTBLE Teams','published','2025-06-09 17:17:57','2025-06-09 17:17:57','[\"products\\/product-19.jpg\"]'),(391,7,NULL,NULL,29,2,'We have received brilliant service support and will be expanding the features with the developer. Nice product!','published','2025-06-09 17:17:57','2025-06-09 17:17:57','[\"products\\/product-81.jpg\"]'),(392,1,NULL,NULL,11,3,'I Love this Script. I also found how to add other fees. Now I just wait the BIG update for the Marketplace with the Bulk Import. Just do not forget to make it to be Multi-language for us the Botble Fans.','published','2025-06-09 17:17:57','2025-06-09 17:17:57','[\"products\\/product-35.jpg\",\"products\\/product-70.jpg\",\"products\\/product-91.jpg\"]'),(393,2,NULL,NULL,48,5,'Cool template. Excellent code quality. The support responds very quickly, which is very rare on themeforest and codecanyon.net, I buy a lot of templates, and everyone will have a response from technical support for two or three days. Thanks to tech support. I recommend to buy.','published','2025-06-09 17:17:57','2025-06-09 17:17:57','[\"products\\/product-6.jpg\",\"products\\/product-16.jpg\",\"products\\/product-40.jpg\"]'),(394,4,NULL,NULL,12,4,'As a developer I reviewed this script. This is really awesome ecommerce script. I have convinced when I noticed that it\'s built on fully WordPress concept.','published','2025-06-09 17:17:57','2025-06-09 17:17:57','[\"products\\/product-25.jpg\"]'),(395,6,NULL,NULL,11,3,'Very enthusiastic support! Excellent code is written. It\'s a true pleasure working with.','published','2025-06-09 17:17:57','2025-06-09 17:17:57','[\"products\\/product-9.jpg\",\"products\\/product-45.jpg\",\"products\\/product-75.jpg\",\"products\\/product-88.jpg\"]'),(397,4,NULL,NULL,9,4,'Cool template. Excellent code quality. The support responds very quickly, which is very rare on themeforest and codecanyon.net, I buy a lot of templates, and everyone will have a response from technical support for two or three days. Thanks to tech support. I recommend to buy.','published','2025-06-09 17:17:57','2025-06-09 17:17:57','[\"products\\/product-10.jpg\",\"products\\/product-23.jpg\",\"products\\/product-51.jpg\"]'),(398,8,NULL,NULL,49,2,'The script is the best of its class, fast, easy to implement and work with , and the most important thing is the great support team , Recommend with no doubt.','published','2025-06-09 17:17:57','2025-06-09 17:17:57','[\"products\\/product-20.jpg\",\"products\\/product-47.jpg\"]'),(402,4,NULL,NULL,54,4,'Great E-commerce system. And much more : Wonderful Customer Support.','published','2025-06-09 17:17:57','2025-06-09 17:17:57','[\"products\\/product-63.jpg\"]'),(404,2,NULL,NULL,18,4,'This web app is really good in design, code quality & features. Besides, the customer support provided by the Botble team was really fast & helpful. You guys are awesome!','published','2025-06-09 17:17:57','2025-06-09 17:17:57','[\"products\\/pla-product-03.jpg\",\"products\\/product-85.jpg\"]'),(405,2,NULL,NULL,1,5,'Great system, great support, good job Botble. I\'m looking forward to more great functional plugins.','published','2025-06-09 17:17:57','2025-06-09 17:17:57','[\"products\\/product-67.jpg\",\"products\\/product-75.jpg\",\"products\\/product-83.jpg\"]'),(407,5,NULL,NULL,44,1,'The best store template! Excellent coding! Very good support! Thank you so much for all the help, I really appreciated.','published','2025-06-09 17:17:57','2025-06-09 17:17:57','[\"products\\/product-31.jpg\"]'),(408,7,NULL,NULL,15,3,'Great system, great support, good job Botble. I\'m looking forward to more great functional plugins.','published','2025-06-09 17:17:57','2025-06-09 17:17:57','[\"products\\/product-12.jpg\",\"products\\/product-25.jpg\"]'),(411,8,NULL,NULL,54,1,'The code is good, in general, if you like it, can you give it 5 stars?','published','2025-06-09 17:17:57','2025-06-09 17:17:57','[\"products\\/product-25.jpg\",\"products\\/product-29.jpg\"]'),(412,10,NULL,NULL,54,2,'Amazing code, amazing support. Overall, im really confident in Botble and im happy I made the right choice! Thank you so much guys for coding this masterpiece','published','2025-06-09 17:17:57','2025-06-09 17:17:57','[\"products\\/product-2.jpg\",\"products\\/product-10.jpg\",\"products\\/product-15.jpg\",\"products\\/product-92.jpg\"]'),(413,3,NULL,NULL,37,5,'Solution is too robust for our purpose so we didn\'t use it at the end. But I appreciate customer support during initial configuration.','published','2025-06-09 17:17:57','2025-06-09 17:17:57','[\"products\\/product-24.jpg\",\"products\\/product-27.jpg\"]'),(414,5,NULL,NULL,28,5,'Cool template. Excellent code quality. The support responds very quickly, which is very rare on themeforest and codecanyon.net, I buy a lot of templates, and everyone will have a response from technical support for two or three days. Thanks to tech support. I recommend to buy.','published','2025-06-09 17:17:57','2025-06-09 17:17:57','[\"products\\/product-22.jpg\",\"products\\/product-34.jpg\",\"products\\/product-47.jpg\"]'),(415,3,NULL,NULL,4,3,'As a developer I reviewed this script. This is really awesome ecommerce script. I have convinced when I noticed that it\'s built on fully WordPress concept.','published','2025-06-09 17:17:57','2025-06-09 17:17:57','[\"products\\/product-40.jpg\"]'),(416,6,NULL,NULL,26,1,'Solution is too robust for our purpose so we didn\'t use it at the end. But I appreciate customer support during initial configuration.','published','2025-06-09 17:17:57','2025-06-09 17:17:57','[\"products\\/product-7.jpg\",\"products\\/product-37.jpg\",\"products\\/product-87.jpg\",\"products\\/product-92.jpg\"]'),(417,6,NULL,NULL,12,1,'As a developer I reviewed this script. This is really awesome ecommerce script. I have convinced when I noticed that it\'s built on fully WordPress concept.','published','2025-06-09 17:17:57','2025-06-09 17:17:57','[\"products\\/product-79.jpg\"]'),(419,1,NULL,NULL,61,2,'Great E-commerce system. And much more : Wonderful Customer Support.','published','2025-06-09 17:17:57','2025-06-09 17:17:57','[\"products\\/product-6.jpg\",\"products\\/product-73.jpg\"]'),(420,2,NULL,NULL,35,2,'Customer Support are grade (A*), however the code is a way too over engineered for it\'s purpose.','published','2025-06-09 17:17:57','2025-06-09 17:17:57','[\"products\\/pla-product-02.jpg\",\"products\\/product-3.jpg\",\"products\\/product-58.jpg\",\"products\\/product-93.jpg\"]'),(422,10,NULL,NULL,55,3,'Best ecommerce CMS online store!','published','2025-06-09 17:17:57','2025-06-09 17:17:57','[\"products\\/product-27.jpg\",\"products\\/product-53.jpg\"]'),(424,2,NULL,NULL,19,1,'The script is the best of its class, fast, easy to implement and work with , and the most important thing is the great support team , Recommend with no doubt.','published','2025-06-09 17:17:57','2025-06-09 17:17:57','[\"products\\/product-63.jpg\",\"products\\/product-68.jpg\"]'),(426,1,NULL,NULL,68,3,'Amazing code, amazing support. Overall, im really confident in Botble and im happy I made the right choice! Thank you so much guys for coding this masterpiece','published','2025-06-09 17:17:57','2025-06-09 17:17:57','[\"products\\/product-20.jpg\",\"products\\/product-61.jpg\",\"products\\/product-75.jpg\",\"products\\/product-86.jpg\"]'),(430,3,NULL,NULL,13,3,'It\'s not my first experience here on Codecanyon and I can honestly tell you all that Botble puts a LOT of effort into the support. They answer so fast, they helped me tons of times. REALLY by far THE BEST EXPERIENCE on Codecanyon. Those guys at Botble are so good that they deserve 5 stars. I recommend them, I trust them and I can\'t wait to see what they will sell in a near future. Thank you Botble :)','published','2025-06-09 17:17:57','2025-06-09 17:17:57','[\"products\\/product-3.jpg\",\"products\\/product-24.jpg\",\"products\\/product-48.jpg\"]'),(431,1,NULL,NULL,63,1,'Cool template. Excellent code quality. The support responds very quickly, which is very rare on themeforest and codecanyon.net, I buy a lot of templates, and everyone will have a response from technical support for two or three days. Thanks to tech support. I recommend to buy.','published','2025-06-09 17:17:57','2025-06-09 17:17:57','[\"products\\/product-10.jpg\",\"products\\/product-40.jpg\",\"products\\/product-47.jpg\",\"products\\/product-85.jpg\"]'),(439,7,NULL,NULL,45,3,'This script is well coded and is super fast. The support is pretty quick. Very patient and helpful team. I strongly recommend it and they deserve more than 5 stars.','published','2025-06-09 17:17:57','2025-06-09 17:17:57','[\"products\\/product-65.jpg\",\"products\\/product-90.jpg\"]'),(441,4,NULL,NULL,64,2,'Those guys now what they are doing, the release such a good product that it\'s a pleasure to work with ! Even when I was stuck on the project, I created a ticket and the next day it was replied by the team. GOOD JOB guys. I love working with them :)','published','2025-06-09 17:17:57','2025-06-09 17:17:57','[\"products\\/pla-product-02.jpg\"]'),(444,7,NULL,NULL,48,4,'Best ecommerce CMS online store!','published','2025-06-09 17:17:57','2025-06-09 17:17:57','[\"products\\/pla-product-01.jpg\",\"products\\/product-77.jpg\",\"products\\/product-78.jpg\"]'),(445,2,NULL,NULL,61,5,'Amazing code, amazing support. Overall, im really confident in Botble and im happy I made the right choice! Thank you so much guys for coding this masterpiece','published','2025-06-09 17:17:57','2025-06-09 17:17:57','[\"products\\/product-26.jpg\",\"products\\/product-36.jpg\",\"products\\/product-69.jpg\"]'),(446,4,NULL,NULL,57,1,'Customer Support are grade (A*), however the code is a way too over engineered for it\'s purpose.','published','2025-06-09 17:17:57','2025-06-09 17:17:57','[\"products\\/product-4.jpg\",\"products\\/product-12.jpg\",\"products\\/product-27.jpg\",\"products\\/product-49.jpg\"]'),(449,8,NULL,NULL,65,1,'This script is well coded and is super fast. The support is pretty quick. Very patient and helpful team. I strongly recommend it and they deserve more than 5 stars.','published','2025-06-09 17:17:57','2025-06-09 17:17:57','[\"products\\/product-69.jpg\",\"products\\/product-70.jpg\"]'),(450,4,NULL,NULL,40,1,'The code is good, in general, if you like it, can you give it 5 stars?','published','2025-06-09 17:17:57','2025-06-09 17:17:57','[\"products\\/product-17.jpg\"]'),(451,8,NULL,NULL,30,5,'Second or third time that I buy a Botble product, happy with the products and support. You guys do a good job :)','published','2025-06-09 17:17:57','2025-06-09 17:17:57','[\"products\\/product-95.jpg\"]'),(452,9,NULL,NULL,18,5,'Good app, good backup service and support. Good documentation.','published','2025-06-09 17:17:57','2025-06-09 17:17:57','[\"products\\/product-11.jpg\",\"products\\/product-58.jpg\"]'),(453,2,NULL,NULL,13,5,'Ok good product. I have some issues in customizations. But its not correct to blame the developer. The product is good. Good luck for your business.','published','2025-06-09 17:17:57','2025-06-09 17:17:57','[\"products\\/product-7.jpg\",\"products\\/product-90.jpg\"]'),(456,5,NULL,NULL,12,4,'Solution is too robust for our purpose so we didn\'t use it at the end. But I appreciate customer support during initial configuration.','published','2025-06-09 17:17:57','2025-06-09 17:17:57','[\"products\\/product-6.jpg\",\"products\\/product-43.jpg\",\"products\\/product-95.jpg\"]'),(458,5,NULL,NULL,55,5,'We have received brilliant service support and will be expanding the features with the developer. Nice product!','published','2025-06-09 17:17:57','2025-06-09 17:17:57','[\"products\\/product-65.jpg\"]'),(462,1,NULL,NULL,17,4,'Amazing code, amazing support. Overall, im really confident in Botble and im happy I made the right choice! Thank you so much guys for coding this masterpiece','published','2025-06-09 17:17:57','2025-06-09 17:17:57','[\"products\\/product-31.jpg\",\"products\\/product-58.jpg\",\"products\\/product-73.jpg\"]'),(463,10,NULL,NULL,2,1,'Best ecommerce CMS online store!','published','2025-06-09 17:17:57','2025-06-09 17:17:57','[\"products\\/product-82.jpg\"]'),(465,7,NULL,NULL,36,2,'Best ecommerce CMS online store!','published','2025-06-09 17:17:57','2025-06-09 17:17:57','[\"products\\/product-31.jpg\",\"products\\/product-69.jpg\"]'),(467,4,NULL,NULL,3,3,'This web app is really good in design, code quality & features. Besides, the customer support provided by the Botble team was really fast & helpful. You guys are awesome!','published','2025-06-09 17:17:57','2025-06-09 17:17:57','[\"products\\/product-8.jpg\",\"products\\/product-19.jpg\",\"products\\/product-49.jpg\",\"products\\/product-81.jpg\"]'),(470,3,NULL,NULL,46,3,'Great system, great support, good job Botble. I\'m looking forward to more great functional plugins.','published','2025-06-09 17:17:57','2025-06-09 17:17:57','[\"products\\/product-75.jpg\",\"products\\/product-93.jpg\",\"products\\/product-94.jpg\"]'),(472,6,NULL,NULL,71,3,'Amazing code, amazing support. Overall, im really confident in Botble and im happy I made the right choice! Thank you so much guys for coding this masterpiece','published','2025-06-09 17:17:57','2025-06-09 17:17:57','[\"products\\/product-3.jpg\",\"products\\/product-10.jpg\",\"products\\/product-26.jpg\",\"products\\/product-36.jpg\"]'),(473,4,NULL,NULL,18,5,'These guys are amazing! Responses immediately, amazing support and help... I immediately feel at ease after Purchasing..','published','2025-06-09 17:17:57','2025-06-09 17:17:57','[\"products\\/product-39.jpg\",\"products\\/product-67.jpg\"]'),(475,3,NULL,NULL,21,5,'Good app, good backup service and support. Good documentation.','published','2025-06-09 17:17:57','2025-06-09 17:17:57','[\"products\\/pla-product-04.jpg\",\"products\\/product-34.jpg\"]'),(477,5,NULL,NULL,18,5,'I Love this Script. I also found how to add other fees. Now I just wait the BIG update for the Marketplace with the Bulk Import. Just do not forget to make it to be Multi-language for us the Botble Fans.','published','2025-06-09 17:17:57','2025-06-09 17:17:57','[\"products\\/product-19.jpg\",\"products\\/product-42.jpg\",\"products\\/product-81.jpg\"]'),(478,7,NULL,NULL,61,4,'Amazing code, amazing support. Overall, im really confident in Botble and im happy I made the right choice! Thank you so much guys for coding this masterpiece','published','2025-06-09 17:17:57','2025-06-09 17:17:57','[\"products\\/product-12.jpg\",\"products\\/product-32.jpg\",\"products\\/product-68.jpg\",\"products\\/product-91.jpg\"]'),(480,4,NULL,NULL,70,4,'Customer Support are grade (A*), however the code is a way too over engineered for it\'s purpose.','published','2025-06-09 17:17:57','2025-06-09 17:17:57','[\"products\\/product-3.jpg\",\"products\\/product-43.jpg\",\"products\\/product-48.jpg\",\"products\\/product-56.jpg\"]'),(481,5,NULL,NULL,6,4,'Second or third time that I buy a Botble product, happy with the products and support. You guys do a good job :)','published','2025-06-09 17:17:57','2025-06-09 17:17:57','[\"products\\/product-30.jpg\",\"products\\/product-40.jpg\"]'),(482,3,NULL,NULL,49,4,'We have received brilliant service support and will be expanding the features with the developer. Nice product!','published','2025-06-09 17:17:57','2025-06-09 17:17:57','[\"products\\/product-26.jpg\",\"products\\/product-32.jpg\",\"products\\/product-63.jpg\",\"products\\/product-78.jpg\"]'),(483,9,NULL,NULL,40,1,'Amazing code, amazing support. Overall, im really confident in Botble and im happy I made the right choice! Thank you so much guys for coding this masterpiece','published','2025-06-09 17:17:57','2025-06-09 17:17:57','[\"products\\/product-20.jpg\",\"products\\/product-85.jpg\"]'),(484,5,NULL,NULL,16,2,'Perfect +++++++++ i love it really also i get to fast ticket answers... Thanks Lot BOTBLE Teams','published','2025-06-09 17:17:57','2025-06-09 17:17:57','[\"products\\/product-16.jpg\",\"products\\/product-51.jpg\",\"products\\/product-82.jpg\"]'),(485,10,NULL,NULL,12,3,'Good app, good backup service and support. Good documentation.','published','2025-06-09 17:17:57','2025-06-09 17:17:57','[\"products\\/product-5.jpg\",\"products\\/product-46.jpg\"]'),(488,1,NULL,NULL,59,5,'The code is good, in general, if you like it, can you give it 5 stars?','published','2025-06-09 17:17:57','2025-06-09 17:17:57','[\"products\\/product-36.jpg\",\"products\\/product-63.jpg\"]'),(489,2,NULL,NULL,32,3,'Customer Support are grade (A*), however the code is a way too over engineered for it\'s purpose.','published','2025-06-09 17:17:57','2025-06-09 17:17:57','[\"products\\/product-85.jpg\"]'),(490,6,NULL,NULL,63,1,'Perfect +++++++++ i love it really also i get to fast ticket answers... Thanks Lot BOTBLE Teams','published','2025-06-09 17:17:57','2025-06-09 17:17:57','[\"products\\/product-11.jpg\",\"products\\/product-31.jpg\",\"products\\/product-54.jpg\",\"products\\/product-57.jpg\"]'),(493,8,NULL,NULL,39,5,'As a developer I reviewed this script. This is really awesome ecommerce script. I have convinced when I noticed that it\'s built on fully WordPress concept.','published','2025-06-09 17:17:57','2025-06-09 17:17:57','[\"products\\/product-65.jpg\"]'),(494,4,NULL,NULL,14,3,'Solution is too robust for our purpose so we didn\'t use it at the end. But I appreciate customer support during initial configuration.','published','2025-06-09 17:17:57','2025-06-09 17:17:57','[\"products\\/product-11.jpg\",\"products\\/product-22.jpg\",\"products\\/product-45.jpg\"]'),(495,2,NULL,NULL,64,2,'This script is well coded and is super fast. The support is pretty quick. Very patient and helpful team. I strongly recommend it and they deserve more than 5 stars.','published','2025-06-09 17:17:57','2025-06-09 17:17:57','[\"products\\/product-32.jpg\",\"products\\/product-37.jpg\",\"products\\/product-53.jpg\",\"products\\/product-63.jpg\"]'),(497,6,NULL,NULL,28,2,'For me the best eCommerce script on Envato at this moment: modern, clean code, a lot of great features. The customer support is great too: I always get an answer within hours!','published','2025-06-09 17:17:57','2025-06-09 17:17:57','[\"products\\/pla-product-02.jpg\",\"products\\/product-11.jpg\",\"products\\/product-51.jpg\"]'),(498,6,NULL,NULL,36,3,'I Love this Script. I also found how to add other fees. Now I just wait the BIG update for the Marketplace with the Bulk Import. Just do not forget to make it to be Multi-language for us the Botble Fans.','published','2025-06-09 17:17:57','2025-06-09 17:17:57','[\"products\\/product-38.jpg\",\"products\\/product-68.jpg\"]'),(499,10,NULL,NULL,10,1,'This web app is really good in design, code quality & features. Besides, the customer support provided by the Botble team was really fast & helpful. You guys are awesome!','published','2025-06-09 17:17:57','2025-06-09 17:17:57','[\"products\\/product-51.jpg\"]'),(500,10,NULL,NULL,53,1,'The script is the best of its class, fast, easy to implement and work with , and the most important thing is the great support team , Recommend with no doubt.','published','2025-06-09 17:17:57','2025-06-09 17:17:57','[\"products\\/product-14.jpg\",\"products\\/product-80.jpg\",\"products\\/product-83.jpg\",\"products\\/product-84.jpg\"]'),(501,8,NULL,NULL,69,1,'For me the best eCommerce script on Envato at this moment: modern, clean code, a lot of great features. The customer support is great too: I always get an answer within hours!','published','2025-06-09 17:17:57','2025-06-09 17:17:57','[\"products\\/product-9.jpg\",\"products\\/product-10.jpg\",\"products\\/product-23.jpg\"]'),(502,1,NULL,NULL,45,5,'This script is well coded and is super fast. The support is pretty quick. Very patient and helpful team. I strongly recommend it and they deserve more than 5 stars.','published','2025-06-09 17:17:57','2025-06-09 17:17:57','[\"products\\/product-3.jpg\",\"products\\/product-12.jpg\",\"products\\/product-73.jpg\",\"products\\/product-79.jpg\"]'),(504,5,NULL,NULL,32,5,'Solution is too robust for our purpose so we didn\'t use it at the end. But I appreciate customer support during initial configuration.','published','2025-06-09 17:17:57','2025-06-09 17:17:57','[\"products\\/product-37.jpg\",\"products\\/product-46.jpg\",\"products\\/product-69.jpg\"]'),(508,1,NULL,NULL,23,2,'Perfect +++++++++ i love it really also i get to fast ticket answers... Thanks Lot BOTBLE Teams','published','2025-06-09 17:17:57','2025-06-09 17:17:57','[\"products\\/product-12.jpg\",\"products\\/product-65.jpg\",\"products\\/product-70.jpg\"]'),(511,8,NULL,NULL,55,4,'Those guys now what they are doing, the release such a good product that it\'s a pleasure to work with ! Even when I was stuck on the project, I created a ticket and the next day it was replied by the team. GOOD JOB guys. I love working with them :)','published','2025-06-09 17:17:57','2025-06-09 17:17:57','[\"products\\/product-4.jpg\"]'),(512,10,NULL,NULL,11,2,'This script is well coded and is super fast. The support is pretty quick. Very patient and helpful team. I strongly recommend it and they deserve more than 5 stars.','published','2025-06-09 17:17:57','2025-06-09 17:17:57','[\"products\\/product-53.jpg\",\"products\\/product-68.jpg\",\"products\\/product-89.jpg\"]'),(515,9,NULL,NULL,1,4,'Perfect +++++++++ i love it really also i get to fast ticket answers... Thanks Lot BOTBLE Teams','published','2025-06-09 17:17:57','2025-06-09 17:17:57','[\"products\\/product-5.jpg\",\"products\\/product-17.jpg\",\"products\\/product-69.jpg\",\"products\\/product-79.jpg\"]'),(518,9,NULL,NULL,24,3,'It\'s not my first experience here on Codecanyon and I can honestly tell you all that Botble puts a LOT of effort into the support. They answer so fast, they helped me tons of times. REALLY by far THE BEST EXPERIENCE on Codecanyon. Those guys at Botble are so good that they deserve 5 stars. I recommend them, I trust them and I can\'t wait to see what they will sell in a near future. Thank you Botble :)','published','2025-06-09 17:17:57','2025-06-09 17:17:57','[\"products\\/pla-product-01.jpg\",\"products\\/product-46.jpg\",\"products\\/product-71.jpg\"]'),(519,7,NULL,NULL,31,1,'Great E-commerce system. And much more : Wonderful Customer Support.','published','2025-06-09 17:17:57','2025-06-09 17:17:57','[\"products\\/product-50.jpg\"]'),(521,4,NULL,NULL,61,2,'Solution is too robust for our purpose so we didn\'t use it at the end. But I appreciate customer support during initial configuration.','published','2025-06-09 17:17:57','2025-06-09 17:17:57','[\"products\\/product-21.jpg\",\"products\\/product-47.jpg\",\"products\\/product-70.jpg\"]'),(522,3,NULL,NULL,6,4,'Great E-commerce system. And much more : Wonderful Customer Support.','published','2025-06-09 17:17:57','2025-06-09 17:17:57','[\"products\\/product-82.jpg\"]'),(523,5,NULL,NULL,57,3,'Amazing code, amazing support. Overall, im really confident in Botble and im happy I made the right choice! Thank you so much guys for coding this masterpiece','published','2025-06-09 17:17:57','2025-06-09 17:17:57','[\"products\\/product-28.jpg\",\"products\\/product-70.jpg\",\"products\\/product-72.jpg\"]'),(524,7,NULL,NULL,50,3,'Solution is too robust for our purpose so we didn\'t use it at the end. But I appreciate customer support during initial configuration.','published','2025-06-09 17:17:57','2025-06-09 17:17:57','[\"products\\/product-39.jpg\"]'),(528,2,NULL,NULL,17,1,'Customer Support are grade (A*), however the code is a way too over engineered for it\'s purpose.','published','2025-06-09 17:17:57','2025-06-09 17:17:57','[\"products\\/product-15.jpg\",\"products\\/product-47.jpg\",\"products\\/product-71.jpg\",\"products\\/product-80.jpg\"]'),(530,8,NULL,NULL,42,3,'The best ecommerce CMS! Excellent coding! best support service! Thank you so much..... I really like your hard work.','published','2025-06-09 17:17:57','2025-06-09 17:17:57','[\"products\\/product-23.jpg\",\"products\\/product-36.jpg\",\"products\\/product-73.jpg\",\"products\\/product-91.jpg\"]'),(531,6,NULL,NULL,62,2,'Those guys now what they are doing, the release such a good product that it\'s a pleasure to work with ! Even when I was stuck on the project, I created a ticket and the next day it was replied by the team. GOOD JOB guys. I love working with them :)','published','2025-06-09 17:17:57','2025-06-09 17:17:57','[\"products\\/product-31.jpg\",\"products\\/product-47.jpg\"]'),(532,3,NULL,NULL,53,3,'Best ecommerce CMS online store!','published','2025-06-09 17:17:57','2025-06-09 17:17:57','[\"products\\/product-17.jpg\",\"products\\/product-74.jpg\"]'),(534,9,NULL,NULL,28,3,'The best store template! Excellent coding! Very good support! Thank you so much for all the help, I really appreciated.','published','2025-06-09 17:17:57','2025-06-09 17:17:57','[\"products\\/product-35.jpg\"]'),(535,2,NULL,NULL,15,2,'I Love this Script. I also found how to add other fees. Now I just wait the BIG update for the Marketplace with the Bulk Import. Just do not forget to make it to be Multi-language for us the Botble Fans.','published','2025-06-09 17:17:57','2025-06-09 17:17:57','[\"products\\/product-54.jpg\",\"products\\/product-93.jpg\"]'),(538,9,NULL,NULL,16,5,'The code is good, in general, if you like it, can you give it 5 stars?','published','2025-06-09 17:17:57','2025-06-09 17:17:57','[\"products\\/product-36.jpg\",\"products\\/product-63.jpg\"]'),(540,7,NULL,NULL,54,5,'The best ecommerce CMS! Excellent coding! best support service! Thank you so much..... I really like your hard work.','published','2025-06-09 17:17:57','2025-06-09 17:17:57','[\"products\\/product-1.jpg\",\"products\\/product-30.jpg\",\"products\\/product-51.jpg\",\"products\\/product-67.jpg\"]'),(542,7,NULL,NULL,13,5,'Very enthusiastic support! Excellent code is written. It\'s a true pleasure working with.','published','2025-06-09 17:17:57','2025-06-09 17:17:57','[\"products\\/product-48.jpg\",\"products\\/product-84.jpg\"]'),(545,8,NULL,NULL,25,5,'Cool template. Excellent code quality. The support responds very quickly, which is very rare on themeforest and codecanyon.net, I buy a lot of templates, and everyone will have a response from technical support for two or three days. Thanks to tech support. I recommend to buy.','published','2025-06-09 17:17:57','2025-06-09 17:17:57','[\"products\\/product-88.jpg\"]'),(547,2,NULL,NULL,54,2,'Those guys now what they are doing, the release such a good product that it\'s a pleasure to work with ! Even when I was stuck on the project, I created a ticket and the next day it was replied by the team. GOOD JOB guys. I love working with them :)','published','2025-06-09 17:17:57','2025-06-09 17:17:57','[\"products\\/product-31.jpg\",\"products\\/product-38.jpg\",\"products\\/product-69.jpg\",\"products\\/product-76.jpg\"]'),(548,7,NULL,NULL,20,3,'It\'s not my first experience here on Codecanyon and I can honestly tell you all that Botble puts a LOT of effort into the support. They answer so fast, they helped me tons of times. REALLY by far THE BEST EXPERIENCE on Codecanyon. Those guys at Botble are so good that they deserve 5 stars. I recommend them, I trust them and I can\'t wait to see what they will sell in a near future. Thank you Botble :)','published','2025-06-09 17:17:57','2025-06-09 17:17:57','[\"products\\/product-2.jpg\",\"products\\/product-69.jpg\",\"products\\/product-74.jpg\"]'),(553,3,NULL,NULL,17,2,'Customer Support are grade (A*), however the code is a way too over engineered for it\'s purpose.','published','2025-06-09 17:17:57','2025-06-09 17:17:57','[\"products\\/product-4.jpg\",\"products\\/product-38.jpg\",\"products\\/product-41.jpg\"]'),(556,4,NULL,NULL,53,2,'The best ecommerce CMS! Excellent coding! best support service! Thank you so much..... I really like your hard work.','published','2025-06-09 17:17:57','2025-06-09 17:17:57','[\"products\\/product-14.jpg\",\"products\\/product-25.jpg\",\"products\\/product-35.jpg\",\"products\\/product-54.jpg\"]'),(557,3,NULL,NULL,52,5,'The script is the best of its class, fast, easy to implement and work with , and the most important thing is the great support team , Recommend with no doubt.','published','2025-06-09 17:17:57','2025-06-09 17:17:57','[\"products\\/product-72.jpg\",\"products\\/product-77.jpg\",\"products\\/product-82.jpg\"]'),(558,10,NULL,NULL,13,4,'Clean & perfect source code','published','2025-06-09 17:17:57','2025-06-09 17:17:57','[\"products\\/product-19.jpg\",\"products\\/product-60.jpg\",\"products\\/product-81.jpg\",\"products\\/product-88.jpg\"]'),(559,8,NULL,NULL,62,5,'Cool template. Excellent code quality. The support responds very quickly, which is very rare on themeforest and codecanyon.net, I buy a lot of templates, and everyone will have a response from technical support for two or three days. Thanks to tech support. I recommend to buy.','published','2025-06-09 17:17:57','2025-06-09 17:17:57','[\"products\\/product-33.jpg\",\"products\\/product-35.jpg\",\"products\\/product-52.jpg\",\"products\\/product-80.jpg\"]'),(563,10,NULL,NULL,28,5,'The best store template! Excellent coding! Very good support! Thank you so much for all the help, I really appreciated.','published','2025-06-09 17:17:57','2025-06-09 17:17:57','[\"products\\/pla-product-04.jpg\",\"products\\/product-61.jpg\"]'),(564,8,NULL,NULL,2,1,'We have received brilliant service support and will be expanding the features with the developer. Nice product!','published','2025-06-09 17:17:57','2025-06-09 17:17:57','[\"products\\/product-31.jpg\"]'),(565,1,NULL,NULL,31,3,'Great system, great support, good job Botble. I\'m looking forward to more great functional plugins.','published','2025-06-09 17:17:57','2025-06-09 17:17:57','[\"products\\/product-44.jpg\",\"products\\/product-52.jpg\",\"products\\/product-64.jpg\",\"products\\/product-70.jpg\"]'),(566,7,NULL,NULL,11,1,'The best store template! Excellent coding! Very good support! Thank you so much for all the help, I really appreciated.','published','2025-06-09 17:17:57','2025-06-09 17:17:57','[\"products\\/product-55.jpg\"]'),(567,1,NULL,NULL,39,1,'Those guys now what they are doing, the release such a good product that it\'s a pleasure to work with ! Even when I was stuck on the project, I created a ticket and the next day it was replied by the team. GOOD JOB guys. I love working with them :)','published','2025-06-09 17:17:57','2025-06-09 17:17:57','[\"products\\/product-22.jpg\",\"products\\/product-73.jpg\",\"products\\/product-82.jpg\"]'),(568,5,NULL,NULL,35,3,'Amazing code, amazing support. Overall, im really confident in Botble and im happy I made the right choice! Thank you so much guys for coding this masterpiece','published','2025-06-09 17:17:57','2025-06-09 17:17:57','[\"products\\/product-15.jpg\",\"products\\/product-20.jpg\",\"products\\/product-52.jpg\",\"products\\/product-64.jpg\"]'),(571,2,NULL,NULL,29,5,'Ok good product. I have some issues in customizations. But its not correct to blame the developer. The product is good. Good luck for your business.','published','2025-06-09 17:17:57','2025-06-09 17:17:57','[\"products\\/product-82.jpg\"]'),(572,5,NULL,NULL,72,4,'Very enthusiastic support! Excellent code is written. It\'s a true pleasure working with.','published','2025-06-09 17:17:57','2025-06-09 17:17:57','[\"products\\/product-7.jpg\",\"products\\/product-16.jpg\",\"products\\/product-38.jpg\"]'),(574,8,NULL,NULL,15,2,'Great E-commerce system. And much more : Wonderful Customer Support.','published','2025-06-09 17:17:57','2025-06-09 17:17:57','[\"products\\/pla-product-02.jpg\",\"products\\/product-76.jpg\"]'),(575,3,NULL,NULL,43,1,'This web app is really good in design, code quality & features. Besides, the customer support provided by the Botble team was really fast & helpful. You guys are awesome!','published','2025-06-09 17:17:57','2025-06-09 17:17:57','[\"products\\/product-43.jpg\",\"products\\/product-63.jpg\",\"products\\/product-81.jpg\",\"products\\/product-91.jpg\"]'),(581,6,NULL,NULL,46,3,'Those guys now what they are doing, the release such a good product that it\'s a pleasure to work with ! Even when I was stuck on the project, I created a ticket and the next day it was replied by the team. GOOD JOB guys. I love working with them :)','published','2025-06-09 17:17:57','2025-06-09 17:17:57','[\"products\\/product-43.jpg\",\"products\\/product-54.jpg\"]'),(582,2,NULL,NULL,26,1,'Perfect +++++++++ i love it really also i get to fast ticket answers... Thanks Lot BOTBLE Teams','published','2025-06-09 17:17:57','2025-06-09 17:17:57','[\"products\\/product-10.jpg\"]'),(583,3,NULL,NULL,63,1,'Ok good product. I have some issues in customizations. But its not correct to blame the developer. The product is good. Good luck for your business.','published','2025-06-09 17:17:57','2025-06-09 17:17:57','[\"products\\/product-5.jpg\",\"products\\/product-10.jpg\",\"products\\/product-66.jpg\",\"products\\/product-93.jpg\"]'),(585,6,NULL,NULL,16,1,'We have received brilliant service support and will be expanding the features with the developer. Nice product!','published','2025-06-09 17:17:57','2025-06-09 17:17:57','[\"products\\/pla-product-04.jpg\",\"products\\/product-2.jpg\",\"products\\/product-29.jpg\",\"products\\/product-38.jpg\"]'),(586,3,NULL,NULL,28,5,'The best store template! Excellent coding! Very good support! Thank you so much for all the help, I really appreciated.','published','2025-06-09 17:17:57','2025-06-09 17:17:57','[\"products\\/product-5.jpg\",\"products\\/product-40.jpg\",\"products\\/product-56.jpg\"]'),(587,7,NULL,NULL,14,1,'The best store template! Excellent coding! Very good support! Thank you so much for all the help, I really appreciated.','published','2025-06-09 17:17:57','2025-06-09 17:17:57','[\"products\\/product-73.jpg\",\"products\\/product-79.jpg\"]'),(589,10,NULL,NULL,15,5,'I Love this Script. I also found how to add other fees. Now I just wait the BIG update for the Marketplace with the Bulk Import. Just do not forget to make it to be Multi-language for us the Botble Fans.','published','2025-06-09 17:17:57','2025-06-09 17:17:57','[\"products\\/product-7.jpg\",\"products\\/product-12.jpg\",\"products\\/product-30.jpg\",\"products\\/product-93.jpg\"]'),(590,8,NULL,NULL,43,3,'I Love this Script. I also found how to add other fees. Now I just wait the BIG update for the Marketplace with the Bulk Import. Just do not forget to make it to be Multi-language for us the Botble Fans.','published','2025-06-09 17:17:57','2025-06-09 17:17:57','[\"products\\/product-63.jpg\"]'),(591,8,NULL,NULL,59,5,'Great E-commerce system. And much more : Wonderful Customer Support.','published','2025-06-09 17:17:57','2025-06-09 17:17:57','[\"products\\/pla-product-03.jpg\",\"products\\/product-85.jpg\"]'),(592,6,NULL,NULL,50,5,'The best ecommerce CMS! Excellent coding! best support service! Thank you so much..... I really like your hard work.','published','2025-06-09 17:17:57','2025-06-09 17:17:57','[\"products\\/product-1.jpg\"]'),(593,1,NULL,NULL,48,4,'We have received brilliant service support and will be expanding the features with the developer. Nice product!','published','2025-06-09 17:17:57','2025-06-09 17:17:57','[\"products\\/product-6.jpg\",\"products\\/product-79.jpg\"]'),(596,6,NULL,NULL,38,4,'Ok good product. I have some issues in customizations. But its not correct to blame the developer. The product is good. Good luck for your business.','published','2025-06-09 17:17:57','2025-06-09 17:17:57','[\"products\\/product-4.jpg\",\"products\\/product-32.jpg\",\"products\\/product-65.jpg\",\"products\\/product-69.jpg\"]'),(598,6,NULL,NULL,51,2,'Those guys now what they are doing, the release such a good product that it\'s a pleasure to work with ! Even when I was stuck on the project, I created a ticket and the next day it was replied by the team. GOOD JOB guys. I love working with them :)','published','2025-06-09 17:17:57','2025-06-09 17:17:57','[\"products\\/product-11.jpg\"]'),(602,5,NULL,NULL,2,1,'The best ecommerce CMS! Excellent coding! best support service! Thank you so much..... I really like your hard work.','published','2025-06-09 17:17:57','2025-06-09 17:17:57','[\"products\\/product-56.jpg\",\"products\\/product-78.jpg\",\"products\\/product-88.jpg\"]'),(606,3,NULL,NULL,71,1,'Great system, great support, good job Botble. I\'m looking forward to more great functional plugins.','published','2025-06-09 17:17:57','2025-06-09 17:17:57','[\"products\\/product-75.jpg\"]'),(613,1,NULL,NULL,57,4,'For me the best eCommerce script on Envato at this moment: modern, clean code, a lot of great features. The customer support is great too: I always get an answer within hours!','published','2025-06-09 17:17:57','2025-06-09 17:17:57','[\"products\\/product-74.jpg\"]'),(615,2,NULL,NULL,4,2,'Cool template. Excellent code quality. The support responds very quickly, which is very rare on themeforest and codecanyon.net, I buy a lot of templates, and everyone will have a response from technical support for two or three days. Thanks to tech support. I recommend to buy.','published','2025-06-09 17:17:57','2025-06-09 17:17:57','[\"products\\/product-31.jpg\",\"products\\/product-55.jpg\"]'),(619,2,NULL,NULL,50,1,'Good app, good backup service and support. Good documentation.','published','2025-06-09 17:17:57','2025-06-09 17:17:57','[\"products\\/product-31.jpg\"]'),(623,3,NULL,NULL,47,2,'Second or third time that I buy a Botble product, happy with the products and support. You guys do a good job :)','published','2025-06-09 17:17:57','2025-06-09 17:17:57','[\"products\\/product-30.jpg\",\"products\\/product-31.jpg\",\"products\\/product-44.jpg\",\"products\\/product-84.jpg\"]'),(625,6,NULL,NULL,42,2,'The best store template! Excellent coding! Very good support! Thank you so much for all the help, I really appreciated.','published','2025-06-09 17:17:57','2025-06-09 17:17:57','[\"products\\/product-44.jpg\",\"products\\/product-52.jpg\",\"products\\/product-71.jpg\"]'),(629,9,NULL,NULL,3,2,'The best ecommerce CMS! Excellent coding! best support service! Thank you so much..... I really like your hard work.','published','2025-06-09 17:17:57','2025-06-09 17:17:57','[\"products\\/product-42.jpg\"]'),(630,4,NULL,NULL,15,5,'This script is well coded and is super fast. The support is pretty quick. Very patient and helpful team. I strongly recommend it and they deserve more than 5 stars.','published','2025-06-09 17:17:57','2025-06-09 17:17:57','[\"products\\/product-88.jpg\"]'),(632,5,NULL,NULL,29,2,'Ok good product. I have some issues in customizations. But its not correct to blame the developer. The product is good. Good luck for your business.','published','2025-06-09 17:17:57','2025-06-09 17:17:57','[\"products\\/pla-product-04.jpg\",\"products\\/product-9.jpg\",\"products\\/product-50.jpg\",\"products\\/product-78.jpg\"]'),(635,4,NULL,NULL,4,2,'Great system, great support, good job Botble. I\'m looking forward to more great functional plugins.','published','2025-06-09 17:17:57','2025-06-09 17:17:57','[\"products\\/product-63.jpg\"]'),(636,7,NULL,NULL,18,1,'The best ecommerce CMS! Excellent coding! best support service! Thank you so much..... I really like your hard work.','published','2025-06-09 17:17:57','2025-06-09 17:17:57','[\"products\\/product-6.jpg\",\"products\\/product-75.jpg\",\"products\\/product-80.jpg\"]'),(637,6,NULL,NULL,35,2,'These guys are amazing! Responses immediately, amazing support and help... I immediately feel at ease after Purchasing..','published','2025-06-09 17:17:57','2025-06-09 17:17:57','[\"products\\/product-20.jpg\",\"products\\/product-72.jpg\",\"products\\/product-90.jpg\"]'),(638,9,NULL,NULL,63,1,'Second or third time that I buy a Botble product, happy with the products and support. You guys do a good job :)','published','2025-06-09 17:17:57','2025-06-09 17:17:57','[\"products\\/product-46.jpg\",\"products\\/product-59.jpg\"]'),(642,3,NULL,NULL,36,5,'As a developer I reviewed this script. This is really awesome ecommerce script. I have convinced when I noticed that it\'s built on fully WordPress concept.','published','2025-06-09 17:17:57','2025-06-09 17:17:57','[\"products\\/product-4.jpg\",\"products\\/product-77.jpg\",\"products\\/product-88.jpg\"]'),(646,4,NULL,NULL,29,5,'Customer Support are grade (A*), however the code is a way too over engineered for it\'s purpose.','published','2025-06-09 17:17:57','2025-06-09 17:17:57','[\"products\\/product-18.jpg\",\"products\\/product-51.jpg\",\"products\\/product-91.jpg\"]'),(648,8,NULL,NULL,26,2,'The best store template! Excellent coding! Very good support! Thank you so much for all the help, I really appreciated.','published','2025-06-09 17:17:57','2025-06-09 17:17:57','[\"products\\/pla-product-01.jpg\",\"products\\/product-19.jpg\",\"products\\/product-33.jpg\",\"products\\/product-67.jpg\"]'),(649,1,NULL,NULL,2,1,'Those guys now what they are doing, the release such a good product that it\'s a pleasure to work with ! Even when I was stuck on the project, I created a ticket and the next day it was replied by the team. GOOD JOB guys. I love working with them :)','published','2025-06-09 17:17:57','2025-06-09 17:17:57','[\"products\\/product-2.jpg\",\"products\\/product-13.jpg\",\"products\\/product-52.jpg\",\"products\\/product-87.jpg\"]'),(651,9,NULL,NULL,15,3,'Great system, great support, good job Botble. I\'m looking forward to more great functional plugins.','published','2025-06-09 17:17:57','2025-06-09 17:17:57','[\"products\\/product-50.jpg\",\"products\\/product-61.jpg\",\"products\\/product-77.jpg\",\"products\\/product-86.jpg\"]'),(654,4,NULL,NULL,16,1,'Solution is too robust for our purpose so we didn\'t use it at the end. But I appreciate customer support during initial configuration.','published','2025-06-09 17:17:57','2025-06-09 17:17:57','[\"products\\/product-83.jpg\",\"products\\/product-87.jpg\"]'),(659,6,NULL,NULL,20,3,'This web app is really good in design, code quality & features. Besides, the customer support provided by the Botble team was really fast & helpful. You guys are awesome!','published','2025-06-09 17:17:57','2025-06-09 17:17:57','[\"products\\/product-66.jpg\",\"products\\/product-85.jpg\"]'),(661,5,NULL,NULL,61,1,'This web app is really good in design, code quality & features. Besides, the customer support provided by the Botble team was really fast & helpful. You guys are awesome!','published','2025-06-09 17:17:57','2025-06-09 17:17:57','[\"products\\/pla-product-02.jpg\",\"products\\/product-51.jpg\",\"products\\/product-84.jpg\",\"products\\/product-94.jpg\"]'),(662,9,NULL,NULL,5,2,'Second or third time that I buy a Botble product, happy with the products and support. You guys do a good job :)','published','2025-06-09 17:17:57','2025-06-09 17:17:57','[\"products\\/product-15.jpg\",\"products\\/product-57.jpg\",\"products\\/product-75.jpg\"]'),(663,4,NULL,NULL,59,5,'Those guys now what they are doing, the release such a good product that it\'s a pleasure to work with ! Even when I was stuck on the project, I created a ticket and the next day it was replied by the team. GOOD JOB guys. I love working with them :)','published','2025-06-09 17:17:57','2025-06-09 17:17:57','[\"products\\/product-6.jpg\"]'),(667,10,NULL,NULL,1,2,'Ok good product. I have some issues in customizations. But its not correct to blame the developer. The product is good. Good luck for your business.','published','2025-06-09 17:17:57','2025-06-09 17:17:57','[\"products\\/product-2.jpg\",\"products\\/product-26.jpg\",\"products\\/product-30.jpg\",\"products\\/product-33.jpg\"]'),(670,6,NULL,NULL,15,5,'Very enthusiastic support! Excellent code is written. It\'s a true pleasure working with.','published','2025-06-09 17:17:57','2025-06-09 17:17:57','[\"products\\/product-53.jpg\"]'),(673,10,NULL,NULL,37,2,'Best ecommerce CMS online store!','published','2025-06-09 17:17:57','2025-06-09 17:17:57','[\"products\\/product-3.jpg\",\"products\\/product-18.jpg\",\"products\\/product-61.jpg\"]'),(674,7,NULL,NULL,55,4,'This script is well coded and is super fast. The support is pretty quick. Very patient and helpful team. I strongly recommend it and they deserve more than 5 stars.','published','2025-06-09 17:17:57','2025-06-09 17:17:57','[\"products\\/product-22.jpg\",\"products\\/product-73.jpg\",\"products\\/product-85.jpg\"]'),(675,9,NULL,NULL,33,3,'As a developer I reviewed this script. This is really awesome ecommerce script. I have convinced when I noticed that it\'s built on fully WordPress concept.','published','2025-06-09 17:17:57','2025-06-09 17:17:57','[\"products\\/product-77.jpg\"]'),(678,5,NULL,NULL,66,3,'Ok good product. I have some issues in customizations. But its not correct to blame the developer. The product is good. Good luck for your business.','published','2025-06-09 17:17:57','2025-06-09 17:17:57','[\"products\\/product-22.jpg\",\"products\\/product-80.jpg\",\"products\\/product-85.jpg\"]'),(681,5,NULL,NULL,42,2,'Great E-commerce system. And much more : Wonderful Customer Support.','published','2025-06-09 17:17:57','2025-06-09 17:17:57','[\"products\\/product-14.jpg\",\"products\\/product-78.jpg\"]'),(682,9,NULL,NULL,50,2,'The best store template! Excellent coding! Very good support! Thank you so much for all the help, I really appreciated.','published','2025-06-09 17:17:57','2025-06-09 17:17:57','[\"products\\/pla-product-02.jpg\",\"products\\/product-77.jpg\"]'),(685,7,NULL,NULL,7,2,'Solution is too robust for our purpose so we didn\'t use it at the end. But I appreciate customer support during initial configuration.','published','2025-06-09 17:17:57','2025-06-09 17:17:57','[\"products\\/product-50.jpg\"]'),(688,9,NULL,NULL,47,3,'Ok good product. I have some issues in customizations. But its not correct to blame the developer. The product is good. Good luck for your business.','published','2025-06-09 17:17:57','2025-06-09 17:17:57','[\"products\\/product-13.jpg\",\"products\\/product-19.jpg\",\"products\\/product-42.jpg\",\"products\\/product-58.jpg\"]'),(689,7,NULL,NULL,19,2,'I Love this Script. I also found how to add other fees. Now I just wait the BIG update for the Marketplace with the Bulk Import. Just do not forget to make it to be Multi-language for us the Botble Fans.','published','2025-06-09 17:17:57','2025-06-09 17:17:57','[\"products\\/product-17.jpg\",\"products\\/product-38.jpg\",\"products\\/product-92.jpg\"]'),(692,6,NULL,NULL,27,5,'The script is the best of its class, fast, easy to implement and work with , and the most important thing is the great support team , Recommend with no doubt.','published','2025-06-09 17:17:57','2025-06-09 17:17:57','[\"products\\/product-77.jpg\"]'),(695,9,NULL,NULL,17,4,'As a developer I reviewed this script. This is really awesome ecommerce script. I have convinced when I noticed that it\'s built on fully WordPress concept.','published','2025-06-09 17:17:57','2025-06-09 17:17:57','[\"products\\/product-26.jpg\",\"products\\/product-32.jpg\"]'),(696,9,NULL,NULL,75,4,'Best ecommerce CMS online store!','published','2025-06-09 17:17:57','2025-06-09 17:17:57','[\"products\\/product-26.jpg\",\"products\\/product-51.jpg\",\"products\\/product-79.jpg\"]'),(697,5,NULL,NULL,58,1,'Very enthusiastic support! Excellent code is written. It\'s a true pleasure working with.','published','2025-06-09 17:17:57','2025-06-09 17:17:57','[\"products\\/product-5.jpg\",\"products\\/product-54.jpg\"]'),(700,7,NULL,NULL,70,1,'I Love this Script. I also found how to add other fees. Now I just wait the BIG update for the Marketplace with the Bulk Import. Just do not forget to make it to be Multi-language for us the Botble Fans.','published','2025-06-09 17:17:57','2025-06-09 17:17:57','[\"products\\/product-15.jpg\",\"products\\/product-38.jpg\",\"products\\/product-75.jpg\"]'),(701,6,NULL,NULL,23,2,'Amazing code, amazing support. Overall, im really confident in Botble and im happy I made the right choice! Thank you so much guys for coding this masterpiece','published','2025-06-09 17:17:57','2025-06-09 17:17:57','[\"products\\/product-54.jpg\",\"products\\/product-57.jpg\"]'),(702,2,NULL,NULL,55,3,'Very enthusiastic support! Excellent code is written. It\'s a true pleasure working with.','published','2025-06-09 17:17:57','2025-06-09 17:17:57','[\"products\\/product-55.jpg\"]'),(704,1,NULL,NULL,51,3,'Perfect +++++++++ i love it really also i get to fast ticket answers... Thanks Lot BOTBLE Teams','published','2025-06-09 17:17:57','2025-06-09 17:17:57','[\"products\\/product-27.jpg\",\"products\\/product-41.jpg\",\"products\\/product-51.jpg\",\"products\\/product-72.jpg\"]'),(713,6,NULL,NULL,44,2,'I Love this Script. I also found how to add other fees. Now I just wait the BIG update for the Marketplace with the Bulk Import. Just do not forget to make it to be Multi-language for us the Botble Fans.','published','2025-06-09 17:17:57','2025-06-09 17:17:57','[\"products\\/product-18.jpg\"]'),(717,7,NULL,NULL,40,3,'I Love this Script. I also found how to add other fees. Now I just wait the BIG update for the Marketplace with the Bulk Import. Just do not forget to make it to be Multi-language for us the Botble Fans.','published','2025-06-09 17:17:57','2025-06-09 17:17:57','[\"products\\/product-65.jpg\",\"products\\/product-78.jpg\",\"products\\/product-83.jpg\",\"products\\/product-87.jpg\"]'),(721,1,NULL,NULL,16,4,'This web app is really good in design, code quality & features. Besides, the customer support provided by the Botble team was really fast & helpful. You guys are awesome!','published','2025-06-09 17:17:57','2025-06-09 17:17:57','[\"products\\/pla-product-03.jpg\",\"products\\/product-6.jpg\",\"products\\/product-75.jpg\",\"products\\/product-85.jpg\"]'),(722,9,NULL,NULL,4,4,'This script is well coded and is super fast. The support is pretty quick. Very patient and helpful team. I strongly recommend it and they deserve more than 5 stars.','published','2025-06-09 17:17:57','2025-06-09 17:17:57','[\"products\\/product-12.jpg\",\"products\\/product-35.jpg\",\"products\\/product-61.jpg\",\"products\\/product-65.jpg\"]'),(723,9,NULL,NULL,62,5,'Those guys now what they are doing, the release such a good product that it\'s a pleasure to work with ! Even when I was stuck on the project, I created a ticket and the next day it was replied by the team. GOOD JOB guys. I love working with them :)','published','2025-06-09 17:17:57','2025-06-09 17:17:57','[\"products\\/product-69.jpg\"]'),(727,2,NULL,NULL,57,2,'Cool template. Excellent code quality. The support responds very quickly, which is very rare on themeforest and codecanyon.net, I buy a lot of templates, and everyone will have a response from technical support for two or three days. Thanks to tech support. I recommend to buy.','published','2025-06-09 17:17:57','2025-06-09 17:17:57','[\"products\\/product-52.jpg\",\"products\\/product-60.jpg\",\"products\\/product-84.jpg\"]'),(732,1,NULL,NULL,58,1,'This script is well coded and is super fast. The support is pretty quick. Very patient and helpful team. I strongly recommend it and they deserve more than 5 stars.','published','2025-06-09 17:17:57','2025-06-09 17:17:57','[\"products\\/product-70.jpg\",\"products\\/product-73.jpg\"]'),(734,5,NULL,NULL,53,4,'Customer Support are grade (A*), however the code is a way too over engineered for it\'s purpose.','published','2025-06-09 17:17:57','2025-06-09 17:17:57','[\"products\\/product-77.jpg\"]'),(735,10,NULL,NULL,59,4,'Customer Support are grade (A*), however the code is a way too over engineered for it\'s purpose.','published','2025-06-09 17:17:57','2025-06-09 17:17:57','[\"products\\/pla-product-03.jpg\",\"products\\/product-21.jpg\",\"products\\/product-69.jpg\"]'),(737,2,NULL,NULL,16,2,'The code is good, in general, if you like it, can you give it 5 stars?','published','2025-06-09 17:17:57','2025-06-09 17:17:57','[\"products\\/product-22.jpg\",\"products\\/product-39.jpg\",\"products\\/product-43.jpg\",\"products\\/product-60.jpg\"]'),(743,1,NULL,NULL,43,5,'I Love this Script. I also found how to add other fees. Now I just wait the BIG update for the Marketplace with the Bulk Import. Just do not forget to make it to be Multi-language for us the Botble Fans.','published','2025-06-09 17:17:57','2025-06-09 17:17:57','[\"products\\/product-42.jpg\",\"products\\/product-50.jpg\",\"products\\/product-76.jpg\"]'),(744,6,NULL,NULL,52,1,'Amazing code, amazing support. Overall, im really confident in Botble and im happy I made the right choice! Thank you so much guys for coding this masterpiece','published','2025-06-09 17:17:57','2025-06-09 17:17:57','[\"products\\/product-55.jpg\",\"products\\/product-64.jpg\"]'),(745,3,NULL,NULL,25,4,'For me the best eCommerce script on Envato at this moment: modern, clean code, a lot of great features. The customer support is great too: I always get an answer within hours!','published','2025-06-09 17:17:57','2025-06-09 17:17:57','[\"products\\/product-78.jpg\"]'),(750,5,NULL,NULL,5,4,'It\'s not my first experience here on Codecanyon and I can honestly tell you all that Botble puts a LOT of effort into the support. They answer so fast, they helped me tons of times. REALLY by far THE BEST EXPERIENCE on Codecanyon. Those guys at Botble are so good that they deserve 5 stars. I recommend them, I trust them and I can\'t wait to see what they will sell in a near future. Thank you Botble :)','published','2025-06-09 17:17:57','2025-06-09 17:17:57','[\"products\\/product-47.jpg\",\"products\\/product-79.jpg\",\"products\\/product-95.jpg\"]'),(752,7,NULL,NULL,57,5,'Solution is too robust for our purpose so we didn\'t use it at the end. But I appreciate customer support during initial configuration.','published','2025-06-09 17:17:57','2025-06-09 17:17:57','[\"products\\/product-22.jpg\",\"products\\/product-39.jpg\"]'),(754,9,NULL,NULL,25,3,'The code is good, in general, if you like it, can you give it 5 stars?','published','2025-06-09 17:17:57','2025-06-09 17:17:57','[\"products\\/product-58.jpg\",\"products\\/product-62.jpg\",\"products\\/product-74.jpg\"]'),(758,10,NULL,NULL,4,1,'I Love this Script. I also found how to add other fees. Now I just wait the BIG update for the Marketplace with the Bulk Import. Just do not forget to make it to be Multi-language for us the Botble Fans.','published','2025-06-09 17:17:57','2025-06-09 17:17:57','[\"products\\/product-53.jpg\",\"products\\/product-62.jpg\",\"products\\/product-88.jpg\"]'),(760,7,NULL,NULL,6,2,'Best ecommerce CMS online store!','published','2025-06-09 17:17:57','2025-06-09 17:17:57','[\"products\\/product-84.jpg\"]'),(765,9,NULL,NULL,43,4,'Clean & perfect source code','published','2025-06-09 17:17:57','2025-06-09 17:17:57','[\"products\\/product-4.jpg\",\"products\\/product-33.jpg\",\"products\\/product-61.jpg\"]'),(766,7,NULL,NULL,16,5,'Solution is too robust for our purpose so we didn\'t use it at the end. But I appreciate customer support during initial configuration.','published','2025-06-09 17:17:57','2025-06-09 17:17:57','[\"products\\/product-6.jpg\",\"products\\/product-21.jpg\",\"products\\/product-36.jpg\"]'),(774,6,NULL,NULL,3,3,'We have received brilliant service support and will be expanding the features with the developer. Nice product!','published','2025-06-09 17:17:57','2025-06-09 17:17:57','[\"products\\/product-55.jpg\"]'),(776,6,NULL,NULL,34,5,'These guys are amazing! Responses immediately, amazing support and help... I immediately feel at ease after Purchasing..','published','2025-06-09 17:17:57','2025-06-09 17:17:57','[\"products\\/product-6.jpg\",\"products\\/product-40.jpg\",\"products\\/product-81.jpg\"]'),(780,2,NULL,NULL,3,5,'This script is well coded and is super fast. The support is pretty quick. Very patient and helpful team. I strongly recommend it and they deserve more than 5 stars.','published','2025-06-09 17:17:57','2025-06-09 17:17:57','[\"products\\/product-34.jpg\",\"products\\/product-39.jpg\"]'),(785,5,NULL,NULL,7,2,'These guys are amazing! Responses immediately, amazing support and help... I immediately feel at ease after Purchasing..','published','2025-06-09 17:17:57','2025-06-09 17:17:57','[\"products\\/product-36.jpg\",\"products\\/product-44.jpg\",\"products\\/product-82.jpg\"]'),(787,5,NULL,NULL,41,2,'We have received brilliant service support and will be expanding the features with the developer. Nice product!','published','2025-06-09 17:17:57','2025-06-09 17:17:57','[\"products\\/product-55.jpg\"]'),(788,4,NULL,NULL,33,4,'The code is good, in general, if you like it, can you give it 5 stars?','published','2025-06-09 17:17:57','2025-06-09 17:17:57','[\"products\\/product-53.jpg\",\"products\\/product-54.jpg\",\"products\\/product-69.jpg\",\"products\\/product-72.jpg\"]'),(790,9,NULL,NULL,6,4,'Customer Support are grade (A*), however the code is a way too over engineered for it\'s purpose.','published','2025-06-09 17:17:57','2025-06-09 17:17:57','[\"products\\/product-95.jpg\"]'),(799,3,NULL,NULL,31,3,'Great system, great support, good job Botble. I\'m looking forward to more great functional plugins.','published','2025-06-09 17:17:57','2025-06-09 17:17:57','[\"products\\/product-3.jpg\",\"products\\/product-5.jpg\",\"products\\/product-39.jpg\",\"products\\/product-75.jpg\"]'),(800,4,NULL,NULL,50,1,'Best ecommerce CMS online store!','published','2025-06-09 17:17:57','2025-06-09 17:17:57','[\"products\\/product-40.jpg\"]'),(801,3,NULL,NULL,14,3,'Second or third time that I buy a Botble product, happy with the products and support. You guys do a good job :)','published','2025-06-09 17:17:57','2025-06-09 17:17:57','[\"products\\/product-6.jpg\",\"products\\/product-14.jpg\",\"products\\/product-59.jpg\",\"products\\/product-85.jpg\"]'),(802,5,NULL,NULL,52,2,'Good app, good backup service and support. Good documentation.','published','2025-06-09 17:17:57','2025-06-09 17:17:57','[\"products\\/product-81.jpg\",\"products\\/product-83.jpg\"]'),(803,1,NULL,NULL,74,3,'I Love this Script. I also found how to add other fees. Now I just wait the BIG update for the Marketplace with the Bulk Import. Just do not forget to make it to be Multi-language for us the Botble Fans.','published','2025-06-09 17:17:57','2025-06-09 17:17:57','[\"products\\/product-35.jpg\",\"products\\/product-66.jpg\",\"products\\/product-76.jpg\"]'),(804,6,NULL,NULL,48,3,'These guys are amazing! Responses immediately, amazing support and help... I immediately feel at ease after Purchasing..','published','2025-06-09 17:17:57','2025-06-09 17:17:57','[\"products\\/product-14.jpg\",\"products\\/product-59.jpg\",\"products\\/product-70.jpg\",\"products\\/product-93.jpg\"]'),(808,3,NULL,NULL,33,4,'Best ecommerce CMS online store!','published','2025-06-09 17:17:57','2025-06-09 17:17:57','[\"products\\/product-79.jpg\"]'),(809,1,NULL,NULL,71,3,'This web app is really good in design, code quality & features. Besides, the customer support provided by the Botble team was really fast & helpful. You guys are awesome!','published','2025-06-09 17:17:57','2025-06-09 17:17:57','[\"products\\/product-9.jpg\"]'),(812,2,NULL,NULL,72,2,'Ok good product. I have some issues in customizations. But its not correct to blame the developer. The product is good. Good luck for your business.','published','2025-06-09 17:17:57','2025-06-09 17:17:57','[\"products\\/product-2.jpg\",\"products\\/product-74.jpg\",\"products\\/product-75.jpg\"]'),(814,6,NULL,NULL,7,5,'The script is the best of its class, fast, easy to implement and work with , and the most important thing is the great support team , Recommend with no doubt.','published','2025-06-09 17:17:57','2025-06-09 17:17:57','[\"products\\/product-69.jpg\",\"products\\/product-85.jpg\",\"products\\/product-89.jpg\"]'),(815,6,NULL,NULL,1,1,'The script is the best of its class, fast, easy to implement and work with , and the most important thing is the great support team , Recommend with no doubt.','published','2025-06-09 17:17:57','2025-06-09 17:17:57','[\"products\\/product-6.jpg\",\"products\\/product-7.jpg\",\"products\\/product-15.jpg\",\"products\\/product-82.jpg\"]'),(817,2,NULL,NULL,53,1,'Customer Support are grade (A*), however the code is a way too over engineered for it\'s purpose.','published','2025-06-09 17:17:57','2025-06-09 17:17:57','[\"products\\/product-2.jpg\",\"products\\/product-9.jpg\",\"products\\/product-26.jpg\",\"products\\/product-69.jpg\"]'),(818,6,NULL,NULL,9,3,'The best store template! Excellent coding! Very good support! Thank you so much for all the help, I really appreciated.','published','2025-06-09 17:17:57','2025-06-09 17:17:57','[\"products\\/pla-product-04.jpg\",\"products\\/product-30.jpg\",\"products\\/product-65.jpg\",\"products\\/product-95.jpg\"]'),(824,8,NULL,NULL,56,5,'Best ecommerce CMS online store!','published','2025-06-09 17:17:57','2025-06-09 17:17:57','[\"products\\/product-36.jpg\",\"products\\/product-59.jpg\"]'),(834,1,NULL,NULL,41,3,'Good app, good backup service and support. Good documentation.','published','2025-06-09 17:17:57','2025-06-09 17:17:57','[\"products\\/product-4.jpg\",\"products\\/product-19.jpg\",\"products\\/product-91.jpg\"]'),(836,8,NULL,NULL,71,2,'The best ecommerce CMS! Excellent coding! best support service! Thank you so much..... I really like your hard work.','published','2025-06-09 17:17:57','2025-06-09 17:17:57','[\"products\\/product-15.jpg\"]'),(838,1,NULL,NULL,55,4,'Amazing code, amazing support. Overall, im really confident in Botble and im happy I made the right choice! Thank you so much guys for coding this masterpiece','published','2025-06-09 17:17:57','2025-06-09 17:17:57','[\"products\\/product-44.jpg\",\"products\\/product-83.jpg\"]'),(843,8,NULL,NULL,36,4,'Amazing code, amazing support. Overall, im really confident in Botble and im happy I made the right choice! Thank you so much guys for coding this masterpiece','published','2025-06-09 17:17:57','2025-06-09 17:17:57','[\"products\\/product-39.jpg\"]'),(844,6,NULL,NULL,5,3,'The script is the best of its class, fast, easy to implement and work with , and the most important thing is the great support team , Recommend with no doubt.','published','2025-06-09 17:17:57','2025-06-09 17:17:57','[\"products\\/product-16.jpg\"]'),(845,7,NULL,NULL,3,2,'Cool template. Excellent code quality. The support responds very quickly, which is very rare on themeforest and codecanyon.net, I buy a lot of templates, and everyone will have a response from technical support for two or three days. Thanks to tech support. I recommend to buy.','published','2025-06-09 17:17:57','2025-06-09 17:17:57','[\"products\\/product-30.jpg\",\"products\\/product-40.jpg\",\"products\\/product-63.jpg\"]'),(846,2,NULL,NULL,8,1,'As a developer I reviewed this script. This is really awesome ecommerce script. I have convinced when I noticed that it\'s built on fully WordPress concept.','published','2025-06-09 17:17:57','2025-06-09 17:17:57','[\"products\\/product-19.jpg\",\"products\\/product-33.jpg\"]'),(850,8,NULL,NULL,35,5,'We have received brilliant service support and will be expanding the features with the developer. Nice product!','published','2025-06-09 17:17:57','2025-06-09 17:17:57','[\"products\\/product-19.jpg\"]'),(851,4,NULL,NULL,17,2,'The code is good, in general, if you like it, can you give it 5 stars?','published','2025-06-09 17:17:57','2025-06-09 17:17:57','[\"products\\/product-21.jpg\",\"products\\/product-59.jpg\",\"products\\/product-67.jpg\",\"products\\/product-94.jpg\"]'),(857,10,NULL,NULL,42,3,'Ok good product. I have some issues in customizations. But its not correct to blame the developer. The product is good. Good luck for your business.','published','2025-06-09 17:17:57','2025-06-09 17:17:57','[\"products\\/product-73.jpg\"]'),(859,8,NULL,NULL,21,5,'Great system, great support, good job Botble. I\'m looking forward to more great functional plugins.','published','2025-06-09 17:17:57','2025-06-09 17:17:57','[\"products\\/product-33.jpg\",\"products\\/product-51.jpg\"]'),(863,9,NULL,NULL,59,3,'Ok good product. I have some issues in customizations. But its not correct to blame the developer. The product is good. Good luck for your business.','published','2025-06-09 17:17:57','2025-06-09 17:17:57','[\"products\\/pla-product-04.jpg\",\"products\\/product-54.jpg\",\"products\\/product-64.jpg\",\"products\\/product-88.jpg\"]'),(866,4,NULL,NULL,45,2,'We have received brilliant service support and will be expanding the features with the developer. Nice product!','published','2025-06-09 17:17:57','2025-06-09 17:17:57','[\"products\\/product-8.jpg\",\"products\\/product-86.jpg\"]'),(870,2,NULL,NULL,52,1,'Second or third time that I buy a Botble product, happy with the products and support. You guys do a good job :)','published','2025-06-09 17:17:57','2025-06-09 17:17:57','[\"products\\/product-28.jpg\",\"products\\/product-78.jpg\",\"products\\/product-92.jpg\"]'),(872,1,NULL,NULL,69,5,'The script is the best of its class, fast, easy to implement and work with , and the most important thing is the great support team , Recommend with no doubt.','published','2025-06-09 17:17:57','2025-06-09 17:17:57','[\"products\\/product-10.jpg\",\"products\\/product-80.jpg\"]'),(875,2,NULL,NULL,65,3,'The code is good, in general, if you like it, can you give it 5 stars?','published','2025-06-09 17:17:57','2025-06-09 17:17:57','[\"products\\/product-32.jpg\",\"products\\/product-53.jpg\",\"products\\/product-64.jpg\",\"products\\/product-86.jpg\"]'),(876,3,NULL,NULL,64,5,'The script is the best of its class, fast, easy to implement and work with , and the most important thing is the great support team , Recommend with no doubt.','published','2025-06-09 17:17:57','2025-06-09 17:17:57','[\"products\\/product-9.jpg\",\"products\\/product-74.jpg\"]'),(877,2,NULL,NULL,20,3,'This web app is really good in design, code quality & features. Besides, the customer support provided by the Botble team was really fast & helpful. You guys are awesome!','published','2025-06-09 17:17:57','2025-06-09 17:17:57','[\"products\\/product-67.jpg\"]'),(880,2,NULL,NULL,46,4,'Those guys now what they are doing, the release such a good product that it\'s a pleasure to work with ! Even when I was stuck on the project, I created a ticket and the next day it was replied by the team. GOOD JOB guys. I love working with them :)','published','2025-06-09 17:17:57','2025-06-09 17:17:57','[\"products\\/product-12.jpg\",\"products\\/product-25.jpg\"]'),(881,9,NULL,NULL,21,4,'The script is the best of its class, fast, easy to implement and work with , and the most important thing is the great support team , Recommend with no doubt.','published','2025-06-09 17:17:57','2025-06-09 17:17:57','[\"products\\/product-11.jpg\",\"products\\/product-27.jpg\",\"products\\/product-30.jpg\",\"products\\/product-84.jpg\"]'),(883,3,NULL,NULL,67,2,'Solution is too robust for our purpose so we didn\'t use it at the end. But I appreciate customer support during initial configuration.','published','2025-06-09 17:17:57','2025-06-09 17:17:57','[\"products\\/pla-product-02.jpg\",\"products\\/product-21.jpg\",\"products\\/product-82.jpg\"]'),(885,2,NULL,NULL,33,2,'These guys are amazing! Responses immediately, amazing support and help... I immediately feel at ease after Purchasing..','published','2025-06-09 17:17:57','2025-06-09 17:17:57','[\"products\\/product-28.jpg\"]'),(887,7,NULL,NULL,59,2,'Best ecommerce CMS online store!','published','2025-06-09 17:17:57','2025-06-09 17:17:57','[\"products\\/product-47.jpg\",\"products\\/product-55.jpg\",\"products\\/product-67.jpg\",\"products\\/product-68.jpg\"]'),(893,6,NULL,NULL,32,4,'The best store template! Excellent coding! Very good support! Thank you so much for all the help, I really appreciated.','published','2025-06-09 17:17:57','2025-06-09 17:17:57','[\"products\\/product-48.jpg\",\"products\\/product-71.jpg\"]'),(895,8,NULL,NULL,1,2,'This web app is really good in design, code quality & features. Besides, the customer support provided by the Botble team was really fast & helpful. You guys are awesome!','published','2025-06-09 17:17:57','2025-06-09 17:17:57','[\"products\\/pla-product-02.jpg\",\"products\\/product-12.jpg\"]'),(897,3,NULL,NULL,32,3,'Very enthusiastic support! Excellent code is written. It\'s a true pleasure working with.','published','2025-06-09 17:17:57','2025-06-09 17:17:57','[\"products\\/product-19.jpg\",\"products\\/product-23.jpg\",\"products\\/product-42.jpg\"]'),(899,10,NULL,NULL,16,1,'I Love this Script. I also found how to add other fees. Now I just wait the BIG update for the Marketplace with the Bulk Import. Just do not forget to make it to be Multi-language for us the Botble Fans.','published','2025-06-09 17:17:57','2025-06-09 17:17:57','[\"products\\/product-16.jpg\",\"products\\/product-52.jpg\",\"products\\/product-57.jpg\"]'),(900,5,NULL,NULL,75,3,'Clean & perfect source code','published','2025-06-09 17:17:57','2025-06-09 17:17:57','[\"products\\/product-30.jpg\",\"products\\/product-59.jpg\"]'),(902,8,NULL,NULL,48,3,'The best store template! Excellent coding! Very good support! Thank you so much for all the help, I really appreciated.','published','2025-06-09 17:17:57','2025-06-09 17:17:57','[\"products\\/product-5.jpg\"]'),(904,10,NULL,NULL,62,5,'Clean & perfect source code','published','2025-06-09 17:17:57','2025-06-09 17:17:57','[\"products\\/product-94.jpg\"]'),(905,3,NULL,NULL,40,3,'This script is well coded and is super fast. The support is pretty quick. Very patient and helpful team. I strongly recommend it and they deserve more than 5 stars.','published','2025-06-09 17:17:57','2025-06-09 17:17:57','[\"products\\/product-39.jpg\",\"products\\/product-54.jpg\",\"products\\/product-65.jpg\",\"products\\/product-90.jpg\"]'),(909,3,NULL,NULL,12,2,'For me the best eCommerce script on Envato at this moment: modern, clean code, a lot of great features. The customer support is great too: I always get an answer within hours!','published','2025-06-09 17:17:57','2025-06-09 17:17:57','[\"products\\/product-50.jpg\",\"products\\/product-54.jpg\"]'),(911,7,NULL,NULL,25,4,'Great system, great support, good job Botble. I\'m looking forward to more great functional plugins.','published','2025-06-09 17:17:57','2025-06-09 17:17:57','[\"products\\/product-16.jpg\"]'),(912,1,NULL,NULL,1,2,'The best store template! Excellent coding! Very good support! Thank you so much for all the help, I really appreciated.','published','2025-06-09 17:17:57','2025-06-09 17:17:57','[\"products\\/product-14.jpg\",\"products\\/product-76.jpg\",\"products\\/product-81.jpg\"]'),(915,5,NULL,NULL,47,5,'Those guys now what they are doing, the release such a good product that it\'s a pleasure to work with ! Even when I was stuck on the project, I created a ticket and the next day it was replied by the team. GOOD JOB guys. I love working with them :)','published','2025-06-09 17:17:57','2025-06-09 17:17:57','[\"products\\/product-1.jpg\",\"products\\/product-21.jpg\",\"products\\/product-48.jpg\",\"products\\/product-51.jpg\"]'),(918,8,NULL,NULL,20,2,'Best ecommerce CMS online store!','published','2025-06-09 17:17:57','2025-06-09 17:17:57','[\"products\\/pla-product-03.jpg\",\"products\\/product-9.jpg\",\"products\\/product-23.jpg\",\"products\\/product-64.jpg\"]'),(919,9,NULL,NULL,74,5,'It\'s not my first experience here on Codecanyon and I can honestly tell you all that Botble puts a LOT of effort into the support. They answer so fast, they helped me tons of times. REALLY by far THE BEST EXPERIENCE on Codecanyon. Those guys at Botble are so good that they deserve 5 stars. I recommend them, I trust them and I can\'t wait to see what they will sell in a near future. Thank you Botble :)','published','2025-06-09 17:17:57','2025-06-09 17:17:57','[\"products\\/product-4.jpg\",\"products\\/product-70.jpg\"]'),(927,10,NULL,NULL,66,2,'Good app, good backup service and support. Good documentation.','published','2025-06-09 17:17:57','2025-06-09 17:17:57','[\"products\\/product-59.jpg\",\"products\\/product-70.jpg\"]'),(935,7,NULL,NULL,63,4,'The script is the best of its class, fast, easy to implement and work with , and the most important thing is the great support team , Recommend with no doubt.','published','2025-06-09 17:17:57','2025-06-09 17:17:57','[\"products\\/product-7.jpg\",\"products\\/product-22.jpg\",\"products\\/product-32.jpg\",\"products\\/product-70.jpg\"]'),(937,9,NULL,NULL,11,2,'Great E-commerce system. And much more : Wonderful Customer Support.','published','2025-06-09 17:17:57','2025-06-09 17:17:57','[\"products\\/product-27.jpg\",\"products\\/product-54.jpg\",\"products\\/product-64.jpg\",\"products\\/product-67.jpg\"]'),(939,9,NULL,NULL,30,1,'Best ecommerce CMS online store!','published','2025-06-09 17:17:57','2025-06-09 17:17:57','[\"products\\/product-5.jpg\",\"products\\/product-17.jpg\",\"products\\/product-61.jpg\"]'),(940,8,NULL,NULL,68,4,'It\'s not my first experience here on Codecanyon and I can honestly tell you all that Botble puts a LOT of effort into the support. They answer so fast, they helped me tons of times. REALLY by far THE BEST EXPERIENCE on Codecanyon. Those guys at Botble are so good that they deserve 5 stars. I recommend them, I trust them and I can\'t wait to see what they will sell in a near future. Thank you Botble :)','published','2025-06-09 17:17:57','2025-06-09 17:17:57','[\"products\\/pla-product-03.jpg\",\"products\\/product-19.jpg\",\"products\\/product-60.jpg\"]'),(942,5,NULL,NULL,65,3,'Best ecommerce CMS online store!','published','2025-06-09 17:17:57','2025-06-09 17:17:57','[\"products\\/product-68.jpg\"]'),(948,4,NULL,NULL,43,2,'These guys are amazing! Responses immediately, amazing support and help... I immediately feel at ease after Purchasing..','published','2025-06-09 17:17:57','2025-06-09 17:17:57','[\"products\\/pla-product-03.jpg\",\"products\\/product-7.jpg\",\"products\\/product-58.jpg\",\"products\\/product-78.jpg\"]'),(970,3,NULL,NULL,18,2,'Those guys now what they are doing, the release such a good product that it\'s a pleasure to work with ! Even when I was stuck on the project, I created a ticket and the next day it was replied by the team. GOOD JOB guys. I love working with them :)','published','2025-06-09 17:17:57','2025-06-09 17:17:57','[\"products\\/product-15.jpg\",\"products\\/product-72.jpg\",\"products\\/product-84.jpg\"]'),(973,3,NULL,NULL,58,4,'Customer Support are grade (A*), however the code is a way too over engineered for it\'s purpose.','published','2025-06-09 17:17:57','2025-06-09 17:17:57','[\"products\\/pla-product-04.jpg\",\"products\\/product-24.jpg\",\"products\\/product-25.jpg\"]'),(976,5,NULL,NULL,39,4,'Ok good product. I have some issues in customizations. But its not correct to blame the developer. The product is good. Good luck for your business.','published','2025-06-09 17:17:57','2025-06-09 17:17:57','[\"products\\/product-16.jpg\",\"products\\/product-22.jpg\",\"products\\/product-57.jpg\"]'),(977,9,NULL,NULL,66,4,'Very enthusiastic support! Excellent code is written. It\'s a true pleasure working with.','published','2025-06-09 17:17:57','2025-06-09 17:17:57','[\"products\\/product-7.jpg\",\"products\\/product-37.jpg\",\"products\\/product-55.jpg\",\"products\\/product-74.jpg\"]'),(981,1,NULL,NULL,40,3,'As a developer I reviewed this script. This is really awesome ecommerce script. I have convinced when I noticed that it\'s built on fully WordPress concept.','published','2025-06-09 17:17:57','2025-06-09 17:17:57','[\"products\\/product-10.jpg\",\"products\\/product-31.jpg\",\"products\\/product-69.jpg\",\"products\\/product-85.jpg\"]'),(987,2,NULL,NULL,67,5,'These guys are amazing! Responses immediately, amazing support and help... I immediately feel at ease after Purchasing..','published','2025-06-09 17:17:57','2025-06-09 17:17:57','[\"products\\/product-1.jpg\",\"products\\/product-72.jpg\"]'),(988,6,NULL,NULL,70,2,'This web app is really good in design, code quality & features. Besides, the customer support provided by the Botble team was really fast & helpful. You guys are awesome!','published','2025-06-09 17:17:57','2025-06-09 17:17:57','[\"products\\/pla-product-03.jpg\"]'),(992,4,NULL,NULL,21,2,'We have received brilliant service support and will be expanding the features with the developer. Nice product!','published','2025-06-09 17:17:57','2025-06-09 17:17:57','[\"products\\/product-72.jpg\",\"products\\/product-87.jpg\"]'),(993,7,NULL,NULL,75,4,'It\'s not my first experience here on Codecanyon and I can honestly tell you all that Botble puts a LOT of effort into the support. They answer so fast, they helped me tons of times. REALLY by far THE BEST EXPERIENCE on Codecanyon. Those guys at Botble are so good that they deserve 5 stars. I recommend them, I trust them and I can\'t wait to see what they will sell in a near future. Thank you Botble :)','published','2025-06-09 17:17:57','2025-06-09 17:17:57','[\"products\\/product-7.jpg\",\"products\\/product-53.jpg\"]'),(995,9,NULL,NULL,67,2,'Great E-commerce system. And much more : Wonderful Customer Support.','published','2025-06-09 17:17:57','2025-06-09 17:17:57','[\"products\\/product-4.jpg\",\"products\\/product-70.jpg\",\"products\\/product-92.jpg\"]'),(996,6,NULL,NULL,31,4,'The best ecommerce CMS! Excellent coding! best support service! Thank you so much..... I really like your hard work.','published','2025-06-09 17:17:57','2025-06-09 17:17:57','[\"products\\/product-8.jpg\",\"products\\/product-12.jpg\",\"products\\/product-45.jpg\",\"products\\/product-74.jpg\"]'),(997,1,NULL,NULL,15,4,'Customer Support are grade (A*), however the code is a way too over engineered for it\'s purpose.','published','2025-06-09 17:17:57','2025-06-09 17:17:57','[\"products\\/product-36.jpg\",\"products\\/product-76.jpg\",\"products\\/product-78.jpg\",\"products\\/product-89.jpg\"]'),(1000,4,NULL,NULL,42,3,'Best ecommerce CMS online store!','published','2025-06-09 17:17:57','2025-06-09 17:17:57','[\"products\\/product-46.jpg\"]');
/*!40000 ALTER TABLE `ec_reviews` ENABLE KEYS */;
UNLOCK TABLES;

--
-- Table structure for table `ec_shared_wishlists`
--

DROP TABLE IF EXISTS `ec_shared_wishlists`;
/*!40101 SET @saved_cs_client     = @@character_set_client */;
/*!50503 SET character_set_client = utf8mb4 */;
CREATE TABLE `ec_shared_wishlists` (
  `id` bigint unsigned NOT NULL AUTO_INCREMENT,
  `code` varchar(191) COLLATE utf8mb4_unicode_ci NOT NULL,
  `product_ids` text COLLATE utf8mb4_unicode_ci,
  `created_at` timestamp NULL DEFAULT NULL,
  `updated_at` timestamp NULL DEFAULT NULL,
  PRIMARY KEY (`id`),
  UNIQUE KEY `ec_shared_wishlists_code_unique` (`code`)
) ENGINE=InnoDB DEFAULT CHARSET=utf8mb4 COLLATE=utf8mb4_unicode_ci;
/*!40101 SET character_set_client = @saved_cs_client */;

--
-- Dumping data for table `ec_shared_wishlists`
--

LOCK TABLES `ec_shared_wishlists` WRITE;
/*!40000 ALTER TABLE `ec_shared_wishlists` DISABLE KEYS */;
/*!40000 ALTER TABLE `ec_shared_wishlists` ENABLE KEYS */;
UNLOCK TABLES;

--
-- Table structure for table `ec_shipment_histories`
--

DROP TABLE IF EXISTS `ec_shipment_histories`;
/*!40101 SET @saved_cs_client     = @@character_set_client */;
/*!50503 SET character_set_client = utf8mb4 */;
CREATE TABLE `ec_shipment_histories` (
  `id` bigint unsigned NOT NULL AUTO_INCREMENT,
  `action` varchar(120) COLLATE utf8mb4_unicode_ci NOT NULL,
  `description` varchar(400) COLLATE utf8mb4_unicode_ci DEFAULT NULL,
  `user_id` bigint unsigned DEFAULT NULL,
  `shipment_id` bigint unsigned NOT NULL,
  `order_id` bigint unsigned NOT NULL,
  `created_at` timestamp NULL DEFAULT NULL,
  `updated_at` timestamp NULL DEFAULT NULL,
  `user_type` varchar(191) COLLATE utf8mb4_unicode_ci NOT NULL DEFAULT 'Botble\\ACL\\Models\\User',
  PRIMARY KEY (`id`)
) ENGINE=InnoDB DEFAULT CHARSET=utf8mb4 COLLATE=utf8mb4_unicode_ci;
/*!40101 SET character_set_client = @saved_cs_client */;

--
-- Dumping data for table `ec_shipment_histories`
--

LOCK TABLES `ec_shipment_histories` WRITE;
/*!40000 ALTER TABLE `ec_shipment_histories` DISABLE KEYS */;
/*!40000 ALTER TABLE `ec_shipment_histories` ENABLE KEYS */;
UNLOCK TABLES;

--
-- Table structure for table `ec_shipments`
--

DROP TABLE IF EXISTS `ec_shipments`;
/*!40101 SET @saved_cs_client     = @@character_set_client */;
/*!50503 SET character_set_client = utf8mb4 */;
CREATE TABLE `ec_shipments` (
  `id` bigint unsigned NOT NULL AUTO_INCREMENT,
  `order_id` bigint unsigned NOT NULL,
  `user_id` bigint unsigned DEFAULT NULL,
  `weight` double DEFAULT '0',
  `shipment_id` varchar(120) COLLATE utf8mb4_unicode_ci DEFAULT NULL,
  `rate_id` varchar(120) COLLATE utf8mb4_unicode_ci DEFAULT NULL,
  `note` varchar(120) COLLATE utf8mb4_unicode_ci DEFAULT NULL,
  `status` varchar(120) COLLATE utf8mb4_unicode_ci NOT NULL DEFAULT 'pending',
  `cod_amount` decimal(15,2) DEFAULT '0.00',
  `cod_status` varchar(60) COLLATE utf8mb4_unicode_ci NOT NULL DEFAULT 'pending',
  `cross_checking_status` varchar(60) COLLATE utf8mb4_unicode_ci NOT NULL DEFAULT 'pending',
  `price` decimal(15,2) DEFAULT '0.00',
  `store_id` bigint unsigned DEFAULT NULL,
  `created_at` timestamp NULL DEFAULT NULL,
  `updated_at` timestamp NULL DEFAULT NULL,
  `tracking_id` varchar(191) COLLATE utf8mb4_unicode_ci DEFAULT NULL,
  `shipping_company_name` varchar(191) COLLATE utf8mb4_unicode_ci DEFAULT NULL,
  `tracking_link` varchar(191) COLLATE utf8mb4_unicode_ci DEFAULT NULL,
  `estimate_date_shipped` datetime DEFAULT NULL,
  `date_shipped` datetime DEFAULT NULL,
  `customer_delivered_confirmed_at` timestamp NULL DEFAULT NULL,
  `label_url` text COLLATE utf8mb4_unicode_ci,
  `metadata` mediumtext COLLATE utf8mb4_unicode_ci,
  PRIMARY KEY (`id`)
) ENGINE=InnoDB DEFAULT CHARSET=utf8mb4 COLLATE=utf8mb4_unicode_ci;
/*!40101 SET character_set_client = @saved_cs_client */;

--
-- Dumping data for table `ec_shipments`
--

LOCK TABLES `ec_shipments` WRITE;
/*!40000 ALTER TABLE `ec_shipments` DISABLE KEYS */;
/*!40000 ALTER TABLE `ec_shipments` ENABLE KEYS */;
UNLOCK TABLES;

--
-- Table structure for table `ec_shipping`
--

DROP TABLE IF EXISTS `ec_shipping`;
/*!40101 SET @saved_cs_client     = @@character_set_client */;
/*!50503 SET character_set_client = utf8mb4 */;
CREATE TABLE `ec_shipping` (
  `id` bigint unsigned NOT NULL AUTO_INCREMENT,
  `title` varchar(191) COLLATE utf8mb4_unicode_ci DEFAULT NULL,
  `country` varchar(120) COLLATE utf8mb4_unicode_ci DEFAULT NULL,
  `created_at` timestamp NULL DEFAULT NULL,
  `updated_at` timestamp NULL DEFAULT NULL,
  PRIMARY KEY (`id`)
) ENGINE=InnoDB AUTO_INCREMENT=2 DEFAULT CHARSET=utf8mb4 COLLATE=utf8mb4_unicode_ci;
/*!40101 SET character_set_client = @saved_cs_client */;

--
-- Dumping data for table `ec_shipping`
--

LOCK TABLES `ec_shipping` WRITE;
/*!40000 ALTER TABLE `ec_shipping` DISABLE KEYS */;
INSERT INTO `ec_shipping` VALUES (1,'All',NULL,'2025-06-09 17:17:43','2025-06-09 17:17:43');
/*!40000 ALTER TABLE `ec_shipping` ENABLE KEYS */;
UNLOCK TABLES;

--
-- Table structure for table `ec_shipping_rule_items`
--

DROP TABLE IF EXISTS `ec_shipping_rule_items`;
/*!40101 SET @saved_cs_client     = @@character_set_client */;
/*!50503 SET character_set_client = utf8mb4 */;
CREATE TABLE `ec_shipping_rule_items` (
  `id` bigint unsigned NOT NULL AUTO_INCREMENT,
  `shipping_rule_id` bigint unsigned NOT NULL,
  `country` varchar(120) COLLATE utf8mb4_unicode_ci DEFAULT NULL,
  `state` varchar(120) COLLATE utf8mb4_unicode_ci DEFAULT NULL,
  `city` varchar(120) COLLATE utf8mb4_unicode_ci DEFAULT NULL,
  `zip_code` varchar(20) COLLATE utf8mb4_unicode_ci DEFAULT NULL,
  `adjustment_price` decimal(15,2) DEFAULT '0.00',
  `is_enabled` tinyint(1) NOT NULL DEFAULT '1',
  `created_at` timestamp NULL DEFAULT NULL,
  `updated_at` timestamp NULL DEFAULT NULL,
  PRIMARY KEY (`id`)
) ENGINE=InnoDB DEFAULT CHARSET=utf8mb4 COLLATE=utf8mb4_unicode_ci;
/*!40101 SET character_set_client = @saved_cs_client */;

--
-- Dumping data for table `ec_shipping_rule_items`
--

LOCK TABLES `ec_shipping_rule_items` WRITE;
/*!40000 ALTER TABLE `ec_shipping_rule_items` DISABLE KEYS */;
/*!40000 ALTER TABLE `ec_shipping_rule_items` ENABLE KEYS */;
UNLOCK TABLES;

--
-- Table structure for table `ec_shipping_rules`
--

DROP TABLE IF EXISTS `ec_shipping_rules`;
/*!40101 SET @saved_cs_client     = @@character_set_client */;
/*!50503 SET character_set_client = utf8mb4 */;
CREATE TABLE `ec_shipping_rules` (
  `id` bigint unsigned NOT NULL AUTO_INCREMENT,
  `name` varchar(120) COLLATE utf8mb4_unicode_ci NOT NULL,
  `shipping_id` bigint unsigned NOT NULL,
  `type` varchar(24) COLLATE utf8mb4_unicode_ci DEFAULT 'based_on_price',
  `from` decimal(15,2) DEFAULT '0.00',
  `to` decimal(15,2) DEFAULT '0.00',
  `price` decimal(15,2) DEFAULT '0.00',
  `created_at` timestamp NULL DEFAULT NULL,
  `updated_at` timestamp NULL DEFAULT NULL,
  PRIMARY KEY (`id`)
) ENGINE=InnoDB AUTO_INCREMENT=4 DEFAULT CHARSET=utf8mb4 COLLATE=utf8mb4_unicode_ci;
/*!40101 SET character_set_client = @saved_cs_client */;

--
-- Dumping data for table `ec_shipping_rules`
--

LOCK TABLES `ec_shipping_rules` WRITE;
/*!40000 ALTER TABLE `ec_shipping_rules` DISABLE KEYS */;
INSERT INTO `ec_shipping_rules` VALUES (1,'Free delivery',1,'based_on_price',1000.00,NULL,0.00,'2025-06-09 17:17:43','2025-06-09 17:17:43'),(2,'Flat Rate',1,'based_on_price',0.00,NULL,20.00,'2025-06-09 17:17:43','2025-06-09 17:17:43'),(3,'Local Pickup',1,'based_on_price',0.00,NULL,0.00,'2025-06-09 17:17:43','2025-06-09 17:17:43');
/*!40000 ALTER TABLE `ec_shipping_rules` ENABLE KEYS */;
UNLOCK TABLES;

--
-- Table structure for table `ec_specification_attributes`
--

DROP TABLE IF EXISTS `ec_specification_attributes`;
/*!40101 SET @saved_cs_client     = @@character_set_client */;
/*!50503 SET character_set_client = utf8mb4 */;
CREATE TABLE `ec_specification_attributes` (
  `id` bigint unsigned NOT NULL AUTO_INCREMENT,
  `group_id` bigint unsigned NOT NULL,
  `name` varchar(191) COLLATE utf8mb4_unicode_ci NOT NULL,
  `type` varchar(20) COLLATE utf8mb4_unicode_ci NOT NULL,
  `options` text COLLATE utf8mb4_unicode_ci,
  `default_value` varchar(191) COLLATE utf8mb4_unicode_ci DEFAULT NULL,
  `created_at` timestamp NULL DEFAULT NULL,
  `updated_at` timestamp NULL DEFAULT NULL,
  `author_type` varchar(191) COLLATE utf8mb4_unicode_ci DEFAULT NULL,
  `author_id` bigint unsigned DEFAULT NULL,
  PRIMARY KEY (`id`),
  KEY `ec_specification_attributes_author_type_author_id_index` (`author_type`,`author_id`)
) ENGINE=InnoDB AUTO_INCREMENT=9 DEFAULT CHARSET=utf8mb4 COLLATE=utf8mb4_unicode_ci;
/*!40101 SET character_set_client = @saved_cs_client */;

--
-- Dumping data for table `ec_specification_attributes`
--

LOCK TABLES `ec_specification_attributes` WRITE;
/*!40000 ALTER TABLE `ec_specification_attributes` DISABLE KEYS */;
INSERT INTO `ec_specification_attributes` VALUES (1,1,'Height','text',NULL,NULL,'2025-06-09 17:17:54','2025-06-09 17:17:54',NULL,NULL),(2,1,'Width','text',NULL,NULL,'2025-06-09 17:17:54','2025-06-09 17:17:54',NULL,NULL),(3,1,'Weight','text',NULL,NULL,'2025-06-09 17:17:54','2025-06-09 17:17:54',NULL,NULL),(4,2,'Power','text',NULL,NULL,'2025-06-09 17:17:54','2025-06-09 17:17:54',NULL,NULL),(5,2,'Speed','text',NULL,NULL,'2025-06-09 17:17:54','2025-06-09 17:17:54',NULL,NULL),(6,3,'Battery Life','text',NULL,NULL,'2025-06-09 17:17:54','2025-06-09 17:17:54',NULL,NULL),(7,4,'Screen Size','text',NULL,NULL,'2025-06-09 17:17:54','2025-06-09 17:17:54',NULL,NULL),(8,4,'Resolution','select','[\"1920x1080\",\"2560x1440\",\"3840x2160\"]',NULL,'2025-06-09 17:17:54','2025-06-09 17:17:54',NULL,NULL);
/*!40000 ALTER TABLE `ec_specification_attributes` ENABLE KEYS */;
UNLOCK TABLES;

--
-- Table structure for table `ec_specification_attributes_translations`
--

DROP TABLE IF EXISTS `ec_specification_attributes_translations`;
/*!40101 SET @saved_cs_client     = @@character_set_client */;
/*!50503 SET character_set_client = utf8mb4 */;
CREATE TABLE `ec_specification_attributes_translations` (
  `lang_code` varchar(20) COLLATE utf8mb4_unicode_ci NOT NULL,
  `ec_specification_attributes_id` bigint unsigned NOT NULL,
  `name` varchar(191) COLLATE utf8mb4_unicode_ci DEFAULT NULL,
  `options` text COLLATE utf8mb4_unicode_ci,
  `default_value` varchar(191) COLLATE utf8mb4_unicode_ci DEFAULT NULL,
  PRIMARY KEY (`lang_code`,`ec_specification_attributes_id`)
) ENGINE=InnoDB DEFAULT CHARSET=utf8mb4 COLLATE=utf8mb4_unicode_ci;
/*!40101 SET character_set_client = @saved_cs_client */;

--
-- Dumping data for table `ec_specification_attributes_translations`
--

LOCK TABLES `ec_specification_attributes_translations` WRITE;
/*!40000 ALTER TABLE `ec_specification_attributes_translations` DISABLE KEYS */;
/*!40000 ALTER TABLE `ec_specification_attributes_translations` ENABLE KEYS */;
UNLOCK TABLES;

--
-- Table structure for table `ec_specification_groups`
--

DROP TABLE IF EXISTS `ec_specification_groups`;
/*!40101 SET @saved_cs_client     = @@character_set_client */;
/*!50503 SET character_set_client = utf8mb4 */;
CREATE TABLE `ec_specification_groups` (
  `id` bigint unsigned NOT NULL AUTO_INCREMENT,
  `name` varchar(191) COLLATE utf8mb4_unicode_ci NOT NULL,
  `description` varchar(400) COLLATE utf8mb4_unicode_ci DEFAULT NULL,
  `created_at` timestamp NULL DEFAULT NULL,
  `updated_at` timestamp NULL DEFAULT NULL,
  `author_type` varchar(191) COLLATE utf8mb4_unicode_ci DEFAULT NULL,
  `author_id` bigint unsigned DEFAULT NULL,
  PRIMARY KEY (`id`),
  KEY `ec_specification_groups_author_type_author_id_index` (`author_type`,`author_id`)
) ENGINE=InnoDB AUTO_INCREMENT=5 DEFAULT CHARSET=utf8mb4 COLLATE=utf8mb4_unicode_ci;
/*!40101 SET character_set_client = @saved_cs_client */;

--
-- Dumping data for table `ec_specification_groups`
--

LOCK TABLES `ec_specification_groups` WRITE;
/*!40000 ALTER TABLE `ec_specification_groups` DISABLE KEYS */;
INSERT INTO `ec_specification_groups` VALUES (1,'Dimensions',NULL,'2025-06-09 17:17:54','2025-06-09 17:17:54',NULL,NULL),(2,'Performance',NULL,'2025-06-09 17:17:54','2025-06-09 17:17:54',NULL,NULL),(3,'Battery',NULL,'2025-06-09 17:17:54','2025-06-09 17:17:54',NULL,NULL),(4,'Display',NULL,'2025-06-09 17:17:54','2025-06-09 17:17:54',NULL,NULL);
/*!40000 ALTER TABLE `ec_specification_groups` ENABLE KEYS */;
UNLOCK TABLES;

--
-- Table structure for table `ec_specification_groups_translations`
--

DROP TABLE IF EXISTS `ec_specification_groups_translations`;
/*!40101 SET @saved_cs_client     = @@character_set_client */;
/*!50503 SET character_set_client = utf8mb4 */;
CREATE TABLE `ec_specification_groups_translations` (
  `lang_code` varchar(20) COLLATE utf8mb4_unicode_ci NOT NULL,
  `ec_specification_groups_id` bigint unsigned NOT NULL,
  `name` varchar(191) COLLATE utf8mb4_unicode_ci DEFAULT NULL,
  `description` varchar(400) COLLATE utf8mb4_unicode_ci DEFAULT NULL,
  PRIMARY KEY (`lang_code`,`ec_specification_groups_id`)
) ENGINE=InnoDB DEFAULT CHARSET=utf8mb4 COLLATE=utf8mb4_unicode_ci;
/*!40101 SET character_set_client = @saved_cs_client */;

--
-- Dumping data for table `ec_specification_groups_translations`
--

LOCK TABLES `ec_specification_groups_translations` WRITE;
/*!40000 ALTER TABLE `ec_specification_groups_translations` DISABLE KEYS */;
/*!40000 ALTER TABLE `ec_specification_groups_translations` ENABLE KEYS */;
UNLOCK TABLES;

--
-- Table structure for table `ec_specification_table_group`
--

DROP TABLE IF EXISTS `ec_specification_table_group`;
/*!40101 SET @saved_cs_client     = @@character_set_client */;
/*!50503 SET character_set_client = utf8mb4 */;
CREATE TABLE `ec_specification_table_group` (
  `table_id` bigint unsigned NOT NULL,
  `group_id` bigint unsigned NOT NULL,
  `order` tinyint NOT NULL DEFAULT '0',
  PRIMARY KEY (`table_id`,`group_id`)
) ENGINE=InnoDB DEFAULT CHARSET=utf8mb4 COLLATE=utf8mb4_unicode_ci;
/*!40101 SET character_set_client = @saved_cs_client */;

--
-- Dumping data for table `ec_specification_table_group`
--

LOCK TABLES `ec_specification_table_group` WRITE;
/*!40000 ALTER TABLE `ec_specification_table_group` DISABLE KEYS */;
INSERT INTO `ec_specification_table_group` VALUES (1,1,0),(1,2,0),(2,3,0),(2,4,0);
/*!40000 ALTER TABLE `ec_specification_table_group` ENABLE KEYS */;
UNLOCK TABLES;

--
-- Table structure for table `ec_specification_tables`
--

DROP TABLE IF EXISTS `ec_specification_tables`;
/*!40101 SET @saved_cs_client     = @@character_set_client */;
/*!50503 SET character_set_client = utf8mb4 */;
CREATE TABLE `ec_specification_tables` (
  `id` bigint unsigned NOT NULL AUTO_INCREMENT,
  `name` varchar(191) COLLATE utf8mb4_unicode_ci NOT NULL,
  `description` varchar(400) COLLATE utf8mb4_unicode_ci DEFAULT NULL,
  `created_at` timestamp NULL DEFAULT NULL,
  `updated_at` timestamp NULL DEFAULT NULL,
  `author_type` varchar(191) COLLATE utf8mb4_unicode_ci DEFAULT NULL,
  `author_id` bigint unsigned DEFAULT NULL,
  PRIMARY KEY (`id`),
  KEY `ec_specification_tables_author_type_author_id_index` (`author_type`,`author_id`)
) ENGINE=InnoDB AUTO_INCREMENT=3 DEFAULT CHARSET=utf8mb4 COLLATE=utf8mb4_unicode_ci;
/*!40101 SET character_set_client = @saved_cs_client */;

--
-- Dumping data for table `ec_specification_tables`
--

LOCK TABLES `ec_specification_tables` WRITE;
/*!40000 ALTER TABLE `ec_specification_tables` DISABLE KEYS */;
INSERT INTO `ec_specification_tables` VALUES (1,'General Specification',NULL,'2025-06-09 17:17:54','2025-06-09 17:17:54',NULL,NULL),(2,'Technical Specification',NULL,'2025-06-09 17:17:54','2025-06-09 17:17:54',NULL,NULL);
/*!40000 ALTER TABLE `ec_specification_tables` ENABLE KEYS */;
UNLOCK TABLES;

--
-- Table structure for table `ec_specification_tables_translations`
--

DROP TABLE IF EXISTS `ec_specification_tables_translations`;
/*!40101 SET @saved_cs_client     = @@character_set_client */;
/*!50503 SET character_set_client = utf8mb4 */;
CREATE TABLE `ec_specification_tables_translations` (
  `lang_code` varchar(20) COLLATE utf8mb4_unicode_ci NOT NULL,
  `ec_specification_tables_id` bigint unsigned NOT NULL,
  `name` varchar(191) COLLATE utf8mb4_unicode_ci DEFAULT NULL,
  `description` varchar(400) COLLATE utf8mb4_unicode_ci DEFAULT NULL,
  PRIMARY KEY (`lang_code`,`ec_specification_tables_id`)
) ENGINE=InnoDB DEFAULT CHARSET=utf8mb4 COLLATE=utf8mb4_unicode_ci;
/*!40101 SET character_set_client = @saved_cs_client */;

--
-- Dumping data for table `ec_specification_tables_translations`
--

LOCK TABLES `ec_specification_tables_translations` WRITE;
/*!40000 ALTER TABLE `ec_specification_tables_translations` DISABLE KEYS */;
/*!40000 ALTER TABLE `ec_specification_tables_translations` ENABLE KEYS */;
UNLOCK TABLES;

--
-- Table structure for table `ec_store_locators`
--

DROP TABLE IF EXISTS `ec_store_locators`;
/*!40101 SET @saved_cs_client     = @@character_set_client */;
/*!50503 SET character_set_client = utf8mb4 */;
CREATE TABLE `ec_store_locators` (
  `id` bigint unsigned NOT NULL AUTO_INCREMENT,
  `name` varchar(60) COLLATE utf8mb4_unicode_ci NOT NULL,
  `email` varchar(60) COLLATE utf8mb4_unicode_ci DEFAULT NULL,
  `phone` varchar(20) COLLATE utf8mb4_unicode_ci NOT NULL,
  `address` varchar(191) COLLATE utf8mb4_unicode_ci NOT NULL,
  `country` varchar(120) COLLATE utf8mb4_unicode_ci DEFAULT NULL,
  `state` varchar(120) COLLATE utf8mb4_unicode_ci DEFAULT NULL,
  `city` varchar(120) COLLATE utf8mb4_unicode_ci DEFAULT NULL,
  `is_primary` tinyint(1) DEFAULT '0',
  `is_shipping_location` tinyint(1) DEFAULT '1',
  `created_at` timestamp NULL DEFAULT NULL,
  `updated_at` timestamp NULL DEFAULT NULL,
  `zip_code` varchar(20) COLLATE utf8mb4_unicode_ci DEFAULT NULL,
  PRIMARY KEY (`id`)
) ENGINE=InnoDB DEFAULT CHARSET=utf8mb4 COLLATE=utf8mb4_unicode_ci;
/*!40101 SET character_set_client = @saved_cs_client */;

--
-- Dumping data for table `ec_store_locators`
--

LOCK TABLES `ec_store_locators` WRITE;
/*!40000 ALTER TABLE `ec_store_locators` DISABLE KEYS */;
/*!40000 ALTER TABLE `ec_store_locators` ENABLE KEYS */;
UNLOCK TABLES;

--
-- Table structure for table `ec_tax_products`
--

DROP TABLE IF EXISTS `ec_tax_products`;
/*!40101 SET @saved_cs_client     = @@character_set_client */;
/*!50503 SET character_set_client = utf8mb4 */;
CREATE TABLE `ec_tax_products` (
  `tax_id` bigint unsigned NOT NULL,
  `product_id` bigint unsigned NOT NULL,
  PRIMARY KEY (`product_id`,`tax_id`),
  KEY `ec_tax_products_tax_id_index` (`tax_id`),
  KEY `ec_tax_products_product_id_index` (`product_id`)
) ENGINE=InnoDB DEFAULT CHARSET=utf8mb4 COLLATE=utf8mb4_unicode_ci;
/*!40101 SET character_set_client = @saved_cs_client */;

--
-- Dumping data for table `ec_tax_products`
--

LOCK TABLES `ec_tax_products` WRITE;
/*!40000 ALTER TABLE `ec_tax_products` DISABLE KEYS */;
INSERT INTO `ec_tax_products` VALUES (1,1),(1,2),(1,3),(1,4),(1,5),(1,6),(1,7),(1,8),(1,9),(1,10),(1,11),(1,12),(1,13),(1,14),(1,15),(1,16),(1,17),(1,18),(1,19),(1,20),(1,21),(1,22),(1,23),(1,24),(1,25),(1,26),(1,27),(1,28),(1,29),(1,30),(1,31),(1,32),(1,33),(1,34),(1,35),(1,36),(1,37),(1,38),(1,39),(1,40),(1,41),(1,42),(1,43),(1,44),(1,45),(1,46),(1,47),(1,48),(1,49),(1,50),(1,51),(1,52),(1,53),(1,54),(1,55),(1,56),(1,57),(1,58),(1,59),(1,60),(1,61),(1,62),(1,63),(1,64),(1,65),(1,66),(1,67),(1,68),(1,69),(1,70),(1,71),(1,72),(1,73),(1,74),(1,75);
/*!40000 ALTER TABLE `ec_tax_products` ENABLE KEYS */;
UNLOCK TABLES;

--
-- Table structure for table `ec_tax_rules`
--

DROP TABLE IF EXISTS `ec_tax_rules`;
/*!40101 SET @saved_cs_client     = @@character_set_client */;
/*!50503 SET character_set_client = utf8mb4 */;
CREATE TABLE `ec_tax_rules` (
  `id` bigint unsigned NOT NULL AUTO_INCREMENT,
  `tax_id` bigint unsigned NOT NULL,
  `country` varchar(120) COLLATE utf8mb4_unicode_ci DEFAULT NULL,
  `state` varchar(120) COLLATE utf8mb4_unicode_ci DEFAULT NULL,
  `city` varchar(120) COLLATE utf8mb4_unicode_ci DEFAULT NULL,
  `zip_code` varchar(20) COLLATE utf8mb4_unicode_ci DEFAULT NULL,
  `priority` int DEFAULT NULL,
  `is_enabled` tinyint(1) NOT NULL DEFAULT '1',
  `created_at` timestamp NULL DEFAULT NULL,
  `updated_at` timestamp NULL DEFAULT NULL,
  `percentage` float DEFAULT NULL,
  PRIMARY KEY (`id`)
) ENGINE=InnoDB DEFAULT CHARSET=utf8mb4 COLLATE=utf8mb4_unicode_ci;
/*!40101 SET character_set_client = @saved_cs_client */;

--
-- Dumping data for table `ec_tax_rules`
--

LOCK TABLES `ec_tax_rules` WRITE;
/*!40000 ALTER TABLE `ec_tax_rules` DISABLE KEYS */;
/*!40000 ALTER TABLE `ec_tax_rules` ENABLE KEYS */;
UNLOCK TABLES;

--
-- Table structure for table `ec_taxes`
--

DROP TABLE IF EXISTS `ec_taxes`;
/*!40101 SET @saved_cs_client     = @@character_set_client */;
/*!50503 SET character_set_client = utf8mb4 */;
CREATE TABLE `ec_taxes` (
  `id` bigint unsigned NOT NULL AUTO_INCREMENT,
  `title` varchar(191) COLLATE utf8mb4_unicode_ci DEFAULT NULL,
  `percentage` float DEFAULT NULL,
  `priority` int DEFAULT NULL,
  `status` varchar(60) COLLATE utf8mb4_unicode_ci NOT NULL DEFAULT 'published',
  `created_at` timestamp NULL DEFAULT NULL,
  `updated_at` timestamp NULL DEFAULT NULL,
  PRIMARY KEY (`id`)
) ENGINE=InnoDB AUTO_INCREMENT=4 DEFAULT CHARSET=utf8mb4 COLLATE=utf8mb4_unicode_ci;
/*!40101 SET character_set_client = @saved_cs_client */;

--
-- Dumping data for table `ec_taxes`
--

LOCK TABLES `ec_taxes` WRITE;
/*!40000 ALTER TABLE `ec_taxes` DISABLE KEYS */;
INSERT INTO `ec_taxes` VALUES (1,'VAT',10,1,'published','2025-06-09 17:17:44','2025-06-09 17:17:44'),(2,'None',0,2,'published','2025-06-09 17:17:44','2025-06-09 17:17:44'),(3,'Import Tax',15,3,'published','2025-06-09 17:17:44','2025-06-09 17:17:44');
/*!40000 ALTER TABLE `ec_taxes` ENABLE KEYS */;
UNLOCK TABLES;

--
-- Table structure for table `ec_taxes_translations`
--

DROP TABLE IF EXISTS `ec_taxes_translations`;
/*!40101 SET @saved_cs_client     = @@character_set_client */;
/*!50503 SET character_set_client = utf8mb4 */;
CREATE TABLE `ec_taxes_translations` (
  `lang_code` varchar(191) COLLATE utf8mb4_unicode_ci NOT NULL,
  `ec_taxes_id` bigint unsigned NOT NULL,
  `title` varchar(191) COLLATE utf8mb4_unicode_ci DEFAULT NULL,
  PRIMARY KEY (`lang_code`,`ec_taxes_id`)
) ENGINE=InnoDB DEFAULT CHARSET=utf8mb4 COLLATE=utf8mb4_unicode_ci;
/*!40101 SET character_set_client = @saved_cs_client */;

--
-- Dumping data for table `ec_taxes_translations`
--

LOCK TABLES `ec_taxes_translations` WRITE;
/*!40000 ALTER TABLE `ec_taxes_translations` DISABLE KEYS */;
/*!40000 ALTER TABLE `ec_taxes_translations` ENABLE KEYS */;
UNLOCK TABLES;

--
-- Table structure for table `ec_wish_lists`
--

DROP TABLE IF EXISTS `ec_wish_lists`;
/*!40101 SET @saved_cs_client     = @@character_set_client */;
/*!50503 SET character_set_client = utf8mb4 */;
CREATE TABLE `ec_wish_lists` (
  `customer_id` bigint unsigned NOT NULL,
  `product_id` bigint unsigned NOT NULL,
  `created_at` timestamp NULL DEFAULT NULL,
  `updated_at` timestamp NULL DEFAULT NULL,
  PRIMARY KEY (`customer_id`,`product_id`),
  KEY `wishlist_relation_index` (`product_id`,`customer_id`)
) ENGINE=InnoDB DEFAULT CHARSET=utf8mb4 COLLATE=utf8mb4_unicode_ci;
/*!40101 SET character_set_client = @saved_cs_client */;

--
-- Dumping data for table `ec_wish_lists`
--

LOCK TABLES `ec_wish_lists` WRITE;
/*!40000 ALTER TABLE `ec_wish_lists` DISABLE KEYS */;
/*!40000 ALTER TABLE `ec_wish_lists` ENABLE KEYS */;
UNLOCK TABLES;

--
-- Table structure for table `failed_jobs`
--

DROP TABLE IF EXISTS `failed_jobs`;
/*!40101 SET @saved_cs_client     = @@character_set_client */;
/*!50503 SET character_set_client = utf8mb4 */;
CREATE TABLE `failed_jobs` (
  `id` bigint unsigned NOT NULL AUTO_INCREMENT,
  `uuid` varchar(191) COLLATE utf8mb4_unicode_ci NOT NULL,
  `connection` text COLLATE utf8mb4_unicode_ci NOT NULL,
  `queue` text COLLATE utf8mb4_unicode_ci NOT NULL,
  `payload` longtext COLLATE utf8mb4_unicode_ci NOT NULL,
  `exception` longtext COLLATE utf8mb4_unicode_ci NOT NULL,
  `failed_at` timestamp NOT NULL DEFAULT CURRENT_TIMESTAMP,
  PRIMARY KEY (`id`),
  UNIQUE KEY `failed_jobs_uuid_unique` (`uuid`)
) ENGINE=InnoDB DEFAULT CHARSET=utf8mb4 COLLATE=utf8mb4_unicode_ci;
/*!40101 SET character_set_client = @saved_cs_client */;

--
-- Dumping data for table `failed_jobs`
--

LOCK TABLES `failed_jobs` WRITE;
/*!40000 ALTER TABLE `failed_jobs` DISABLE KEYS */;
/*!40000 ALTER TABLE `failed_jobs` ENABLE KEYS */;
UNLOCK TABLES;

--
-- Table structure for table `faq_categories`
--

DROP TABLE IF EXISTS `faq_categories`;
/*!40101 SET @saved_cs_client     = @@character_set_client */;
/*!50503 SET character_set_client = utf8mb4 */;
CREATE TABLE `faq_categories` (
  `id` bigint unsigned NOT NULL AUTO_INCREMENT,
  `name` varchar(120) COLLATE utf8mb4_unicode_ci NOT NULL,
  `order` tinyint NOT NULL DEFAULT '0',
  `status` varchar(60) COLLATE utf8mb4_unicode_ci NOT NULL DEFAULT 'published',
  `created_at` timestamp NULL DEFAULT NULL,
  `updated_at` timestamp NULL DEFAULT NULL,
  `description` varchar(400) COLLATE utf8mb4_unicode_ci DEFAULT NULL,
  PRIMARY KEY (`id`)
) ENGINE=InnoDB AUTO_INCREMENT=4 DEFAULT CHARSET=utf8mb4 COLLATE=utf8mb4_unicode_ci;
/*!40101 SET character_set_client = @saved_cs_client */;

--
-- Dumping data for table `faq_categories`
--

LOCK TABLES `faq_categories` WRITE;
/*!40000 ALTER TABLE `faq_categories` DISABLE KEYS */;
INSERT INTO `faq_categories` VALUES (1,'Ordering Process',0,'published','2025-06-09 17:17:44','2025-06-09 17:17:44',NULL),(2,'Product Returns',1,'published','2025-06-09 17:17:44','2025-06-09 17:17:44',NULL),(3,'Product Availability',2,'published','2025-06-09 17:17:44','2025-06-09 17:17:44',NULL);
/*!40000 ALTER TABLE `faq_categories` ENABLE KEYS */;
UNLOCK TABLES;

--
-- Table structure for table `faq_categories_translations`
--

DROP TABLE IF EXISTS `faq_categories_translations`;
/*!40101 SET @saved_cs_client     = @@character_set_client */;
/*!50503 SET character_set_client = utf8mb4 */;
CREATE TABLE `faq_categories_translations` (
  `lang_code` varchar(20) COLLATE utf8mb4_unicode_ci NOT NULL,
  `faq_categories_id` bigint unsigned NOT NULL,
  `name` varchar(120) COLLATE utf8mb4_unicode_ci DEFAULT NULL,
  PRIMARY KEY (`lang_code`,`faq_categories_id`)
) ENGINE=InnoDB DEFAULT CHARSET=utf8mb4 COLLATE=utf8mb4_unicode_ci;
/*!40101 SET character_set_client = @saved_cs_client */;

--
-- Dumping data for table `faq_categories_translations`
--

LOCK TABLES `faq_categories_translations` WRITE;
/*!40000 ALTER TABLE `faq_categories_translations` DISABLE KEYS */;
/*!40000 ALTER TABLE `faq_categories_translations` ENABLE KEYS */;
UNLOCK TABLES;

--
-- Table structure for table `faqs`
--

DROP TABLE IF EXISTS `faqs`;
/*!40101 SET @saved_cs_client     = @@character_set_client */;
/*!50503 SET character_set_client = utf8mb4 */;
CREATE TABLE `faqs` (
  `id` bigint unsigned NOT NULL AUTO_INCREMENT,
  `question` text COLLATE utf8mb4_unicode_ci NOT NULL,
  `answer` text COLLATE utf8mb4_unicode_ci NOT NULL,
  `category_id` bigint unsigned NOT NULL,
  `status` varchar(60) COLLATE utf8mb4_unicode_ci NOT NULL DEFAULT 'published',
  `created_at` timestamp NULL DEFAULT NULL,
  `updated_at` timestamp NULL DEFAULT NULL,
  PRIMARY KEY (`id`)
) ENGINE=InnoDB AUTO_INCREMENT=13 DEFAULT CHARSET=utf8mb4 COLLATE=utf8mb4_unicode_ci;
/*!40101 SET character_set_client = @saved_cs_client */;

--
-- Dumping data for table `faqs`
--

LOCK TABLES `faqs` WRITE;
/*!40000 ALTER TABLE `faqs` DISABLE KEYS */;
INSERT INTO `faqs` VALUES (1,'How do I place an order?','To place an order, navigate to the product page, select the desired options, and click the \"Add to Cart\" button.',3,'published','2025-06-09 17:17:44','2025-06-09 17:17:44'),(2,'What are the shipping options?','We offer standard and expedited shipping options. Shipping costs and delivery times vary based on your location and chosen shipping method.',2,'published','2025-06-09 17:17:44','2025-06-09 17:17:44'),(3,'How can I return a product?','If you are not satisfied with your purchase, you can initiate a return within 30 days of receiving the product. Contact our customer service for further instructions.',2,'published','2025-06-09 17:17:44','2025-06-09 17:17:44'),(4,'What payment methods do you accept?','We accept major credit cards, PayPal, and other secure payment methods.',3,'published','2025-06-09 17:17:44','2025-06-09 17:17:44'),(5,'How can I update my account information?','Log in to your account and go to the \"Account Settings\" page to update your information, including your password and shipping address.',1,'published','2025-06-09 17:17:44','2025-06-09 17:17:44'),(6,'Are there any ongoing promotions or discounts?','Check our \"Promotions\" page for information on current discounts, special offers, and ongoing promotions.',3,'published','2025-06-09 17:17:44','2025-06-09 17:17:44'),(7,'Is the product in stock?','Product availability is indicated on each product page. If a product is out of stock, you may choose to be notified when it becomes available.',3,'published','2025-06-09 17:17:44','2025-06-09 17:17:44'),(8,'How is my personal information secured?','We take the security and privacy of your information seriously. Our website uses encryption technology to protect your personal data.',3,'published','2025-06-09 17:17:44','2025-06-09 17:17:44'),(9,'How do I get technical support?','For technical issues or assistance, contact our customer support team through the \"Contact Us\" page, and we will help you resolve any problems.',1,'published','2025-06-09 17:17:44','2025-06-09 17:17:44'),(10,'Do you offer international shipping?','Yes, we offer international shipping to many countries. Shipping costs and delivery times vary based on the destination.',1,'published','2025-06-09 17:17:44','2025-06-09 17:17:44'),(11,'Can I purchase a gift card?','Yes, we offer gift cards of varying denominations. Gift cards can be purchased on our website and make for a great gift for friends and family.',3,'published','2025-06-09 17:17:44','2025-06-09 17:17:44'),(12,'What is the warranty on your products?','Our products come with a standard warranty. Check the product documentation or contact our customer service for details on specific product warranties.',2,'published','2025-06-09 17:17:44','2025-06-09 17:17:44');
/*!40000 ALTER TABLE `faqs` ENABLE KEYS */;
UNLOCK TABLES;

--
-- Table structure for table `faqs_translations`
--

DROP TABLE IF EXISTS `faqs_translations`;
/*!40101 SET @saved_cs_client     = @@character_set_client */;
/*!50503 SET character_set_client = utf8mb4 */;
CREATE TABLE `faqs_translations` (
  `lang_code` varchar(20) COLLATE utf8mb4_unicode_ci NOT NULL,
  `faqs_id` bigint unsigned NOT NULL,
  `question` text COLLATE utf8mb4_unicode_ci,
  `answer` text COLLATE utf8mb4_unicode_ci,
  PRIMARY KEY (`lang_code`,`faqs_id`)
) ENGINE=InnoDB DEFAULT CHARSET=utf8mb4 COLLATE=utf8mb4_unicode_ci;
/*!40101 SET character_set_client = @saved_cs_client */;

--
-- Dumping data for table `faqs_translations`
--

LOCK TABLES `faqs_translations` WRITE;
/*!40000 ALTER TABLE `faqs_translations` DISABLE KEYS */;
/*!40000 ALTER TABLE `faqs_translations` ENABLE KEYS */;
UNLOCK TABLES;

--
-- Table structure for table `galleries`
--

DROP TABLE IF EXISTS `galleries`;
/*!40101 SET @saved_cs_client     = @@character_set_client */;
/*!50503 SET character_set_client = utf8mb4 */;
CREATE TABLE `galleries` (
  `id` bigint unsigned NOT NULL AUTO_INCREMENT,
  `name` varchar(120) COLLATE utf8mb4_unicode_ci NOT NULL,
  `description` longtext COLLATE utf8mb4_unicode_ci NOT NULL,
  `is_featured` tinyint unsigned NOT NULL DEFAULT '0',
  `order` tinyint unsigned NOT NULL DEFAULT '0',
  `image` varchar(191) COLLATE utf8mb4_unicode_ci DEFAULT NULL,
  `user_id` bigint unsigned DEFAULT NULL,
  `status` varchar(60) COLLATE utf8mb4_unicode_ci NOT NULL DEFAULT 'published',
  `created_at` timestamp NULL DEFAULT NULL,
  `updated_at` timestamp NULL DEFAULT NULL,
  PRIMARY KEY (`id`),
  KEY `galleries_user_id_index` (`user_id`)
) ENGINE=InnoDB AUTO_INCREMENT=7 DEFAULT CHARSET=utf8mb4 COLLATE=utf8mb4_unicode_ci;
/*!40101 SET character_set_client = @saved_cs_client */;

--
-- Dumping data for table `galleries`
--

LOCK TABLES `galleries` WRITE;
/*!40000 ALTER TABLE `galleries` DISABLE KEYS */;
INSERT INTO `galleries` VALUES (1,'Perfect','Non voluptas corrupti aut laudantium quo voluptatibus autem ullam. Quaerat vitae quis sit ut.',1,0,'galleries/1.jpg',1,'published','2025-06-09 17:17:58','2025-06-09 17:17:58'),(2,'New Day','Velit quia qui qui facilis. Id sint eaque quasi similique eligendi. Temporibus odio praesentium eum illo.',1,0,'galleries/2.jpg',1,'published','2025-06-09 17:17:58','2025-06-09 17:17:58'),(3,'Happy Day','Sunt cumque vel et aliquid ex voluptate omnis laboriosam. Magni dicta enim veniam minus. Molestiae aut tenetur eos omnis vel.',1,0,'galleries/3.jpg',1,'published','2025-06-09 17:17:58','2025-06-09 17:17:58'),(4,'Nature','Nobis ut minus ut asperiores ex voluptatum. Quia molestiae aliquid nostrum harum adipisci. Est aut impedit magnam nihil voluptate sed.',1,0,'galleries/4.jpg',1,'published','2025-06-09 17:17:58','2025-06-09 17:17:58'),(5,'Morning','Aperiam deleniti expedita officiis. Omnis atque pariatur vel est ut itaque fuga. Dicta est est vitae soluta. Quia aut dolores excepturi modi.',1,0,'galleries/5.jpg',1,'published','2025-06-09 17:17:58','2025-06-09 17:17:58'),(6,'Photography','Dicta sed saepe amet ipsum nisi consectetur laborum veniam. Amet dolorum voluptatem animi voluptatem. Id at esse omnis voluptatem rerum qui.',1,0,'galleries/6.jpg',1,'published','2025-06-09 17:17:58','2025-06-09 17:17:58');
/*!40000 ALTER TABLE `galleries` ENABLE KEYS */;
UNLOCK TABLES;

--
-- Table structure for table `galleries_translations`
--

DROP TABLE IF EXISTS `galleries_translations`;
/*!40101 SET @saved_cs_client     = @@character_set_client */;
/*!50503 SET character_set_client = utf8mb4 */;
CREATE TABLE `galleries_translations` (
  `lang_code` varchar(20) COLLATE utf8mb4_unicode_ci NOT NULL,
  `galleries_id` bigint unsigned NOT NULL,
  `name` varchar(191) COLLATE utf8mb4_unicode_ci DEFAULT NULL,
  `description` longtext COLLATE utf8mb4_unicode_ci,
  PRIMARY KEY (`lang_code`,`galleries_id`)
) ENGINE=InnoDB DEFAULT CHARSET=utf8mb4 COLLATE=utf8mb4_unicode_ci;
/*!40101 SET character_set_client = @saved_cs_client */;

--
-- Dumping data for table `galleries_translations`
--

LOCK TABLES `galleries_translations` WRITE;
/*!40000 ALTER TABLE `galleries_translations` DISABLE KEYS */;
/*!40000 ALTER TABLE `galleries_translations` ENABLE KEYS */;
UNLOCK TABLES;

--
-- Table structure for table `gallery_meta`
--

DROP TABLE IF EXISTS `gallery_meta`;
/*!40101 SET @saved_cs_client     = @@character_set_client */;
/*!50503 SET character_set_client = utf8mb4 */;
CREATE TABLE `gallery_meta` (
  `id` bigint unsigned NOT NULL AUTO_INCREMENT,
  `images` text COLLATE utf8mb4_unicode_ci,
  `reference_id` bigint unsigned NOT NULL,
  `reference_type` varchar(120) COLLATE utf8mb4_unicode_ci NOT NULL,
  `created_at` timestamp NULL DEFAULT NULL,
  `updated_at` timestamp NULL DEFAULT NULL,
  PRIMARY KEY (`id`),
  KEY `gallery_meta_reference_id_index` (`reference_id`)
) ENGINE=InnoDB AUTO_INCREMENT=7 DEFAULT CHARSET=utf8mb4 COLLATE=utf8mb4_unicode_ci;
/*!40101 SET character_set_client = @saved_cs_client */;

--
-- Dumping data for table `gallery_meta`
--

LOCK TABLES `gallery_meta` WRITE;
/*!40000 ALTER TABLE `gallery_meta` DISABLE KEYS */;
INSERT INTO `gallery_meta` VALUES (1,'[{\"img\":\"galleries\\/1.jpg\",\"description\":\"Eum tempore omnis labore. Eum voluptatum debitis quia ipsum laborum perspiciatis enim. Distinctio nihil commodi reprehenderit sunt.\"},{\"img\":\"galleries\\/2.jpg\",\"description\":\"Id et doloribus eius aut vero eius voluptatem. Ipsa sunt consequatur qui deserunt. Modi qui et ut ut rerum fugiat architecto praesentium.\"},{\"img\":\"galleries\\/3.jpg\",\"description\":\"Sit inventore fugit numquam est est vitae facilis. Nam suscipit molestias enim et dolor aut sapiente voluptatem. Alias recusandae omnis dolor velit.\"},{\"img\":\"galleries\\/4.jpg\",\"description\":\"Nihil est nesciunt autem modi provident. Velit ex natus eveniet atque perferendis. Qui unde est et ut qui. Quae ratione inventore qui.\"},{\"img\":\"galleries\\/5.jpg\",\"description\":\"Numquam excepturi recusandae incidunt expedita quod. Sed et molestias et et quam nostrum. Assumenda rem facilis qui eum eum dolorem tempore.\"},{\"img\":\"galleries\\/6.jpg\",\"description\":\"Ut porro ipsa eligendi veritatis ipsa voluptates ex aut. Ullam ut ipsum nihil voluptatem. Officia dicta non reprehenderit eos.\"}]',1,'Botble\\Gallery\\Models\\Gallery','2025-06-09 17:17:58','2025-06-09 17:17:58'),(2,'[{\"img\":\"galleries\\/1.jpg\",\"description\":\"Eum tempore omnis labore. Eum voluptatum debitis quia ipsum laborum perspiciatis enim. Distinctio nihil commodi reprehenderit sunt.\"},{\"img\":\"galleries\\/2.jpg\",\"description\":\"Id et doloribus eius aut vero eius voluptatem. Ipsa sunt consequatur qui deserunt. Modi qui et ut ut rerum fugiat architecto praesentium.\"},{\"img\":\"galleries\\/3.jpg\",\"description\":\"Sit inventore fugit numquam est est vitae facilis. Nam suscipit molestias enim et dolor aut sapiente voluptatem. Alias recusandae omnis dolor velit.\"},{\"img\":\"galleries\\/4.jpg\",\"description\":\"Nihil est nesciunt autem modi provident. Velit ex natus eveniet atque perferendis. Qui unde est et ut qui. Quae ratione inventore qui.\"},{\"img\":\"galleries\\/5.jpg\",\"description\":\"Numquam excepturi recusandae incidunt expedita quod. Sed et molestias et et quam nostrum. Assumenda rem facilis qui eum eum dolorem tempore.\"},{\"img\":\"galleries\\/6.jpg\",\"description\":\"Ut porro ipsa eligendi veritatis ipsa voluptates ex aut. Ullam ut ipsum nihil voluptatem. Officia dicta non reprehenderit eos.\"}]',2,'Botble\\Gallery\\Models\\Gallery','2025-06-09 17:17:58','2025-06-09 17:17:58'),(3,'[{\"img\":\"galleries\\/1.jpg\",\"description\":\"Eum tempore omnis labore. Eum voluptatum debitis quia ipsum laborum perspiciatis enim. Distinctio nihil commodi reprehenderit sunt.\"},{\"img\":\"galleries\\/2.jpg\",\"description\":\"Id et doloribus eius aut vero eius voluptatem. Ipsa sunt consequatur qui deserunt. Modi qui et ut ut rerum fugiat architecto praesentium.\"},{\"img\":\"galleries\\/3.jpg\",\"description\":\"Sit inventore fugit numquam est est vitae facilis. Nam suscipit molestias enim et dolor aut sapiente voluptatem. Alias recusandae omnis dolor velit.\"},{\"img\":\"galleries\\/4.jpg\",\"description\":\"Nihil est nesciunt autem modi provident. Velit ex natus eveniet atque perferendis. Qui unde est et ut qui. Quae ratione inventore qui.\"},{\"img\":\"galleries\\/5.jpg\",\"description\":\"Numquam excepturi recusandae incidunt expedita quod. Sed et molestias et et quam nostrum. Assumenda rem facilis qui eum eum dolorem tempore.\"},{\"img\":\"galleries\\/6.jpg\",\"description\":\"Ut porro ipsa eligendi veritatis ipsa voluptates ex aut. Ullam ut ipsum nihil voluptatem. Officia dicta non reprehenderit eos.\"}]',3,'Botble\\Gallery\\Models\\Gallery','2025-06-09 17:17:58','2025-06-09 17:17:58'),(4,'[{\"img\":\"galleries\\/1.jpg\",\"description\":\"Eum tempore omnis labore. Eum voluptatum debitis quia ipsum laborum perspiciatis enim. Distinctio nihil commodi reprehenderit sunt.\"},{\"img\":\"galleries\\/2.jpg\",\"description\":\"Id et doloribus eius aut vero eius voluptatem. Ipsa sunt consequatur qui deserunt. Modi qui et ut ut rerum fugiat architecto praesentium.\"},{\"img\":\"galleries\\/3.jpg\",\"description\":\"Sit inventore fugit numquam est est vitae facilis. Nam suscipit molestias enim et dolor aut sapiente voluptatem. Alias recusandae omnis dolor velit.\"},{\"img\":\"galleries\\/4.jpg\",\"description\":\"Nihil est nesciunt autem modi provident. Velit ex natus eveniet atque perferendis. Qui unde est et ut qui. Quae ratione inventore qui.\"},{\"img\":\"galleries\\/5.jpg\",\"description\":\"Numquam excepturi recusandae incidunt expedita quod. Sed et molestias et et quam nostrum. Assumenda rem facilis qui eum eum dolorem tempore.\"},{\"img\":\"galleries\\/6.jpg\",\"description\":\"Ut porro ipsa eligendi veritatis ipsa voluptates ex aut. Ullam ut ipsum nihil voluptatem. Officia dicta non reprehenderit eos.\"}]',4,'Botble\\Gallery\\Models\\Gallery','2025-06-09 17:17:58','2025-06-09 17:17:58'),(5,'[{\"img\":\"galleries\\/1.jpg\",\"description\":\"Eum tempore omnis labore. Eum voluptatum debitis quia ipsum laborum perspiciatis enim. Distinctio nihil commodi reprehenderit sunt.\"},{\"img\":\"galleries\\/2.jpg\",\"description\":\"Id et doloribus eius aut vero eius voluptatem. Ipsa sunt consequatur qui deserunt. Modi qui et ut ut rerum fugiat architecto praesentium.\"},{\"img\":\"galleries\\/3.jpg\",\"description\":\"Sit inventore fugit numquam est est vitae facilis. Nam suscipit molestias enim et dolor aut sapiente voluptatem. Alias recusandae omnis dolor velit.\"},{\"img\":\"galleries\\/4.jpg\",\"description\":\"Nihil est nesciunt autem modi provident. Velit ex natus eveniet atque perferendis. Qui unde est et ut qui. Quae ratione inventore qui.\"},{\"img\":\"galleries\\/5.jpg\",\"description\":\"Numquam excepturi recusandae incidunt expedita quod. Sed et molestias et et quam nostrum. Assumenda rem facilis qui eum eum dolorem tempore.\"},{\"img\":\"galleries\\/6.jpg\",\"description\":\"Ut porro ipsa eligendi veritatis ipsa voluptates ex aut. Ullam ut ipsum nihil voluptatem. Officia dicta non reprehenderit eos.\"}]',5,'Botble\\Gallery\\Models\\Gallery','2025-06-09 17:17:58','2025-06-09 17:17:58'),(6,'[{\"img\":\"galleries\\/1.jpg\",\"description\":\"Eum tempore omnis labore. Eum voluptatum debitis quia ipsum laborum perspiciatis enim. Distinctio nihil commodi reprehenderit sunt.\"},{\"img\":\"galleries\\/2.jpg\",\"description\":\"Id et doloribus eius aut vero eius voluptatem. Ipsa sunt consequatur qui deserunt. Modi qui et ut ut rerum fugiat architecto praesentium.\"},{\"img\":\"galleries\\/3.jpg\",\"description\":\"Sit inventore fugit numquam est est vitae facilis. Nam suscipit molestias enim et dolor aut sapiente voluptatem. Alias recusandae omnis dolor velit.\"},{\"img\":\"galleries\\/4.jpg\",\"description\":\"Nihil est nesciunt autem modi provident. Velit ex natus eveniet atque perferendis. Qui unde est et ut qui. Quae ratione inventore qui.\"},{\"img\":\"galleries\\/5.jpg\",\"description\":\"Numquam excepturi recusandae incidunt expedita quod. Sed et molestias et et quam nostrum. Assumenda rem facilis qui eum eum dolorem tempore.\"},{\"img\":\"galleries\\/6.jpg\",\"description\":\"Ut porro ipsa eligendi veritatis ipsa voluptates ex aut. Ullam ut ipsum nihil voluptatem. Officia dicta non reprehenderit eos.\"}]',6,'Botble\\Gallery\\Models\\Gallery','2025-06-09 17:17:58','2025-06-09 17:17:58');
/*!40000 ALTER TABLE `gallery_meta` ENABLE KEYS */;
UNLOCK TABLES;

--
-- Table structure for table `gallery_meta_translations`
--

DROP TABLE IF EXISTS `gallery_meta_translations`;
/*!40101 SET @saved_cs_client     = @@character_set_client */;
/*!50503 SET character_set_client = utf8mb4 */;
CREATE TABLE `gallery_meta_translations` (
  `lang_code` varchar(20) COLLATE utf8mb4_unicode_ci NOT NULL,
  `gallery_meta_id` bigint unsigned NOT NULL,
  `images` text COLLATE utf8mb4_unicode_ci,
  PRIMARY KEY (`lang_code`,`gallery_meta_id`)
) ENGINE=InnoDB DEFAULT CHARSET=utf8mb4 COLLATE=utf8mb4_unicode_ci;
/*!40101 SET character_set_client = @saved_cs_client */;

--
-- Dumping data for table `gallery_meta_translations`
--

LOCK TABLES `gallery_meta_translations` WRITE;
/*!40000 ALTER TABLE `gallery_meta_translations` DISABLE KEYS */;
/*!40000 ALTER TABLE `gallery_meta_translations` ENABLE KEYS */;
UNLOCK TABLES;

--
-- Table structure for table `jobs`
--

DROP TABLE IF EXISTS `jobs`;
/*!40101 SET @saved_cs_client     = @@character_set_client */;
/*!50503 SET character_set_client = utf8mb4 */;
CREATE TABLE `jobs` (
  `id` bigint unsigned NOT NULL AUTO_INCREMENT,
  `queue` varchar(191) COLLATE utf8mb4_unicode_ci NOT NULL,
  `payload` longtext COLLATE utf8mb4_unicode_ci NOT NULL,
  `attempts` tinyint unsigned NOT NULL,
  `reserved_at` int unsigned DEFAULT NULL,
  `available_at` int unsigned NOT NULL,
  `created_at` int unsigned NOT NULL,
  PRIMARY KEY (`id`),
  KEY `jobs_queue_index` (`queue`)
) ENGINE=InnoDB DEFAULT CHARSET=utf8mb4 COLLATE=utf8mb4_unicode_ci;
/*!40101 SET character_set_client = @saved_cs_client */;

--
-- Dumping data for table `jobs`
--

LOCK TABLES `jobs` WRITE;
/*!40000 ALTER TABLE `jobs` DISABLE KEYS */;
/*!40000 ALTER TABLE `jobs` ENABLE KEYS */;
UNLOCK TABLES;

--
-- Table structure for table `language_meta`
--

DROP TABLE IF EXISTS `language_meta`;
/*!40101 SET @saved_cs_client     = @@character_set_client */;
/*!50503 SET character_set_client = utf8mb4 */;
CREATE TABLE `language_meta` (
  `lang_meta_id` bigint unsigned NOT NULL AUTO_INCREMENT,
  `lang_meta_code` varchar(20) COLLATE utf8mb4_unicode_ci DEFAULT NULL,
  `lang_meta_origin` varchar(32) COLLATE utf8mb4_unicode_ci NOT NULL,
  `reference_id` bigint unsigned NOT NULL,
  `reference_type` varchar(120) COLLATE utf8mb4_unicode_ci NOT NULL,
  PRIMARY KEY (`lang_meta_id`),
  KEY `language_meta_reference_id_index` (`reference_id`),
  KEY `meta_code_index` (`lang_meta_code`),
  KEY `meta_origin_index` (`lang_meta_origin`),
  KEY `meta_reference_type_index` (`reference_type`)
) ENGINE=InnoDB AUTO_INCREMENT=14 DEFAULT CHARSET=utf8mb4 COLLATE=utf8mb4_unicode_ci;
/*!40101 SET character_set_client = @saved_cs_client */;

--
-- Dumping data for table `language_meta`
--

LOCK TABLES `language_meta` WRITE;
/*!40000 ALTER TABLE `language_meta` DISABLE KEYS */;
INSERT INTO `language_meta` VALUES (1,'en_US','06deb259acfb3944236720f834c398fa',1,'Botble\\SimpleSlider\\Models\\SimpleSlider'),(2,'en_US','ba0aaee18c388f95e684135e571018c1',2,'Botble\\SimpleSlider\\Models\\SimpleSlider'),(3,'en_US','1c8ef182b3cdc97eb31fb885d5f0a791',3,'Botble\\SimpleSlider\\Models\\SimpleSlider'),(4,'en_US','9c5fcb77441acdd3b7c3e9fbd4c1e5e6',4,'Botble\\SimpleSlider\\Models\\SimpleSlider'),(5,'en_US','fc997450e9ba3236ece25d37ec4764b9',5,'Botble\\SimpleSlider\\Models\\SimpleSlider'),(6,'en_US','5a6794f9fca7fb9829d093584cb1310a',1,'Botble\\Menu\\Models\\MenuLocation'),(7,'en_US','5a906b5e0e2bbce38c234335204bc3c2',1,'Botble\\Menu\\Models\\Menu'),(8,'en_US','f16c18c6716f15f485b0fa1a14daf2d6',2,'Botble\\Menu\\Models\\MenuLocation'),(9,'en_US','a0402a93bd837d7ab40f8a3cc396c48f',2,'Botble\\Menu\\Models\\Menu'),(10,'en_US','1459337e676d56ec1b5b6885e853ea4f',3,'Botble\\Menu\\Models\\MenuLocation'),(11,'en_US','f51ce362eb87212294a4e3a7028f5c1e',3,'Botble\\Menu\\Models\\Menu'),(12,'en_US','bcf47975ddf7f5a064918ef279b88d1e',4,'Botble\\Menu\\Models\\MenuLocation'),(13,'en_US','cdeb3ad668bbdb476f1af90fa0225c2f',4,'Botble\\Menu\\Models\\Menu');
/*!40000 ALTER TABLE `language_meta` ENABLE KEYS */;
UNLOCK TABLES;

--
-- Table structure for table `languages`
--

DROP TABLE IF EXISTS `languages`;
/*!40101 SET @saved_cs_client     = @@character_set_client */;
/*!50503 SET character_set_client = utf8mb4 */;
CREATE TABLE `languages` (
  `lang_id` bigint unsigned NOT NULL AUTO_INCREMENT,
  `lang_name` varchar(120) COLLATE utf8mb4_unicode_ci NOT NULL,
  `lang_locale` varchar(20) COLLATE utf8mb4_unicode_ci NOT NULL,
  `lang_code` varchar(20) COLLATE utf8mb4_unicode_ci NOT NULL,
  `lang_flag` varchar(20) COLLATE utf8mb4_unicode_ci DEFAULT NULL,
  `lang_is_default` tinyint unsigned NOT NULL DEFAULT '0',
  `lang_order` int NOT NULL DEFAULT '0',
  `lang_is_rtl` tinyint unsigned NOT NULL DEFAULT '0',
  PRIMARY KEY (`lang_id`),
  KEY `lang_locale_index` (`lang_locale`),
  KEY `lang_code_index` (`lang_code`),
  KEY `lang_is_default_index` (`lang_is_default`)
) ENGINE=InnoDB AUTO_INCREMENT=2 DEFAULT CHARSET=utf8mb4 COLLATE=utf8mb4_unicode_ci;
/*!40101 SET character_set_client = @saved_cs_client */;

--
-- Dumping data for table `languages`
--

LOCK TABLES `languages` WRITE;
/*!40000 ALTER TABLE `languages` DISABLE KEYS */;
INSERT INTO `languages` VALUES (1,'English','en','en_US','us',1,0,0);
/*!40000 ALTER TABLE `languages` ENABLE KEYS */;
UNLOCK TABLES;

--
-- Table structure for table `media_files`
--

DROP TABLE IF EXISTS `media_files`;
/*!40101 SET @saved_cs_client     = @@character_set_client */;
/*!50503 SET character_set_client = utf8mb4 */;
CREATE TABLE `media_files` (
  `id` bigint unsigned NOT NULL AUTO_INCREMENT,
  `user_id` bigint unsigned NOT NULL,
  `name` varchar(191) COLLATE utf8mb4_unicode_ci NOT NULL,
  `alt` varchar(191) COLLATE utf8mb4_unicode_ci DEFAULT NULL,
  `folder_id` bigint unsigned NOT NULL DEFAULT '0',
  `mime_type` varchar(120) COLLATE utf8mb4_unicode_ci NOT NULL,
  `size` int NOT NULL,
  `url` varchar(191) COLLATE utf8mb4_unicode_ci NOT NULL,
  `options` text COLLATE utf8mb4_unicode_ci,
  `created_at` timestamp NULL DEFAULT NULL,
  `updated_at` timestamp NULL DEFAULT NULL,
  `deleted_at` timestamp NULL DEFAULT NULL,
  `visibility` varchar(191) COLLATE utf8mb4_unicode_ci NOT NULL DEFAULT 'public',
  PRIMARY KEY (`id`),
  KEY `media_files_user_id_index` (`user_id`),
  KEY `media_files_index` (`folder_id`,`user_id`,`created_at`)
) ENGINE=InnoDB AUTO_INCREMENT=274 DEFAULT CHARSET=utf8mb4 COLLATE=utf8mb4_unicode_ci;
/*!40101 SET character_set_client = @saved_cs_client */;

--
-- Dumping data for table `media_files`
--

LOCK TABLES `media_files` WRITE;
/*!40000 ALTER TABLE `media_files` DISABLE KEYS */;
INSERT INTO `media_files` VALUES (1,0,'f-app','f-app',1,'image/jpeg',617,'general/f-app.jpg','[]','2025-06-09 17:17:34','2025-06-09 17:17:34',NULL,'public'),(2,0,'f-brand-icon-01','f-brand-icon-01',1,'image/png',448,'general/f-brand-icon-01.png','[]','2025-06-09 17:17:34','2025-06-09 17:17:34',NULL,'public'),(3,0,'f-google','f-google',1,'image/jpeg',617,'general/f-google.jpg','[]','2025-06-09 17:17:34','2025-06-09 17:17:34',NULL,'public'),(4,0,'favicon','favicon',1,'image/png',15233,'general/favicon.png','[]','2025-06-09 17:17:34','2025-06-09 17:17:34',NULL,'public'),(5,0,'logo-white','logo-white',1,'image/png',860,'general/logo-white.png','[]','2025-06-09 17:17:34','2025-06-09 17:17:34',NULL,'public'),(6,0,'logo','logo',1,'image/png',934,'general/logo.png','[]','2025-06-09 17:17:34','2025-06-09 17:17:34',NULL,'public'),(7,0,'newsletter-popup','newsletter-popup',1,'image/png',28834,'general/newsletter-popup.png','[]','2025-06-09 17:17:34','2025-06-09 17:17:34',NULL,'public'),(8,0,'cod','cod',2,'image/png',12121,'payments/cod.png','[]','2025-06-09 17:17:34','2025-06-09 17:17:34',NULL,'public'),(9,0,'bank-transfer','bank-transfer',2,'image/png',29089,'payments/bank-transfer.png','[]','2025-06-09 17:17:34','2025-06-09 17:17:34',NULL,'public'),(10,0,'stripe','stripe',2,'image/webp',7516,'payments/stripe.webp','[]','2025-06-09 17:17:35','2025-06-09 17:17:35',NULL,'public'),(11,0,'paypal','paypal',2,'image/png',3001,'payments/paypal.png','[]','2025-06-09 17:17:35','2025-06-09 17:17:35',NULL,'public'),(12,0,'mollie','mollie',2,'image/png',8968,'payments/mollie.png','[]','2025-06-09 17:17:35','2025-06-09 17:17:35',NULL,'public'),(13,0,'paystack','paystack',2,'image/png',31015,'payments/paystack.png','[]','2025-06-09 17:17:35','2025-06-09 17:17:35',NULL,'public'),(14,0,'razorpay','razorpay',2,'image/png',8489,'payments/razorpay.png','[]','2025-06-09 17:17:35','2025-06-09 17:17:35',NULL,'public'),(15,0,'sslcommerz','sslcommerz',2,'image/png',3482,'payments/sslcommerz.png','[]','2025-06-09 17:17:35','2025-06-09 17:17:35',NULL,'public'),(16,0,'1','1',3,'image/jpeg',3319,'blog/1.jpg','[]','2025-06-09 17:17:35','2025-06-09 17:17:35',NULL,'public'),(17,0,'10','10',3,'image/jpeg',3319,'blog/10.jpg','[]','2025-06-09 17:17:35','2025-06-09 17:17:35',NULL,'public'),(18,0,'11','11',3,'image/jpeg',3319,'blog/11.jpg','[]','2025-06-09 17:17:35','2025-06-09 17:17:35',NULL,'public'),(19,0,'2','2',3,'image/jpeg',3319,'blog/2.jpg','[]','2025-06-09 17:17:35','2025-06-09 17:17:35',NULL,'public'),(20,0,'3','3',3,'image/jpeg',3319,'blog/3.jpg','[]','2025-06-09 17:17:35','2025-06-09 17:17:35',NULL,'public'),(21,0,'4','4',3,'image/jpeg',3319,'blog/4.jpg','[]','2025-06-09 17:17:35','2025-06-09 17:17:35',NULL,'public'),(22,0,'5','5',3,'image/jpeg',3319,'blog/5.jpg','[]','2025-06-09 17:17:35','2025-06-09 17:17:35',NULL,'public'),(23,0,'6','6',3,'image/jpeg',3319,'blog/6.jpg','[]','2025-06-09 17:17:35','2025-06-09 17:17:35',NULL,'public'),(24,0,'7','7',3,'image/jpeg',3319,'blog/7.jpg','[]','2025-06-09 17:17:35','2025-06-09 17:17:35',NULL,'public'),(25,0,'8','8',3,'image/jpeg',3319,'blog/8.jpg','[]','2025-06-09 17:17:35','2025-06-09 17:17:35',NULL,'public'),(26,0,'9','9',3,'image/jpeg',3319,'blog/9.jpg','[]','2025-06-09 17:17:36','2025-06-09 17:17:36',NULL,'public'),(27,0,'blog-in-01','blog-in-01',3,'image/jpeg',9623,'blog/blog-in-01.jpg','[]','2025-06-09 17:17:36','2025-06-09 17:17:36',NULL,'public'),(28,0,'blog-in-02','blog-in-02',3,'image/jpeg',9623,'blog/blog-in-02.jpg','[]','2025-06-09 17:17:36','2025-06-09 17:17:36',NULL,'public'),(29,0,'blog-in-03','blog-in-03',3,'image/jpeg',9623,'blog/blog-in-03.jpg','[]','2025-06-09 17:17:36','2025-06-09 17:17:36',NULL,'public'),(30,0,'blog-in-04','blog-in-04',3,'image/jpeg',9623,'blog/blog-in-04.jpg','[]','2025-06-09 17:17:36','2025-06-09 17:17:36',NULL,'public'),(31,0,'blog-in-05','blog-in-05',3,'image/jpeg',9623,'blog/blog-in-05.jpg','[]','2025-06-09 17:17:36','2025-06-09 17:17:36',NULL,'public'),(32,0,'blog-in-06','blog-in-06',3,'image/jpeg',9623,'blog/blog-in-06.jpg','[]','2025-06-09 17:17:36','2025-06-09 17:17:36',NULL,'public'),(33,0,'blog-sm-1','blog-sm-1',3,'image/jpeg',9623,'blog/blog-sm-1.jpg','[]','2025-06-09 17:17:36','2025-06-09 17:17:36',NULL,'public'),(34,0,'blog-sm-2','blog-sm-2',3,'image/jpeg',9623,'blog/blog-sm-2.jpg','[]','2025-06-09 17:17:36','2025-06-09 17:17:36',NULL,'public'),(35,0,'blog-sm-3','blog-sm-3',3,'image/jpeg',9623,'blog/blog-sm-3.jpg','[]','2025-06-09 17:17:36','2025-06-09 17:17:36',NULL,'public'),(36,0,'blog-sm-4','blog-sm-4',3,'image/jpeg',9623,'blog/blog-sm-4.jpg','[]','2025-06-09 17:17:36','2025-06-09 17:17:36',NULL,'public'),(37,0,'comment-1','comment-1',3,'image/jpeg',9803,'blog/comment-1.jpg','[]','2025-06-09 17:17:36','2025-06-09 17:17:36',NULL,'public'),(38,0,'comment-2','comment-2',3,'image/jpeg',9803,'blog/comment-2.jpg','[]','2025-06-09 17:17:37','2025-06-09 17:17:37',NULL,'public'),(39,0,'location-1','location-1',4,'image/png',5309,'shop/location-1.png','[]','2025-06-09 17:17:37','2025-06-09 17:17:37',NULL,'public'),(40,0,'location-2','location-2',4,'image/png',5309,'shop/location-2.png','[]','2025-06-09 17:17:37','2025-06-09 17:17:37',NULL,'public'),(41,0,'location-3','location-3',4,'image/png',5309,'shop/location-3.png','[]','2025-06-09 17:17:37','2025-06-09 17:17:37',NULL,'public'),(42,0,'location-4','location-4',4,'image/png',5309,'shop/location-4.png','[]','2025-06-09 17:17:37','2025-06-09 17:17:37',NULL,'public'),(43,0,'login_bg','login_bg',4,'image/jpeg',5443,'shop/login-bg.jpg','[]','2025-06-09 17:17:37','2025-06-09 17:17:37',NULL,'public'),(44,0,'reviewer-01','reviewer-01',4,'image/png',1070,'shop/reviewer-01.png','[]','2025-06-09 17:17:37','2025-06-09 17:17:37',NULL,'public'),(45,0,'reviewer-02','reviewer-02',4,'image/png',1070,'shop/reviewer-02.png','[]','2025-06-09 17:17:37','2025-06-09 17:17:37',NULL,'public'),(46,0,'reviewer-03','reviewer-03',4,'image/png',1070,'shop/reviewer-03.png','[]','2025-06-09 17:17:37','2025-06-09 17:17:37',NULL,'public'),(47,0,'s-thumb-01','s-thumb-01',4,'image/jpeg',2813,'shop/s-thumb-01.jpg','[]','2025-06-09 17:17:37','2025-06-09 17:17:37',NULL,'public'),(48,0,'s-thumb-02','s-thumb-02',4,'image/jpeg',2813,'shop/s-thumb-02.jpg','[]','2025-06-09 17:17:37','2025-06-09 17:17:37',NULL,'public'),(49,0,'s-thumb-03','s-thumb-03',4,'image/jpeg',2813,'shop/s-thumb-03.jpg','[]','2025-06-09 17:17:37','2025-06-09 17:17:37',NULL,'public'),(50,0,'s-thumb-04','s-thumb-04',4,'image/jpeg',2813,'shop/s-thumb-04.jpg','[]','2025-06-09 17:17:37','2025-06-09 17:17:37',NULL,'public'),(51,0,'s-thumb-05','s-thumb-05',4,'image/jpeg',2813,'shop/s-thumb-05.jpg','[]','2025-06-09 17:17:37','2025-06-09 17:17:37',NULL,'public'),(52,0,'s-thumb-06','s-thumb-06',4,'image/jpeg',2813,'shop/s-thumb-06.jpg','[]','2025-06-09 17:17:37','2025-06-09 17:17:37',NULL,'public'),(53,0,'sign_bg','sign_bg',4,'image/jpeg',5443,'shop/sign-bg.jpg','[]','2025-06-09 17:17:38','2025-06-09 17:17:38',NULL,'public'),(54,0,'track_bg','track_bg',4,'image/jpeg',6224,'shop/track-bg.jpg','[]','2025-06-09 17:17:38','2025-06-09 17:17:38',NULL,'public'),(55,0,'w-product-01','w-product-01',4,'image/jpeg',5528,'shop/w-product-01.jpg','[]','2025-06-09 17:17:38','2025-06-09 17:17:38',NULL,'public'),(56,0,'w-product-02','w-product-02',4,'image/jpeg',5528,'shop/w-product-02.jpg','[]','2025-06-09 17:17:38','2025-06-09 17:17:38',NULL,'public'),(57,0,'w-product-03','w-product-03',4,'image/jpeg',5528,'shop/w-product-03.jpg','[]','2025-06-09 17:17:38','2025-06-09 17:17:38',NULL,'public'),(58,0,'w-product-04','w-product-04',4,'image/jpeg',5528,'shop/w-product-04.jpg','[]','2025-06-09 17:17:38','2025-06-09 17:17:38',NULL,'public'),(59,0,'w-product-05','w-product-05',4,'image/jpeg',5528,'shop/w-product-05.jpg','[]','2025-06-09 17:17:38','2025-06-09 17:17:38',NULL,'public'),(60,0,'about-banner-1','about-banner-1',5,'image/jpeg',8335,'banners/about-banner-1.jpg','[]','2025-06-09 17:17:38','2025-06-09 17:17:38',NULL,'public'),(61,0,'about-banner-2','about-banner-2',5,'image/jpeg',8335,'banners/about-banner-2.jpg','[]','2025-06-09 17:17:38','2025-06-09 17:17:38',NULL,'public'),(62,0,'about-img-1','about-img-1',5,'image/jpeg',8914,'banners/about-img-1.jpg','[]','2025-06-09 17:17:38','2025-06-09 17:17:38',NULL,'public'),(63,0,'about-img-2','about-img-2',5,'image/jpeg',8914,'banners/about-img-2.jpg','[]','2025-06-09 17:17:38','2025-06-09 17:17:38',NULL,'public'),(64,0,'about-img-3','about-img-3',5,'image/png',6373,'banners/about-img-3.png','[]','2025-06-09 17:17:38','2025-06-09 17:17:38',NULL,'public'),(65,0,'banner-03-01','banner-03-01',5,'image/jpeg',6612,'banners/banner-03-01.jpg','[]','2025-06-09 17:17:39','2025-06-09 17:17:39',NULL,'public'),(66,0,'banner-03-02','banner-03-02',5,'image/jpeg',5283,'banners/banner-03-02.jpg','[]','2025-06-09 17:17:39','2025-06-09 17:17:39',NULL,'public'),(67,0,'banner-03-03','banner-03-03',5,'image/jpeg',5077,'banners/banner-03-03.jpg','[]','2025-06-09 17:17:39','2025-06-09 17:17:39',NULL,'public'),(68,0,'banner-2-01','banner-2-01',5,'image/jpeg',5452,'banners/banner-2-01.jpg','[]','2025-06-09 17:17:39','2025-06-09 17:17:39',NULL,'public'),(69,0,'banner-2-02','banner-2-02',5,'image/jpeg',5452,'banners/banner-2-02.jpg','[]','2025-06-09 17:17:39','2025-06-09 17:17:39',NULL,'public'),(70,0,'banner-2-03','banner-2-03',5,'image/jpeg',12296,'banners/banner-2-03.jpg','[]','2025-06-09 17:17:39','2025-06-09 17:17:39',NULL,'public'),(71,0,'banner-2-04','banner-2-04',5,'image/jpeg',7318,'banners/banner-2-04.jpg','[]','2025-06-09 17:17:39','2025-06-09 17:17:39',NULL,'public'),(72,0,'banner-bg-05','banner-bg-05',5,'image/jpeg',23672,'banners/banner-bg-05.jpg','[]','2025-06-09 17:17:39','2025-06-09 17:17:39',NULL,'public'),(73,0,'banner-offer-01','banner-offer-01',5,'image/jpeg',10330,'banners/banner-offer-01.jpg','[]','2025-06-09 17:17:39','2025-06-09 17:17:39',NULL,'public'),(74,0,'banner-offer-02','banner-offer-02',5,'image/jpeg',9086,'banners/banner-offer-02.jpg','[]','2025-06-09 17:17:39','2025-06-09 17:17:39',NULL,'public'),(75,0,'breadcrumb-01','breadcrumb-01',5,'image/jpeg',5276,'banners/breadcrumb-01.jpg','[]','2025-06-09 17:17:39','2025-06-09 17:17:39',NULL,'public'),(76,0,'coming-soon','coming-soon',5,'image/jpeg',27345,'banners/coming-soon.jpg','[]','2025-06-09 17:17:39','2025-06-09 17:17:39',NULL,'public'),(77,0,'login-bg','login-bg',5,'image/jpeg',5443,'banners/login-bg.jpg','[]','2025-06-09 17:17:40','2025-06-09 17:17:40',NULL,'public'),(78,0,'product-shape-01','product-shape-01',5,'image/png',3220,'banners/product-shape-01.png','[]','2025-06-09 17:17:40','2025-06-09 17:17:40',NULL,'public'),(79,0,'product-shape-02','product-shape-02',5,'image/png',2285,'banners/product-shape-02.png','[]','2025-06-09 17:17:40','2025-06-09 17:17:40',NULL,'public'),(80,0,'sign-bg','sign-bg',5,'image/jpeg',5443,'banners/sign-bg.jpg','[]','2025-06-09 17:17:40','2025-06-09 17:17:40',NULL,'public'),(81,0,'thumb-01','thumb-01',5,'image/jpeg',16230,'banners/thumb-01.jpg','[]','2025-06-09 17:17:40','2025-06-09 17:17:40',NULL,'public'),(82,0,'thumb-02','thumb-02',5,'image/jpeg',7655,'banners/thumb-02.jpg','[]','2025-06-09 17:17:40','2025-06-09 17:17:40',NULL,'public'),(83,0,'thumb-03','thumb-03',5,'image/jpeg',7655,'banners/thumb-03.jpg','[]','2025-06-09 17:17:40','2025-06-09 17:17:40',NULL,'public'),(84,0,'thumb-04','thumb-04',5,'image/jpeg',16230,'banners/thumb-04.jpg','[]','2025-06-09 17:17:40','2025-06-09 17:17:40',NULL,'public'),(85,0,'track-bg','track-bg',5,'image/jpeg',6224,'banners/track-bg.jpg','[]','2025-06-09 17:17:40','2025-06-09 17:17:40',NULL,'public'),(86,0,'box','box',6,'image/png',949,'icons/box.png','[]','2025-06-09 17:17:40','2025-06-09 17:17:40',NULL,'public'),(87,0,'car','car',6,'image/png',855,'icons/car.png','[]','2025-06-09 17:17:40','2025-06-09 17:17:40',NULL,'public'),(88,0,'cat-icon-01','cat-icon-01',6,'image/png',146,'icons/cat-icon-01.png','[]','2025-06-09 17:17:40','2025-06-09 17:17:40',NULL,'public'),(89,0,'cat-icon-02','cat-icon-02',6,'image/png',164,'icons/cat-icon-02.png','[]','2025-06-09 17:17:40','2025-06-09 17:17:40',NULL,'public'),(90,0,'cat-icon-03','cat-icon-03',6,'image/png',164,'icons/cat-icon-03.png','[]','2025-06-09 17:17:40','2025-06-09 17:17:40',NULL,'public'),(91,0,'cat-icon-04','cat-icon-04',6,'image/png',160,'icons/cat-icon-04.png','[]','2025-06-09 17:17:40','2025-06-09 17:17:40',NULL,'public'),(92,0,'cat-icon-05','cat-icon-05',6,'image/png',151,'icons/cat-icon-05.png','[]','2025-06-09 17:17:40','2025-06-09 17:17:40',NULL,'public'),(93,0,'cat-icon-06','cat-icon-06',6,'image/png',1665,'icons/cat-icon-06.png','[]','2025-06-09 17:17:41','2025-06-09 17:17:41',NULL,'public'),(94,0,'error','error',6,'image/png',3971,'icons/error.png','[]','2025-06-09 17:17:41','2025-06-09 17:17:41',NULL,'public'),(95,0,'hours','hours',6,'image/png',1034,'icons/hours.png','[]','2025-06-09 17:17:41','2025-06-09 17:17:41',NULL,'public'),(96,0,'lang-flag','lang-flag',6,'image/png',1602,'icons/lang-flag.png','[]','2025-06-09 17:17:41','2025-06-09 17:17:41',NULL,'public'),(97,0,'payment','payment',6,'image/png',800,'icons/payment.png','[]','2025-06-09 17:17:41','2025-06-09 17:17:41',NULL,'public'),(98,0,'product-det-1','product-det-1',6,'image/png',974,'icons/product-det-1.png','[]','2025-06-09 17:17:41','2025-06-09 17:17:41',NULL,'public'),(99,0,'product-det-2','product-det-2',6,'image/png',1080,'icons/product-det-2.png','[]','2025-06-09 17:17:41','2025-06-09 17:17:41',NULL,'public'),(100,0,'product-det-3','product-det-3',6,'image/png',735,'icons/product-det-3.png','[]','2025-06-09 17:17:41','2025-06-09 17:17:41',NULL,'public'),(101,0,'product-det-4','product-det-4',6,'image/png',1202,'icons/product-det-4.png','[]','2025-06-09 17:17:41','2025-06-09 17:17:41',NULL,'public'),(102,0,'title-shape-02','title-shape-02',6,'image/jpeg',737,'icons/title-shape-02.jpg','[]','2025-06-09 17:17:41','2025-06-09 17:17:41',NULL,'public'),(103,0,'track-1','track-1',6,'image/png',339,'icons/track-1.png','[]','2025-06-09 17:17:41','2025-06-09 17:17:41',NULL,'public'),(104,0,'banner-1','banner-1',7,'image/jpeg',9766,'sliders/banner-1.jpg','[]','2025-06-09 17:17:41','2025-06-09 17:17:41',NULL,'public'),(105,0,'banner-2','banner-2',7,'image/jpeg',9766,'sliders/banner-2.jpg','[]','2025-06-09 17:17:41','2025-06-09 17:17:41',NULL,'public'),(106,0,'banner-3','banner-3',7,'image/jpeg',9766,'sliders/banner-3.jpg','[]','2025-06-09 17:17:41','2025-06-09 17:17:41',NULL,'public'),(107,0,'banner-slider-01','banner-slider-01',7,'image/jpeg',4081,'sliders/banner-slider-01.jpg','[]','2025-06-09 17:17:41','2025-06-09 17:17:41',NULL,'public'),(108,0,'banner-slider-02','banner-slider-02',7,'image/jpeg',4081,'sliders/banner-slider-02.jpg','[]','2025-06-09 17:17:41','2025-06-09 17:17:41',NULL,'public'),(109,0,'fasion-tag-01','fasion-tag-01',7,'image/png',2647,'sliders/fasion-tag-01.png','[]','2025-06-09 17:17:41','2025-06-09 17:17:41',NULL,'public'),(110,0,'fasion-tag-02','fasion-tag-02',7,'image/png',2675,'sliders/fasion-tag-02.png','[]','2025-06-09 17:17:41','2025-06-09 17:17:41',NULL,'public'),(111,0,'fasion-tag-03','fasion-tag-03',7,'image/png',2675,'sliders/fasion-tag-03.png','[]','2025-06-09 17:17:41','2025-06-09 17:17:41',NULL,'public'),(112,0,'slider-01','slider-01',7,'image/png',13507,'sliders/slider-01.png','[]','2025-06-09 17:17:42','2025-06-09 17:17:42',NULL,'public'),(113,0,'slider-02','slider-02',7,'image/png',13507,'sliders/slider-02.png','[]','2025-06-09 17:17:42','2025-06-09 17:17:42',NULL,'public'),(114,0,'slider-03','slider-03',7,'image/png',13507,'sliders/slider-03.png','[]','2025-06-09 17:17:42','2025-06-09 17:17:42',NULL,'public'),(115,0,'slider-04','slider-04',7,'image/png',11780,'sliders/slider-04.png','[]','2025-06-09 17:17:42','2025-06-09 17:17:42',NULL,'public'),(116,0,'slider-05-banner-1','slider-05-banner-1',7,'image/jpeg',3724,'sliders/slider-05-banner-1.jpg','[]','2025-06-09 17:17:42','2025-06-09 17:17:42',NULL,'public'),(117,0,'slider-05-banner-2','slider-05-banner-2',7,'image/jpeg',3724,'sliders/slider-05-banner-2.jpg','[]','2025-06-09 17:17:42','2025-06-09 17:17:42',NULL,'public'),(118,0,'slider-05-bg-1','slider-05-bg-1',7,'image/jpeg',11103,'sliders/slider-05-bg-1.jpg','[]','2025-06-09 17:17:42','2025-06-09 17:17:42',NULL,'public'),(119,0,'slider-05-bg-2','slider-05-bg-2',7,'image/jpeg',11103,'sliders/slider-05-bg-2.jpg','[]','2025-06-09 17:17:42','2025-06-09 17:17:42',NULL,'public'),(120,0,'slider-05-bg-3','slider-05-bg-3',7,'image/jpeg',11103,'sliders/slider-05-bg-3.jpg','[]','2025-06-09 17:17:42','2025-06-09 17:17:42',NULL,'public'),(121,0,'slider-05-bg-4','slider-05-bg-4',7,'image/jpeg',11103,'sliders/slider-05-bg-4.jpg','[]','2025-06-09 17:17:42','2025-06-09 17:17:42',NULL,'public'),(122,0,'slider-05','slider-05',7,'image/png',11780,'sliders/slider-05.png','[]','2025-06-09 17:17:42','2025-06-09 17:17:42',NULL,'public'),(123,0,'slider-06','slider-06',7,'image/png',11780,'sliders/slider-06.png','[]','2025-06-09 17:17:42','2025-06-09 17:17:42',NULL,'public'),(124,0,'slider-bg-04','slider-bg-04',7,'image/png',7941,'sliders/slider-bg-04.png','[]','2025-06-09 17:17:42','2025-06-09 17:17:42',NULL,'public'),(125,0,'slider-bg-05','slider-bg-05',7,'image/png',7941,'sliders/slider-bg-05.png','[]','2025-06-09 17:17:42','2025-06-09 17:17:42',NULL,'public'),(126,0,'slider-bg-06','slider-bg-06',7,'image/png',7941,'sliders/slider-bg-06.png','[]','2025-06-09 17:17:42','2025-06-09 17:17:42',NULL,'public'),(127,0,'video-bg-01','video-bg-01',7,'image/jpeg',14217,'sliders/video-bg-01.jpg','[]','2025-06-09 17:17:43','2025-06-09 17:17:43',NULL,'public'),(128,0,'brand-01','brand-01',8,'image/png',630,'brands/brand-01.png','[]','2025-06-09 17:17:43','2025-06-09 17:17:43',NULL,'public'),(129,0,'brand-02','brand-02',8,'image/png',630,'brands/brand-02.png','[]','2025-06-09 17:17:43','2025-06-09 17:17:43',NULL,'public'),(130,0,'brand-03','brand-03',8,'image/png',630,'brands/brand-03.png','[]','2025-06-09 17:17:43','2025-06-09 17:17:43',NULL,'public'),(131,0,'brand-04','brand-04',8,'image/png',630,'brands/brand-04.png','[]','2025-06-09 17:17:43','2025-06-09 17:17:43',NULL,'public'),(132,0,'brand-05','brand-05',8,'image/png',630,'brands/brand-05.png','[]','2025-06-09 17:17:43','2025-06-09 17:17:43',NULL,'public'),(133,0,'brand-06','brand-06',8,'image/png',630,'brands/brand-06.png','[]','2025-06-09 17:17:43','2025-06-09 17:17:43',NULL,'public'),(134,0,'brand-w-01','brand-w-01',8,'image/png',630,'brands/brand-w-01.png','[]','2025-06-09 17:17:43','2025-06-09 17:17:43',NULL,'public'),(135,0,'brand-w-02','brand-w-02',8,'image/png',630,'brands/brand-w-02.png','[]','2025-06-09 17:17:43','2025-06-09 17:17:43',NULL,'public'),(136,0,'brand-w-03','brand-w-03',8,'image/png',630,'brands/brand-w-03.png','[]','2025-06-09 17:17:43','2025-06-09 17:17:43',NULL,'public'),(137,0,'brand-w-04','brand-w-04',8,'image/png',630,'brands/brand-w-04.png','[]','2025-06-09 17:17:43','2025-06-09 17:17:43',NULL,'public'),(138,0,'brand-w-05','brand-w-05',8,'image/png',630,'brands/brand-w-05.png','[]','2025-06-09 17:17:43','2025-06-09 17:17:43',NULL,'public'),(139,0,'brand-w-06','brand-w-06',8,'image/png',630,'brands/brand-w-06.png','[]','2025-06-09 17:17:43','2025-06-09 17:17:43',NULL,'public'),(140,0,'pla-brand-01','pla-brand-01',8,'image/png',630,'brands/pla-brand-01.png','[]','2025-06-09 17:17:43','2025-06-09 17:17:43',NULL,'public'),(141,0,'pla-brand-02','pla-brand-02',8,'image/png',630,'brands/pla-brand-02.png','[]','2025-06-09 17:17:43','2025-06-09 17:17:43',NULL,'public'),(142,0,'pla-brand-03','pla-brand-03',8,'image/png',630,'brands/pla-brand-03.png','[]','2025-06-09 17:17:43','2025-06-09 17:17:43',NULL,'public'),(143,0,'pla-brand-04','pla-brand-04',8,'image/png',630,'brands/pla-brand-04.png','[]','2025-06-09 17:17:43','2025-06-09 17:17:43',NULL,'public'),(144,0,'pla-brand-05','pla-brand-05',8,'image/png',630,'brands/pla-brand-05.png','[]','2025-06-09 17:17:43','2025-06-09 17:17:43',NULL,'public'),(145,0,'pla-brand-06','pla-brand-06',8,'image/png',630,'brands/pla-brand-06.png','[]','2025-06-09 17:17:44','2025-06-09 17:17:44',NULL,'public'),(146,0,'feature-icon-01','feature-icon-01',9,'image/png',2082,'features/feature-icon-01.png','[]','2025-06-09 17:17:44','2025-06-09 17:17:44',NULL,'public'),(147,0,'feature-icon-02','feature-icon-02',9,'image/png',1941,'features/feature-icon-02.png','[]','2025-06-09 17:17:44','2025-06-09 17:17:44',NULL,'public'),(148,0,'feature-icon-03','feature-icon-03',9,'image/png',2535,'features/feature-icon-03.png','[]','2025-06-09 17:17:44','2025-06-09 17:17:44',NULL,'public'),(149,0,'feature-icon-04','feature-icon-04',9,'image/png',1158,'features/feature-icon-04.png','[]','2025-06-09 17:17:44','2025-06-09 17:17:44',NULL,'public'),(150,0,'feature-icon-05','feature-icon-05',9,'image/png',1887,'features/feature-icon-05.png','[]','2025-06-09 17:17:44','2025-06-09 17:17:44',NULL,'public'),(151,0,'feature-icon-06','feature-icon-06',9,'image/png',1666,'features/feature-icon-06.png','[]','2025-06-09 17:17:44','2025-06-09 17:17:44',NULL,'public'),(152,0,'pla-product-01','pla-product-01',10,'image/jpeg',9803,'products/pla-product-01.jpg','[]','2025-06-09 17:17:44','2025-06-09 17:17:44',NULL,'public'),(153,0,'pla-product-02','pla-product-02',10,'image/jpeg',9803,'products/pla-product-02.jpg','[]','2025-06-09 17:17:44','2025-06-09 17:17:44',NULL,'public'),(154,0,'pla-product-03','pla-product-03',10,'image/jpeg',9803,'products/pla-product-03.jpg','[]','2025-06-09 17:17:44','2025-06-09 17:17:44',NULL,'public'),(155,0,'pla-product-04','pla-product-04',10,'image/jpeg',9803,'products/pla-product-04.jpg','[]','2025-06-09 17:17:44','2025-06-09 17:17:44',NULL,'public'),(156,0,'product-1','product-1',10,'image/jpeg',9803,'products/product-1.jpg','[]','2025-06-09 17:17:44','2025-06-09 17:17:44',NULL,'public'),(157,0,'product-10','product-10',10,'image/jpeg',9803,'products/product-10.jpg','[]','2025-06-09 17:17:44','2025-06-09 17:17:44',NULL,'public'),(158,0,'product-11','product-11',10,'image/jpeg',9803,'products/product-11.jpg','[]','2025-06-09 17:17:44','2025-06-09 17:17:44',NULL,'public'),(159,0,'product-12','product-12',10,'image/jpeg',9803,'products/product-12.jpg','[]','2025-06-09 17:17:45','2025-06-09 17:17:45',NULL,'public'),(160,0,'product-13','product-13',10,'image/jpeg',9803,'products/product-13.jpg','[]','2025-06-09 17:17:45','2025-06-09 17:17:45',NULL,'public'),(161,0,'product-14','product-14',10,'image/jpeg',9803,'products/product-14.jpg','[]','2025-06-09 17:17:45','2025-06-09 17:17:45',NULL,'public'),(162,0,'product-15','product-15',10,'image/jpeg',9803,'products/product-15.jpg','[]','2025-06-09 17:17:45','2025-06-09 17:17:45',NULL,'public'),(163,0,'product-16','product-16',10,'image/jpeg',9803,'products/product-16.jpg','[]','2025-06-09 17:17:45','2025-06-09 17:17:45',NULL,'public'),(164,0,'product-17','product-17',10,'image/jpeg',9803,'products/product-17.jpg','[]','2025-06-09 17:17:45','2025-06-09 17:17:45',NULL,'public'),(165,0,'product-18','product-18',10,'image/jpeg',9803,'products/product-18.jpg','[]','2025-06-09 17:17:45','2025-06-09 17:17:45',NULL,'public'),(166,0,'product-19','product-19',10,'image/jpeg',9803,'products/product-19.jpg','[]','2025-06-09 17:17:45','2025-06-09 17:17:45',NULL,'public'),(167,0,'product-2','product-2',10,'image/jpeg',9803,'products/product-2.jpg','[]','2025-06-09 17:17:45','2025-06-09 17:17:45',NULL,'public'),(168,0,'product-20','product-20',10,'image/jpeg',9803,'products/product-20.jpg','[]','2025-06-09 17:17:45','2025-06-09 17:17:45',NULL,'public'),(169,0,'product-21','product-21',10,'image/jpeg',9803,'products/product-21.jpg','[]','2025-06-09 17:17:45','2025-06-09 17:17:45',NULL,'public'),(170,0,'product-22','product-22',10,'image/jpeg',9803,'products/product-22.jpg','[]','2025-06-09 17:17:45','2025-06-09 17:17:45',NULL,'public'),(171,0,'product-23','product-23',10,'image/jpeg',9803,'products/product-23.jpg','[]','2025-06-09 17:17:45','2025-06-09 17:17:45',NULL,'public'),(172,0,'product-24','product-24',10,'image/jpeg',9803,'products/product-24.jpg','[]','2025-06-09 17:17:45','2025-06-09 17:17:45',NULL,'public'),(173,0,'product-25','product-25',10,'image/jpeg',9803,'products/product-25.jpg','[]','2025-06-09 17:17:46','2025-06-09 17:17:46',NULL,'public'),(174,0,'product-26','product-26',10,'image/jpeg',9803,'products/product-26.jpg','[]','2025-06-09 17:17:46','2025-06-09 17:17:46',NULL,'public'),(175,0,'product-27','product-27',10,'image/jpeg',9803,'products/product-27.jpg','[]','2025-06-09 17:17:46','2025-06-09 17:17:46',NULL,'public'),(176,0,'product-28','product-28',10,'image/jpeg',9803,'products/product-28.jpg','[]','2025-06-09 17:17:46','2025-06-09 17:17:46',NULL,'public'),(177,0,'product-29','product-29',10,'image/jpeg',9803,'products/product-29.jpg','[]','2025-06-09 17:17:46','2025-06-09 17:17:46',NULL,'public'),(178,0,'product-3','product-3',10,'image/jpeg',9803,'products/product-3.jpg','[]','2025-06-09 17:17:46','2025-06-09 17:17:46',NULL,'public'),(179,0,'product-30','product-30',10,'image/jpeg',9803,'products/product-30.jpg','[]','2025-06-09 17:17:46','2025-06-09 17:17:46',NULL,'public'),(180,0,'product-31','product-31',10,'image/jpeg',9803,'products/product-31.jpg','[]','2025-06-09 17:17:46','2025-06-09 17:17:46',NULL,'public'),(181,0,'product-32','product-32',10,'image/jpeg',9803,'products/product-32.jpg','[]','2025-06-09 17:17:46','2025-06-09 17:17:46',NULL,'public'),(182,0,'product-33','product-33',10,'image/jpeg',9803,'products/product-33.jpg','[]','2025-06-09 17:17:46','2025-06-09 17:17:46',NULL,'public'),(183,0,'product-34','product-34',10,'image/jpeg',9803,'products/product-34.jpg','[]','2025-06-09 17:17:46','2025-06-09 17:17:46',NULL,'public'),(184,0,'product-35','product-35',10,'image/jpeg',9803,'products/product-35.jpg','[]','2025-06-09 17:17:46','2025-06-09 17:17:46',NULL,'public'),(185,0,'product-36','product-36',10,'image/jpeg',9803,'products/product-36.jpg','[]','2025-06-09 17:17:46','2025-06-09 17:17:46',NULL,'public'),(186,0,'product-37','product-37',10,'image/jpeg',9803,'products/product-37.jpg','[]','2025-06-09 17:17:46','2025-06-09 17:17:46',NULL,'public'),(187,0,'product-38','product-38',10,'image/jpeg',9803,'products/product-38.jpg','[]','2025-06-09 17:17:46','2025-06-09 17:17:46',NULL,'public'),(188,0,'product-39','product-39',10,'image/jpeg',9803,'products/product-39.jpg','[]','2025-06-09 17:17:47','2025-06-09 17:17:47',NULL,'public'),(189,0,'product-4','product-4',10,'image/jpeg',9803,'products/product-4.jpg','[]','2025-06-09 17:17:47','2025-06-09 17:17:47',NULL,'public'),(190,0,'product-40','product-40',10,'image/jpeg',9803,'products/product-40.jpg','[]','2025-06-09 17:17:47','2025-06-09 17:17:47',NULL,'public'),(191,0,'product-41','product-41',10,'image/jpeg',9803,'products/product-41.jpg','[]','2025-06-09 17:17:47','2025-06-09 17:17:47',NULL,'public'),(192,0,'product-42','product-42',10,'image/jpeg',9803,'products/product-42.jpg','[]','2025-06-09 17:17:47','2025-06-09 17:17:47',NULL,'public'),(193,0,'product-43','product-43',10,'image/jpeg',9803,'products/product-43.jpg','[]','2025-06-09 17:17:47','2025-06-09 17:17:47',NULL,'public'),(194,0,'product-44','product-44',10,'image/jpeg',9803,'products/product-44.jpg','[]','2025-06-09 17:17:47','2025-06-09 17:17:47',NULL,'public'),(195,0,'product-45','product-45',10,'image/jpeg',9803,'products/product-45.jpg','[]','2025-06-09 17:17:47','2025-06-09 17:17:47',NULL,'public'),(196,0,'product-46','product-46',10,'image/jpeg',9803,'products/product-46.jpg','[]','2025-06-09 17:17:47','2025-06-09 17:17:47',NULL,'public'),(197,0,'product-47','product-47',10,'image/jpeg',9803,'products/product-47.jpg','[]','2025-06-09 17:17:47','2025-06-09 17:17:47',NULL,'public'),(198,0,'product-48','product-48',10,'image/jpeg',9803,'products/product-48.jpg','[]','2025-06-09 17:17:47','2025-06-09 17:17:47',NULL,'public'),(199,0,'product-49','product-49',10,'image/jpeg',9803,'products/product-49.jpg','[]','2025-06-09 17:17:47','2025-06-09 17:17:47',NULL,'public'),(200,0,'product-5','product-5',10,'image/jpeg',9803,'products/product-5.jpg','[]','2025-06-09 17:17:47','2025-06-09 17:17:47',NULL,'public'),(201,0,'product-50','product-50',10,'image/jpeg',9803,'products/product-50.jpg','[]','2025-06-09 17:17:47','2025-06-09 17:17:47',NULL,'public'),(202,0,'product-51','product-51',10,'image/jpeg',9803,'products/product-51.jpg','[]','2025-06-09 17:17:48','2025-06-09 17:17:48',NULL,'public'),(203,0,'product-52','product-52',10,'image/jpeg',9803,'products/product-52.jpg','[]','2025-06-09 17:17:48','2025-06-09 17:17:48',NULL,'public'),(204,0,'product-53','product-53',10,'image/jpeg',9803,'products/product-53.jpg','[]','2025-06-09 17:17:48','2025-06-09 17:17:48',NULL,'public'),(205,0,'product-54','product-54',10,'image/jpeg',9803,'products/product-54.jpg','[]','2025-06-09 17:17:48','2025-06-09 17:17:48',NULL,'public'),(206,0,'product-55','product-55',10,'image/jpeg',9803,'products/product-55.jpg','[]','2025-06-09 17:17:48','2025-06-09 17:17:48',NULL,'public'),(207,0,'product-56','product-56',10,'image/jpeg',9803,'products/product-56.jpg','[]','2025-06-09 17:17:48','2025-06-09 17:17:48',NULL,'public'),(208,0,'product-57','product-57',10,'image/jpeg',9803,'products/product-57.jpg','[]','2025-06-09 17:17:48','2025-06-09 17:17:48',NULL,'public'),(209,0,'product-58','product-58',10,'image/jpeg',9803,'products/product-58.jpg','[]','2025-06-09 17:17:48','2025-06-09 17:17:48',NULL,'public'),(210,0,'product-59','product-59',10,'image/jpeg',9803,'products/product-59.jpg','[]','2025-06-09 17:17:48','2025-06-09 17:17:48',NULL,'public'),(211,0,'product-6','product-6',10,'image/jpeg',9803,'products/product-6.jpg','[]','2025-06-09 17:17:48','2025-06-09 17:17:48',NULL,'public'),(212,0,'product-60','product-60',10,'image/jpeg',9803,'products/product-60.jpg','[]','2025-06-09 17:17:48','2025-06-09 17:17:48',NULL,'public'),(213,0,'product-61','product-61',10,'image/jpeg',9803,'products/product-61.jpg','[]','2025-06-09 17:17:48','2025-06-09 17:17:48',NULL,'public'),(214,0,'product-62','product-62',10,'image/jpeg',9803,'products/product-62.jpg','[]','2025-06-09 17:17:48','2025-06-09 17:17:48',NULL,'public'),(215,0,'product-63','product-63',10,'image/jpeg',9803,'products/product-63.jpg','[]','2025-06-09 17:17:49','2025-06-09 17:17:49',NULL,'public'),(216,0,'product-64','product-64',10,'image/jpeg',9803,'products/product-64.jpg','[]','2025-06-09 17:17:49','2025-06-09 17:17:49',NULL,'public'),(217,0,'product-65','product-65',10,'image/jpeg',9803,'products/product-65.jpg','[]','2025-06-09 17:17:49','2025-06-09 17:17:49',NULL,'public'),(218,0,'product-66','product-66',10,'image/jpeg',9803,'products/product-66.jpg','[]','2025-06-09 17:17:49','2025-06-09 17:17:49',NULL,'public'),(219,0,'product-67','product-67',10,'image/jpeg',9803,'products/product-67.jpg','[]','2025-06-09 17:17:49','2025-06-09 17:17:49',NULL,'public'),(220,0,'product-68','product-68',10,'image/jpeg',9803,'products/product-68.jpg','[]','2025-06-09 17:17:49','2025-06-09 17:17:49',NULL,'public'),(221,0,'product-69','product-69',10,'image/jpeg',9803,'products/product-69.jpg','[]','2025-06-09 17:17:49','2025-06-09 17:17:49',NULL,'public'),(222,0,'product-7','product-7',10,'image/jpeg',9803,'products/product-7.jpg','[]','2025-06-09 17:17:49','2025-06-09 17:17:49',NULL,'public'),(223,0,'product-70','product-70',10,'image/jpeg',9803,'products/product-70.jpg','[]','2025-06-09 17:17:49','2025-06-09 17:17:49',NULL,'public'),(224,0,'product-71','product-71',10,'image/jpeg',9803,'products/product-71.jpg','[]','2025-06-09 17:17:49','2025-06-09 17:17:49',NULL,'public'),(225,0,'product-72','product-72',10,'image/jpeg',9803,'products/product-72.jpg','[]','2025-06-09 17:17:49','2025-06-09 17:17:49',NULL,'public'),(226,0,'product-73','product-73',10,'image/jpeg',9803,'products/product-73.jpg','[]','2025-06-09 17:17:49','2025-06-09 17:17:49',NULL,'public'),(227,0,'product-74','product-74',10,'image/jpeg',9803,'products/product-74.jpg','[]','2025-06-09 17:17:49','2025-06-09 17:17:49',NULL,'public'),(228,0,'product-75','product-75',10,'image/jpeg',9803,'products/product-75.jpg','[]','2025-06-09 17:17:49','2025-06-09 17:17:49',NULL,'public'),(229,0,'product-76','product-76',10,'image/jpeg',9803,'products/product-76.jpg','[]','2025-06-09 17:17:49','2025-06-09 17:17:49',NULL,'public'),(230,0,'product-77','product-77',10,'image/jpeg',9803,'products/product-77.jpg','[]','2025-06-09 17:17:50','2025-06-09 17:17:50',NULL,'public'),(231,0,'product-78','product-78',10,'image/jpeg',9803,'products/product-78.jpg','[]','2025-06-09 17:17:50','2025-06-09 17:17:50',NULL,'public'),(232,0,'product-79','product-79',10,'image/jpeg',9803,'products/product-79.jpg','[]','2025-06-09 17:17:50','2025-06-09 17:17:50',NULL,'public'),(233,0,'product-8','product-8',10,'image/jpeg',9803,'products/product-8.jpg','[]','2025-06-09 17:17:50','2025-06-09 17:17:50',NULL,'public'),(234,0,'product-80','product-80',10,'image/jpeg',9803,'products/product-80.jpg','[]','2025-06-09 17:17:50','2025-06-09 17:17:50',NULL,'public'),(235,0,'product-81','product-81',10,'image/jpeg',9803,'products/product-81.jpg','[]','2025-06-09 17:17:50','2025-06-09 17:17:50',NULL,'public'),(236,0,'product-82','product-82',10,'image/jpeg',9803,'products/product-82.jpg','[]','2025-06-09 17:17:50','2025-06-09 17:17:50',NULL,'public'),(237,0,'product-83','product-83',10,'image/jpeg',9803,'products/product-83.jpg','[]','2025-06-09 17:17:50','2025-06-09 17:17:50',NULL,'public'),(238,0,'product-84','product-84',10,'image/jpeg',9803,'products/product-84.jpg','[]','2025-06-09 17:17:50','2025-06-09 17:17:50',NULL,'public'),(239,0,'product-85','product-85',10,'image/jpeg',9803,'products/product-85.jpg','[]','2025-06-09 17:17:50','2025-06-09 17:17:50',NULL,'public'),(240,0,'product-86','product-86',10,'image/jpeg',9803,'products/product-86.jpg','[]','2025-06-09 17:17:50','2025-06-09 17:17:50',NULL,'public'),(241,0,'product-87','product-87',10,'image/jpeg',9803,'products/product-87.jpg','[]','2025-06-09 17:17:50','2025-06-09 17:17:50',NULL,'public'),(242,0,'product-88','product-88',10,'image/jpeg',9803,'products/product-88.jpg','[]','2025-06-09 17:17:50','2025-06-09 17:17:50',NULL,'public'),(243,0,'product-89','product-89',10,'image/jpeg',9803,'products/product-89.jpg','[]','2025-06-09 17:17:50','2025-06-09 17:17:50',NULL,'public'),(244,0,'product-9','product-9',10,'image/jpeg',9803,'products/product-9.jpg','[]','2025-06-09 17:17:51','2025-06-09 17:17:51',NULL,'public'),(245,0,'product-90','product-90',10,'image/jpeg',9803,'products/product-90.jpg','[]','2025-06-09 17:17:51','2025-06-09 17:17:51',NULL,'public'),(246,0,'product-91','product-91',10,'image/jpeg',9803,'products/product-91.jpg','[]','2025-06-09 17:17:51','2025-06-09 17:17:51',NULL,'public'),(247,0,'product-92','product-92',10,'image/jpeg',9803,'products/product-92.jpg','[]','2025-06-09 17:17:51','2025-06-09 17:17:51',NULL,'public'),(248,0,'product-93','product-93',10,'image/jpeg',9803,'products/product-93.jpg','[]','2025-06-09 17:17:51','2025-06-09 17:17:51',NULL,'public'),(249,0,'product-94','product-94',10,'image/jpeg',9803,'products/product-94.jpg','[]','2025-06-09 17:17:51','2025-06-09 17:17:51',NULL,'public'),(250,0,'product-95','product-95',10,'image/jpeg',9803,'products/product-95.jpg','[]','2025-06-09 17:17:51','2025-06-09 17:17:51',NULL,'public'),(251,0,'1','1',11,'image/jpeg',9803,'customers/1.jpg','[]','2025-06-09 17:17:54','2025-06-09 17:17:54',NULL,'public'),(252,0,'10','10',11,'image/jpeg',9803,'customers/10.jpg','[]','2025-06-09 17:17:54','2025-06-09 17:17:54',NULL,'public'),(253,0,'2','2',11,'image/jpeg',9803,'customers/2.jpg','[]','2025-06-09 17:17:54','2025-06-09 17:17:54',NULL,'public'),(254,0,'3','3',11,'image/jpeg',9803,'customers/3.jpg','[]','2025-06-09 17:17:54','2025-06-09 17:17:54',NULL,'public'),(255,0,'4','4',11,'image/jpeg',9803,'customers/4.jpg','[]','2025-06-09 17:17:54','2025-06-09 17:17:54',NULL,'public'),(256,0,'5','5',11,'image/jpeg',9803,'customers/5.jpg','[]','2025-06-09 17:17:54','2025-06-09 17:17:54',NULL,'public'),(257,0,'6','6',11,'image/jpeg',9803,'customers/6.jpg','[]','2025-06-09 17:17:55','2025-06-09 17:17:55',NULL,'public'),(258,0,'7','7',11,'image/jpeg',9803,'customers/7.jpg','[]','2025-06-09 17:17:55','2025-06-09 17:17:55',NULL,'public'),(259,0,'8','8',11,'image/jpeg',9803,'customers/8.jpg','[]','2025-06-09 17:17:55','2025-06-09 17:17:55',NULL,'public'),(260,0,'9','9',11,'image/jpeg',9803,'customers/9.jpg','[]','2025-06-09 17:17:55','2025-06-09 17:17:55',NULL,'public'),(261,0,'1','1',12,'image/jpeg',9803,'galleries/1.jpg','[]','2025-06-09 17:17:58','2025-06-09 17:17:58',NULL,'public'),(262,0,'2','2',12,'image/jpeg',9803,'galleries/2.jpg','[]','2025-06-09 17:17:58','2025-06-09 17:17:58',NULL,'public'),(263,0,'3','3',12,'image/jpeg',9803,'galleries/3.jpg','[]','2025-06-09 17:17:58','2025-06-09 17:17:58',NULL,'public'),(264,0,'4','4',12,'image/jpeg',9803,'galleries/4.jpg','[]','2025-06-09 17:17:58','2025-06-09 17:17:58',NULL,'public'),(265,0,'5','5',12,'image/jpeg',9803,'galleries/5.jpg','[]','2025-06-09 17:17:58','2025-06-09 17:17:58',NULL,'public'),(266,0,'6','6',12,'image/jpeg',9803,'galleries/6.jpg','[]','2025-06-09 17:17:58','2025-06-09 17:17:58',NULL,'public'),(267,0,'avatar-1','avatar-1',13,'image/png',674,'testimonials/avatar-1.png','[]','2025-06-09 17:17:58','2025-06-09 17:17:58',NULL,'public'),(268,0,'avatar-2','avatar-2',13,'image/png',674,'testimonials/avatar-2.png','[]','2025-06-09 17:17:58','2025-06-09 17:17:58',NULL,'public'),(269,0,'avatar-3','avatar-3',13,'image/png',674,'testimonials/avatar-3.png','[]','2025-06-09 17:17:58','2025-06-09 17:17:58',NULL,'public'),(270,0,'team-1','team-1',13,'image/jpeg',6202,'testimonials/team-1.jpg','[]','2025-06-09 17:17:58','2025-06-09 17:17:58',NULL,'public'),(271,0,'team-2','team-2',13,'image/jpeg',6202,'testimonials/team-2.jpg','[]','2025-06-09 17:17:58','2025-06-09 17:17:58',NULL,'public'),(272,0,'team-3','team-3',13,'image/jpeg',6202,'testimonials/team-3.jpg','[]','2025-06-09 17:17:58','2025-06-09 17:17:58',NULL,'public'),(273,0,'team-4','team-4',13,'image/jpeg',6202,'testimonials/team-4.jpg','[]','2025-06-09 17:17:58','2025-06-09 17:17:58',NULL,'public');
/*!40000 ALTER TABLE `media_files` ENABLE KEYS */;
UNLOCK TABLES;

--
-- Table structure for table `media_folders`
--

DROP TABLE IF EXISTS `media_folders`;
/*!40101 SET @saved_cs_client     = @@character_set_client */;
/*!50503 SET character_set_client = utf8mb4 */;
CREATE TABLE `media_folders` (
  `id` bigint unsigned NOT NULL AUTO_INCREMENT,
  `user_id` bigint unsigned NOT NULL,
  `name` varchar(191) COLLATE utf8mb4_unicode_ci DEFAULT NULL,
  `color` varchar(191) COLLATE utf8mb4_unicode_ci DEFAULT NULL,
  `slug` varchar(191) COLLATE utf8mb4_unicode_ci DEFAULT NULL,
  `parent_id` bigint unsigned NOT NULL DEFAULT '0',
  `created_at` timestamp NULL DEFAULT NULL,
  `updated_at` timestamp NULL DEFAULT NULL,
  `deleted_at` timestamp NULL DEFAULT NULL,
  PRIMARY KEY (`id`),
  KEY `media_folders_user_id_index` (`user_id`),
  KEY `media_folders_index` (`parent_id`,`user_id`,`created_at`)
) ENGINE=InnoDB AUTO_INCREMENT=14 DEFAULT CHARSET=utf8mb4 COLLATE=utf8mb4_unicode_ci;
/*!40101 SET character_set_client = @saved_cs_client */;

--
-- Dumping data for table `media_folders`
--

LOCK TABLES `media_folders` WRITE;
/*!40000 ALTER TABLE `media_folders` DISABLE KEYS */;
INSERT INTO `media_folders` VALUES (1,0,'general',NULL,'general',0,'2025-06-09 17:17:34','2025-06-09 17:17:34',NULL),(2,0,'payments',NULL,'payments',0,'2025-06-09 17:17:34','2025-06-09 17:17:34',NULL),(3,0,'blog',NULL,'blog',0,'2025-06-09 17:17:35','2025-06-09 17:17:35',NULL),(4,0,'shop',NULL,'shop',0,'2025-06-09 17:17:37','2025-06-09 17:17:37',NULL),(5,0,'banners',NULL,'banners',0,'2025-06-09 17:17:38','2025-06-09 17:17:38',NULL),(6,0,'icons',NULL,'icons',0,'2025-06-09 17:17:40','2025-06-09 17:17:40',NULL),(7,0,'sliders',NULL,'sliders',0,'2025-06-09 17:17:41','2025-06-09 17:17:41',NULL),(8,0,'brands',NULL,'brands',0,'2025-06-09 17:17:43','2025-06-09 17:17:43',NULL),(9,0,'features',NULL,'features',0,'2025-06-09 17:17:44','2025-06-09 17:17:44',NULL),(10,0,'products',NULL,'products',0,'2025-06-09 17:17:44','2025-06-09 17:17:44',NULL),(11,0,'customers',NULL,'customers',0,'2025-06-09 17:17:54','2025-06-09 17:17:54',NULL),(12,0,'galleries',NULL,'galleries',0,'2025-06-09 17:17:58','2025-06-09 17:17:58',NULL),(13,0,'testimonials',NULL,'testimonials',0,'2025-06-09 17:17:58','2025-06-09 17:17:58',NULL);
/*!40000 ALTER TABLE `media_folders` ENABLE KEYS */;
UNLOCK TABLES;

--
-- Table structure for table `media_settings`
--

DROP TABLE IF EXISTS `media_settings`;
/*!40101 SET @saved_cs_client     = @@character_set_client */;
/*!50503 SET character_set_client = utf8mb4 */;
CREATE TABLE `media_settings` (
  `id` bigint unsigned NOT NULL AUTO_INCREMENT,
  `key` varchar(120) COLLATE utf8mb4_unicode_ci NOT NULL,
  `value` text COLLATE utf8mb4_unicode_ci,
  `media_id` bigint unsigned DEFAULT NULL,
  `user_id` bigint unsigned DEFAULT NULL,
  `created_at` timestamp NULL DEFAULT NULL,
  `updated_at` timestamp NULL DEFAULT NULL,
  PRIMARY KEY (`id`)
) ENGINE=InnoDB DEFAULT CHARSET=utf8mb4 COLLATE=utf8mb4_unicode_ci;
/*!40101 SET character_set_client = @saved_cs_client */;

--
-- Dumping data for table `media_settings`
--

LOCK TABLES `media_settings` WRITE;
/*!40000 ALTER TABLE `media_settings` DISABLE KEYS */;
/*!40000 ALTER TABLE `media_settings` ENABLE KEYS */;
UNLOCK TABLES;

--
-- Table structure for table `menu_locations`
--

DROP TABLE IF EXISTS `menu_locations`;
/*!40101 SET @saved_cs_client     = @@character_set_client */;
/*!50503 SET character_set_client = utf8mb4 */;
CREATE TABLE `menu_locations` (
  `id` bigint unsigned NOT NULL AUTO_INCREMENT,
  `menu_id` bigint unsigned NOT NULL,
  `location` varchar(191) COLLATE utf8mb4_unicode_ci NOT NULL,
  `created_at` timestamp NULL DEFAULT NULL,
  `updated_at` timestamp NULL DEFAULT NULL,
  PRIMARY KEY (`id`),
  KEY `menu_locations_menu_id_created_at_index` (`menu_id`,`created_at`)
) ENGINE=InnoDB AUTO_INCREMENT=5 DEFAULT CHARSET=utf8mb4 COLLATE=utf8mb4_unicode_ci;
/*!40101 SET character_set_client = @saved_cs_client */;

--
-- Dumping data for table `menu_locations`
--

LOCK TABLES `menu_locations` WRITE;
/*!40000 ALTER TABLE `menu_locations` DISABLE KEYS */;
INSERT INTO `menu_locations` VALUES (1,1,'main-menu','2025-06-09 17:17:57','2025-06-09 17:17:57'),(2,2,'information','2025-06-09 17:17:57','2025-06-09 17:17:57'),(3,3,'my-account','2025-06-09 17:17:57','2025-06-09 17:17:57'),(4,4,'social-network','2025-06-09 17:17:57','2025-06-09 17:17:57');
/*!40000 ALTER TABLE `menu_locations` ENABLE KEYS */;
UNLOCK TABLES;

--
-- Table structure for table `menu_nodes`
--

DROP TABLE IF EXISTS `menu_nodes`;
/*!40101 SET @saved_cs_client     = @@character_set_client */;
/*!50503 SET character_set_client = utf8mb4 */;
CREATE TABLE `menu_nodes` (
  `id` bigint unsigned NOT NULL AUTO_INCREMENT,
  `menu_id` bigint unsigned NOT NULL,
  `parent_id` bigint unsigned NOT NULL DEFAULT '0',
  `reference_id` bigint unsigned DEFAULT NULL,
  `reference_type` varchar(191) COLLATE utf8mb4_unicode_ci DEFAULT NULL,
  `url` varchar(191) COLLATE utf8mb4_unicode_ci DEFAULT NULL,
  `icon_font` varchar(191) COLLATE utf8mb4_unicode_ci DEFAULT NULL,
  `position` tinyint unsigned NOT NULL DEFAULT '0',
  `title` varchar(191) COLLATE utf8mb4_unicode_ci DEFAULT NULL,
  `css_class` varchar(191) COLLATE utf8mb4_unicode_ci DEFAULT NULL,
  `target` varchar(20) COLLATE utf8mb4_unicode_ci NOT NULL DEFAULT '_self',
  `has_child` tinyint unsigned NOT NULL DEFAULT '0',
  `created_at` timestamp NULL DEFAULT NULL,
  `updated_at` timestamp NULL DEFAULT NULL,
  PRIMARY KEY (`id`),
  KEY `menu_nodes_menu_id_index` (`menu_id`),
  KEY `menu_nodes_parent_id_index` (`parent_id`),
  KEY `reference_id` (`reference_id`),
  KEY `reference_type` (`reference_type`)
) ENGINE=InnoDB AUTO_INCREMENT=40 DEFAULT CHARSET=utf8mb4 COLLATE=utf8mb4_unicode_ci;
/*!40101 SET character_set_client = @saved_cs_client */;

--
-- Dumping data for table `menu_nodes`
--

LOCK TABLES `menu_nodes` WRITE;
/*!40000 ALTER TABLE `menu_nodes` DISABLE KEYS */;
INSERT INTO `menu_nodes` VALUES (1,1,0,NULL,NULL,'/',NULL,0,'Home',NULL,'_self',1,'2025-06-09 17:17:57','2025-06-09 17:17:57'),(2,1,1,1,'Botble\\Page\\Models\\Page','/',NULL,0,'Wooden Home',NULL,'_self',0,'2025-06-09 17:17:57','2025-06-09 17:17:57'),(3,1,1,2,'Botble\\Page\\Models\\Page','/fashion-home',NULL,1,'Fashion Home',NULL,'_self',0,'2025-06-09 17:17:57','2025-06-09 17:17:57'),(4,1,1,3,'Botble\\Page\\Models\\Page','/furniture-home',NULL,2,'Furniture Home',NULL,'_self',0,'2025-06-09 17:17:57','2025-06-09 17:17:57'),(5,1,1,4,'Botble\\Page\\Models\\Page','/cosmetics-home',NULL,3,'Cosmetics Home',NULL,'_self',0,'2025-06-09 17:17:57','2025-06-09 17:17:57'),(6,1,1,5,'Botble\\Page\\Models\\Page','/food-grocery-home',NULL,4,'Food Grocery',NULL,'_self',0,'2025-06-09 17:17:57','2025-06-09 17:17:57'),(7,1,0,NULL,NULL,'/',NULL,1,'Shop',NULL,'_self',1,'2025-06-09 17:17:57','2025-06-09 17:17:57'),(8,1,7,NULL,NULL,'/products',NULL,0,'Shop Grid',NULL,'_self',0,'2025-06-09 17:17:57','2025-06-09 17:17:57'),(9,1,7,NULL,NULL,'/products?layout=list',NULL,1,'Shop List',NULL,'_self',0,'2025-06-09 17:17:57','2025-06-09 17:17:57'),(10,1,7,NULL,NULL,'',NULL,2,'Shop Detail',NULL,'_self',0,'2025-06-09 17:17:57','2025-06-09 17:17:57'),(11,1,7,10,'Botble\\Page\\Models\\Page','/store-locator',NULL,3,'Shop Location',NULL,'_self',0,'2025-06-09 17:17:57','2025-06-09 17:17:57'),(12,1,7,NULL,NULL,'/cart',NULL,4,'Cart',NULL,'_self',0,'2025-06-09 17:17:57','2025-06-09 17:17:57'),(13,1,7,NULL,NULL,'/wishlist',NULL,5,'Wishlist',NULL,'_self',0,'2025-06-09 17:17:57','2025-06-09 17:17:57'),(14,1,0,NULL,NULL,'/',NULL,2,'Pages',NULL,'_self',1,'2025-06-09 17:17:57','2025-06-09 17:17:57'),(15,1,14,NULL,NULL,'/orders/tracking',NULL,0,'Order Tracking',NULL,'_self',0,'2025-06-09 17:17:57','2025-06-09 17:17:57'),(16,1,14,7,'Botble\\Page\\Models\\Page','/about',NULL,1,'About',NULL,'_self',0,'2025-06-09 17:17:57','2025-06-09 17:17:57'),(17,1,14,NULL,NULL,'/register',NULL,2,'Sign up',NULL,'_self',0,'2025-06-09 17:17:57','2025-06-09 17:17:57'),(18,1,14,NULL,NULL,'/login',NULL,3,'Login',NULL,'_self',0,'2025-06-09 17:17:57','2025-06-09 17:17:57'),(19,1,14,NULL,NULL,'/404',NULL,4,'404 / Error',NULL,'_self',0,'2025-06-09 17:17:57','2025-06-09 17:17:57'),(20,1,14,9,'Botble\\Page\\Models\\Page','/coming-soon',NULL,5,'Coming soon',NULL,'_self',0,'2025-06-09 17:17:57','2025-06-09 17:17:58'),(21,1,0,NULL,NULL,'/',NULL,3,'Blog',NULL,'_self',1,'2025-06-09 17:17:57','2025-06-09 17:17:57'),(22,1,21,6,'Botble\\Page\\Models\\Page','/blog',NULL,0,'Blog',NULL,'_self',0,'2025-06-09 17:17:57','2025-06-09 17:17:58'),(23,1,21,NULL,NULL,'',NULL,1,'Blog Detail',NULL,'_self',0,'2025-06-09 17:17:57','2025-06-09 17:17:57'),(24,1,0,8,'Botble\\Page\\Models\\Page','/contact',NULL,4,'Contact',NULL,'_self',0,'2025-06-09 17:17:57','2025-06-09 17:17:58'),(25,2,0,NULL,NULL,'/',NULL,0,'Custom Service',NULL,'_self',0,'2025-06-09 17:17:57','2025-06-09 17:17:57'),(26,2,0,11,'Botble\\Page\\Models\\Page','/faqs',NULL,1,'FAQs',NULL,'_self',0,'2025-06-09 17:17:57','2025-06-09 17:17:58'),(27,2,0,NULL,NULL,'orders/tracking',NULL,2,'Order Tracking',NULL,'_self',0,'2025-06-09 17:17:57','2025-06-09 17:17:57'),(28,2,0,8,'Botble\\Page\\Models\\Page','/contact',NULL,3,'Contact',NULL,'_self',0,'2025-06-09 17:17:57','2025-06-09 17:17:58'),(29,2,0,NULL,NULL,'/',NULL,4,'Events',NULL,'_self',0,'2025-06-09 17:17:57','2025-06-09 17:17:57'),(30,3,0,NULL,NULL,'/',NULL,0,'Delivery Information',NULL,'_self',0,'2025-06-09 17:17:57','2025-06-09 17:17:57'),(31,3,0,NULL,NULL,'/',NULL,1,'Privacy Policy',NULL,'_self',0,'2025-06-09 17:17:57','2025-06-09 17:17:57'),(32,3,0,NULL,NULL,'/',NULL,2,'Discount',NULL,'_self',0,'2025-06-09 17:17:57','2025-06-09 17:17:57'),(33,3,0,NULL,NULL,'/',NULL,3,'Custom Service',NULL,'_self',0,'2025-06-09 17:17:57','2025-06-09 17:17:57'),(34,3,0,NULL,NULL,'/',NULL,4,'Terms & Condition',NULL,'_self',0,'2025-06-09 17:17:57','2025-06-09 17:17:57'),(35,4,0,NULL,NULL,'https://facebook.com','ti ti-brand-facebook',0,'Facebook',NULL,'_self',0,'2025-06-09 17:17:57','2025-06-09 17:17:57'),(36,4,0,NULL,NULL,'https://dribbble.com','ti ti-brand-dribbble',1,'Dribble',NULL,'_self',0,'2025-06-09 17:17:57','2025-06-09 17:17:57'),(37,4,0,NULL,NULL,'https://x.com','ti ti-brand-x',2,'X (Twitter)',NULL,'_self',0,'2025-06-09 17:17:57','2025-06-09 17:17:57'),(38,4,0,NULL,NULL,'https://behance.com','ti ti-brand-behance',3,'Behance',NULL,'_self',0,'2025-06-09 17:17:57','2025-06-09 17:17:57'),(39,4,0,NULL,NULL,'https://youtube.com','ti ti-brand-youtube',4,'YouTube',NULL,'_self',0,'2025-06-09 17:17:57','2025-06-09 17:17:57');
/*!40000 ALTER TABLE `menu_nodes` ENABLE KEYS */;
UNLOCK TABLES;

--
-- Table structure for table `menus`
--

DROP TABLE IF EXISTS `menus`;
/*!40101 SET @saved_cs_client     = @@character_set_client */;
/*!50503 SET character_set_client = utf8mb4 */;
CREATE TABLE `menus` (
  `id` bigint unsigned NOT NULL AUTO_INCREMENT,
  `name` varchar(120) COLLATE utf8mb4_unicode_ci NOT NULL,
  `slug` varchar(120) COLLATE utf8mb4_unicode_ci DEFAULT NULL,
  `status` varchar(60) COLLATE utf8mb4_unicode_ci NOT NULL DEFAULT 'published',
  `created_at` timestamp NULL DEFAULT NULL,
  `updated_at` timestamp NULL DEFAULT NULL,
  PRIMARY KEY (`id`),
  UNIQUE KEY `menus_slug_unique` (`slug`)
) ENGINE=InnoDB AUTO_INCREMENT=5 DEFAULT CHARSET=utf8mb4 COLLATE=utf8mb4_unicode_ci;
/*!40101 SET character_set_client = @saved_cs_client */;

--
-- Dumping data for table `menus`
--

LOCK TABLES `menus` WRITE;
/*!40000 ALTER TABLE `menus` DISABLE KEYS */;
INSERT INTO `menus` VALUES (1,'Main menu','main-menu','published','2025-06-09 17:17:57','2025-06-09 17:17:57'),(2,'Information','information','published','2025-06-09 17:17:57','2025-06-09 17:17:57'),(3,'My Account','my-account','published','2025-06-09 17:17:57','2025-06-09 17:17:57'),(4,'Social Network','social-network','published','2025-06-09 17:17:57','2025-06-09 17:17:57');
/*!40000 ALTER TABLE `menus` ENABLE KEYS */;
UNLOCK TABLES;

--
-- Table structure for table `meta_boxes`
--

DROP TABLE IF EXISTS `meta_boxes`;
/*!40101 SET @saved_cs_client     = @@character_set_client */;
/*!50503 SET character_set_client = utf8mb4 */;
CREATE TABLE `meta_boxes` (
  `id` bigint unsigned NOT NULL AUTO_INCREMENT,
  `meta_key` varchar(191) COLLATE utf8mb4_unicode_ci NOT NULL,
  `meta_value` text COLLATE utf8mb4_unicode_ci,
  `reference_id` bigint unsigned NOT NULL,
  `reference_type` varchar(120) COLLATE utf8mb4_unicode_ci NOT NULL,
  `created_at` timestamp NULL DEFAULT NULL,
  `updated_at` timestamp NULL DEFAULT NULL,
  PRIMARY KEY (`id`),
  KEY `meta_boxes_reference_id_index` (`reference_id`)
) ENGINE=InnoDB AUTO_INCREMENT=137 DEFAULT CHARSET=utf8mb4 COLLATE=utf8mb4_unicode_ci;
/*!40101 SET character_set_client = @saved_cs_client */;

--
-- Dumping data for table `meta_boxes`
--

LOCK TABLES `meta_boxes` WRITE;
/*!40000 ALTER TABLE `meta_boxes` DISABLE KEYS */;
INSERT INTO `meta_boxes` VALUES (1,'header_style','[\"collapsed\"]',1,'Botble\\Page\\Models\\Page','2025-06-09 17:17:38','2025-06-09 17:17:38'),(2,'customize_footer','[\"custom\"]',2,'Botble\\Page\\Models\\Page','2025-06-09 17:17:38','2025-06-09 17:17:38'),(3,'footer_background_color','[\"#040404\"]',2,'Botble\\Page\\Models\\Page','2025-06-09 17:17:38','2025-06-09 17:17:38'),(4,'footer_text_color','[\"#fff\"]',2,'Botble\\Page\\Models\\Page','2025-06-09 17:17:38','2025-06-09 17:17:38'),(5,'footer_text_muted_color','[\"#a0a0a0\"]',2,'Botble\\Page\\Models\\Page','2025-06-09 17:17:38','2025-06-09 17:17:38'),(6,'footer_logo','[\"general\\/logo-white.png\"]',2,'Botble\\Page\\Models\\Page','2025-06-09 17:17:38','2025-06-09 17:17:38'),(7,'footer_border_color','[\"#282828\"]',2,'Botble\\Page\\Models\\Page','2025-06-09 17:17:38','2025-06-09 17:17:38'),(8,'footer_bottom_background_color','[\"#040404\"]',2,'Botble\\Page\\Models\\Page','2025-06-09 17:17:38','2025-06-09 17:17:38'),(9,'customize_footer','[\"custom\"]',3,'Botble\\Page\\Models\\Page','2025-06-09 17:17:38','2025-06-09 17:17:38'),(10,'footer_bottom_background_color','[\"#f8f8f8\"]',3,'Botble\\Page\\Models\\Page','2025-06-09 17:17:38','2025-06-09 17:17:38'),(11,'header_style','[\"centered-logo\"]',4,'Botble\\Page\\Models\\Page','2025-06-09 17:17:38','2025-06-09 17:17:38'),(12,'customize_footer','[\"custom\"]',4,'Botble\\Page\\Models\\Page','2025-06-09 17:17:38','2025-06-09 17:17:38'),(13,'footer_background_color','[\"#F7EFEC\"]',4,'Botble\\Page\\Models\\Page','2025-06-09 17:17:38','2025-06-09 17:17:38'),(14,'footer_bottom_background_color','[\"#F7EFEC\"]',4,'Botble\\Page\\Models\\Page','2025-06-09 17:17:38','2025-06-09 17:17:38'),(15,'customize_footer','[\"custom\"]',5,'Botble\\Page\\Models\\Page','2025-06-09 17:17:38','2025-06-09 17:17:38'),(16,'footer_background_color','[\"#F7EFEC\"]',5,'Botble\\Page\\Models\\Page','2025-06-09 17:17:38','2025-06-09 17:17:38'),(17,'footer_bottom_background_color','[\"#F7EFEC\"]',5,'Botble\\Page\\Models\\Page','2025-06-09 17:17:38','2025-06-09 17:17:38'),(18,'customize_footer','[\"custom\"]',7,'Botble\\Page\\Models\\Page','2025-06-09 17:17:38','2025-06-09 17:17:38'),(19,'footer_background_color','[\"#040404\"]',7,'Botble\\Page\\Models\\Page','2025-06-09 17:17:38','2025-06-09 17:17:38'),(20,'footer_text_color','[\"#fff\"]',7,'Botble\\Page\\Models\\Page','2025-06-09 17:17:38','2025-06-09 17:17:38'),(21,'footer_text_muted_color','[\"#a0a0a0\"]',7,'Botble\\Page\\Models\\Page','2025-06-09 17:17:38','2025-06-09 17:17:38'),(22,'footer_logo','[\"general\\/logo-white.png\"]',7,'Botble\\Page\\Models\\Page','2025-06-09 17:17:38','2025-06-09 17:17:38'),(23,'footer_border_color','[\"#282828\"]',7,'Botble\\Page\\Models\\Page','2025-06-09 17:17:38','2025-06-09 17:17:38'),(24,'footer_bottom_background_color','[\"#040404\"]',7,'Botble\\Page\\Models\\Page','2025-06-09 17:17:38','2025-06-09 17:17:38'),(25,'subtitle','[\"Accessories\"]',1,'Botble\\SimpleSlider\\Models\\SimpleSliderItem','2025-06-09 17:17:43','2025-06-09 17:17:43'),(26,'action_label','[\"Shop Now\"]',1,'Botble\\SimpleSlider\\Models\\SimpleSliderItem','2025-06-09 17:17:43','2025-06-09 17:17:43'),(27,'subtitle','[\"Accessories\"]',2,'Botble\\SimpleSlider\\Models\\SimpleSliderItem','2025-06-09 17:17:43','2025-06-09 17:17:43'),(28,'action_label','[\"Shop Now\"]',2,'Botble\\SimpleSlider\\Models\\SimpleSliderItem','2025-06-09 17:17:43','2025-06-09 17:17:43'),(29,'subtitle','[\"Accessories\"]',3,'Botble\\SimpleSlider\\Models\\SimpleSliderItem','2025-06-09 17:17:43','2025-06-09 17:17:43'),(30,'action_label','[\"Shop Now\"]',3,'Botble\\SimpleSlider\\Models\\SimpleSliderItem','2025-06-09 17:17:43','2025-06-09 17:17:43'),(31,'subtitle','[\"Winter\"]',4,'Botble\\SimpleSlider\\Models\\SimpleSliderItem','2025-06-09 17:17:43','2025-06-09 17:17:43'),(32,'action_label','[\"Shop Now\"]',4,'Botble\\SimpleSlider\\Models\\SimpleSliderItem','2025-06-09 17:17:43','2025-06-09 17:17:43'),(33,'subtitle','[\"Winter\"]',5,'Botble\\SimpleSlider\\Models\\SimpleSliderItem','2025-06-09 17:17:43','2025-06-09 17:17:43'),(34,'action_label','[\"Shop Now\"]',5,'Botble\\SimpleSlider\\Models\\SimpleSliderItem','2025-06-09 17:17:43','2025-06-09 17:17:43'),(35,'subtitle','[\"Winter\"]',6,'Botble\\SimpleSlider\\Models\\SimpleSliderItem','2025-06-09 17:17:43','2025-06-09 17:17:43'),(36,'action_label','[\"Shop Now\"]',6,'Botble\\SimpleSlider\\Models\\SimpleSliderItem','2025-06-09 17:17:43','2025-06-09 17:17:43'),(37,'subtitle','[null]',7,'Botble\\SimpleSlider\\Models\\SimpleSliderItem','2025-06-09 17:17:43','2025-06-09 17:17:43'),(38,'action_label','[\"Shop Now\"]',7,'Botble\\SimpleSlider\\Models\\SimpleSliderItem','2025-06-09 17:17:43','2025-06-09 17:17:43'),(39,'subtitle','[\"New Modern Stylist Fashionable Women\'s Wear holder\"]',8,'Botble\\SimpleSlider\\Models\\SimpleSliderItem','2025-06-09 17:17:43','2025-06-09 17:17:43'),(40,'action_label','[\"Shop Now\"]',8,'Botble\\SimpleSlider\\Models\\SimpleSliderItem','2025-06-09 17:17:43','2025-06-09 17:17:43'),(41,'subtitle','[\"New Modern Stylist Fashionable Women\'s Wear holder\"]',9,'Botble\\SimpleSlider\\Models\\SimpleSliderItem','2025-06-09 17:17:43','2025-06-09 17:17:43'),(42,'action_label','[\"Shop Now\"]',9,'Botble\\SimpleSlider\\Models\\SimpleSliderItem','2025-06-09 17:17:43','2025-06-09 17:17:43'),(43,'subtitle','[null]',10,'Botble\\SimpleSlider\\Models\\SimpleSliderItem','2025-06-09 17:17:43','2025-06-09 17:17:43'),(44,'action_label','[\"Shop Now\"]',10,'Botble\\SimpleSlider\\Models\\SimpleSliderItem','2025-06-09 17:17:43','2025-06-09 17:17:43'),(45,'subtitle','[null]',11,'Botble\\SimpleSlider\\Models\\SimpleSliderItem','2025-06-09 17:17:43','2025-06-09 17:17:43'),(46,'action_label','[\"Shop Now\"]',11,'Botble\\SimpleSlider\\Models\\SimpleSliderItem','2025-06-09 17:17:43','2025-06-09 17:17:43'),(47,'subtitle','[null]',12,'Botble\\SimpleSlider\\Models\\SimpleSliderItem','2025-06-09 17:17:43','2025-06-09 17:17:43'),(48,'action_label','[\"Shop Now\"]',12,'Botble\\SimpleSlider\\Models\\SimpleSliderItem','2025-06-09 17:17:43','2025-06-09 17:17:43'),(49,'subtitle','[null]',13,'Botble\\SimpleSlider\\Models\\SimpleSliderItem','2025-06-09 17:17:43','2025-06-09 17:17:43'),(50,'action_label','[\"Shop Now\"]',13,'Botble\\SimpleSlider\\Models\\SimpleSliderItem','2025-06-09 17:17:43','2025-06-09 17:17:43'),(51,'subtitle','[null]',14,'Botble\\SimpleSlider\\Models\\SimpleSliderItem','2025-06-09 17:17:43','2025-06-09 17:17:43'),(52,'action_label','[\"Shop Now\"]',14,'Botble\\SimpleSlider\\Models\\SimpleSliderItem','2025-06-09 17:17:43','2025-06-09 17:17:43'),(53,'subtitle','[null]',15,'Botble\\SimpleSlider\\Models\\SimpleSliderItem','2025-06-09 17:17:43','2025-06-09 17:17:43'),(54,'action_label','[\"Shop Now\"]',15,'Botble\\SimpleSlider\\Models\\SimpleSliderItem','2025-06-09 17:17:43','2025-06-09 17:17:43'),(55,'subtitle','[\"Collection\"]',3,'Botble\\Ads\\Models\\Ads','2025-06-09 17:17:43','2025-06-09 17:17:43'),(56,'subtitle','[\"New Modern Stylist Fashionable <br> Women\'s Wear holder\"]',4,'Botble\\Ads\\Models\\Ads','2025-06-09 17:17:43','2025-06-09 17:17:43'),(57,'subtitle','[\"Furniture\"]',5,'Botble\\Ads\\Models\\Ads','2025-06-09 17:17:43','2025-06-09 17:17:43'),(58,'subtitle','[\"100 Added\"]',6,'Botble\\Ads\\Models\\Ads','2025-06-09 17:17:43','2025-06-09 17:17:43'),(59,'subtitle','[\"-60% Offer\"]',7,'Botble\\Ads\\Models\\Ads','2025-06-09 17:17:43','2025-06-09 17:17:43'),(60,'subtitle','[\"Best Bakery Products\"]',8,'Botble\\Ads\\Models\\Ads','2025-06-09 17:17:43','2025-06-09 17:17:43'),(61,'subtitle','[\"Best Bakery Products\"]',9,'Botble\\Ads\\Models\\Ads','2025-06-09 17:17:43','2025-06-09 17:17:43'),(62,'faq_schema_config','[[[{\"key\":\"question\",\"value\":\"What Shipping Methods Are Available?\"},{\"key\":\"answer\",\"value\":\"Ex Portland Pitchfork irure mustache. Eutra fap before they sold out literally. Aliquip ugh bicycle rights actually mlkshk, seitan squid craft beer tempor.\"}],[{\"key\":\"question\",\"value\":\"Do You Ship Internationally?\"},{\"key\":\"answer\",\"value\":\"Hoodie tote bag mixtape tofu. Typewriter jean shorts wolf quinoa, messenger bag organic freegan cray.\"}],[{\"key\":\"question\",\"value\":\"How Long Will It Take To Get My Package?\"},{\"key\":\"answer\",\"value\":\"Swag slow-carb quinoa VHS typewriter pork belly brunch, paleo single-origin coffee Wes Anderson. Flexitarian Pitchfork forage, literally paleo fap pour-over. Wes Anderson Pinterest YOLO fanny pack meggings, deep v XOXO chambray sustainable slow-carb raw denim church-key fap chillwave Etsy. +1 typewriter kitsch, American Apparel tofu Banksy Vice.\"}],[{\"key\":\"question\",\"value\":\"What Payment Methods Are Accepted?\"},{\"key\":\"answer\",\"value\":\"Fashion axe DIY jean shorts, swag kale chips meh polaroid kogi butcher Wes Anderson chambray next level semiotics gentrify yr. Voluptate photo booth fugiat Vice. Austin sed Williamsburg, ea labore raw denim voluptate cred proident mixtape excepteur mustache. Twee chia photo booth readymade food truck, hoodie roof party swag keytar PBR DIY.\"}],[{\"key\":\"question\",\"value\":\"Is Buying On-Line Safe?\"},{\"key\":\"answer\",\"value\":\"Art party authentic freegan semiotics jean shorts chia cred. Neutra Austin roof party Brooklyn, synth Thundercats swag 8-bit photo booth. Plaid letterpress leggings craft beer meh ethical Pinterest.\"}]]]',1,'Botble\\Ecommerce\\Models\\Product','2025-06-09 17:17:51','2025-06-09 17:17:51'),(63,'faq_schema_config','[[[{\"key\":\"question\",\"value\":\"What Shipping Methods Are Available?\"},{\"key\":\"answer\",\"value\":\"Ex Portland Pitchfork irure mustache. Eutra fap before they sold out literally. Aliquip ugh bicycle rights actually mlkshk, seitan squid craft beer tempor.\"}],[{\"key\":\"question\",\"value\":\"Do You Ship Internationally?\"},{\"key\":\"answer\",\"value\":\"Hoodie tote bag mixtape tofu. Typewriter jean shorts wolf quinoa, messenger bag organic freegan cray.\"}],[{\"key\":\"question\",\"value\":\"How Long Will It Take To Get My Package?\"},{\"key\":\"answer\",\"value\":\"Swag slow-carb quinoa VHS typewriter pork belly brunch, paleo single-origin coffee Wes Anderson. Flexitarian Pitchfork forage, literally paleo fap pour-over. Wes Anderson Pinterest YOLO fanny pack meggings, deep v XOXO chambray sustainable slow-carb raw denim church-key fap chillwave Etsy. +1 typewriter kitsch, American Apparel tofu Banksy Vice.\"}],[{\"key\":\"question\",\"value\":\"What Payment Methods Are Accepted?\"},{\"key\":\"answer\",\"value\":\"Fashion axe DIY jean shorts, swag kale chips meh polaroid kogi butcher Wes Anderson chambray next level semiotics gentrify yr. Voluptate photo booth fugiat Vice. Austin sed Williamsburg, ea labore raw denim voluptate cred proident mixtape excepteur mustache. Twee chia photo booth readymade food truck, hoodie roof party swag keytar PBR DIY.\"}],[{\"key\":\"question\",\"value\":\"Is Buying On-Line Safe?\"},{\"key\":\"answer\",\"value\":\"Art party authentic freegan semiotics jean shorts chia cred. Neutra Austin roof party Brooklyn, synth Thundercats swag 8-bit photo booth. Plaid letterpress leggings craft beer meh ethical Pinterest.\"}]]]',2,'Botble\\Ecommerce\\Models\\Product','2025-06-09 17:17:51','2025-06-09 17:17:51'),(64,'faq_schema_config','[[[{\"key\":\"question\",\"value\":\"What Shipping Methods Are Available?\"},{\"key\":\"answer\",\"value\":\"Ex Portland Pitchfork irure mustache. Eutra fap before they sold out literally. Aliquip ugh bicycle rights actually mlkshk, seitan squid craft beer tempor.\"}],[{\"key\":\"question\",\"value\":\"Do You Ship Internationally?\"},{\"key\":\"answer\",\"value\":\"Hoodie tote bag mixtape tofu. Typewriter jean shorts wolf quinoa, messenger bag organic freegan cray.\"}],[{\"key\":\"question\",\"value\":\"How Long Will It Take To Get My Package?\"},{\"key\":\"answer\",\"value\":\"Swag slow-carb quinoa VHS typewriter pork belly brunch, paleo single-origin coffee Wes Anderson. Flexitarian Pitchfork forage, literally paleo fap pour-over. Wes Anderson Pinterest YOLO fanny pack meggings, deep v XOXO chambray sustainable slow-carb raw denim church-key fap chillwave Etsy. +1 typewriter kitsch, American Apparel tofu Banksy Vice.\"}],[{\"key\":\"question\",\"value\":\"What Payment Methods Are Accepted?\"},{\"key\":\"answer\",\"value\":\"Fashion axe DIY jean shorts, swag kale chips meh polaroid kogi butcher Wes Anderson chambray next level semiotics gentrify yr. Voluptate photo booth fugiat Vice. Austin sed Williamsburg, ea labore raw denim voluptate cred proident mixtape excepteur mustache. Twee chia photo booth readymade food truck, hoodie roof party swag keytar PBR DIY.\"}],[{\"key\":\"question\",\"value\":\"Is Buying On-Line Safe?\"},{\"key\":\"answer\",\"value\":\"Art party authentic freegan semiotics jean shorts chia cred. Neutra Austin roof party Brooklyn, synth Thundercats swag 8-bit photo booth. Plaid letterpress leggings craft beer meh ethical Pinterest.\"}]]]',3,'Botble\\Ecommerce\\Models\\Product','2025-06-09 17:17:51','2025-06-09 17:17:51'),(65,'faq_schema_config','[[[{\"key\":\"question\",\"value\":\"What Shipping Methods Are Available?\"},{\"key\":\"answer\",\"value\":\"Ex Portland Pitchfork irure mustache. Eutra fap before they sold out literally. Aliquip ugh bicycle rights actually mlkshk, seitan squid craft beer tempor.\"}],[{\"key\":\"question\",\"value\":\"Do You Ship Internationally?\"},{\"key\":\"answer\",\"value\":\"Hoodie tote bag mixtape tofu. Typewriter jean shorts wolf quinoa, messenger bag organic freegan cray.\"}],[{\"key\":\"question\",\"value\":\"How Long Will It Take To Get My Package?\"},{\"key\":\"answer\",\"value\":\"Swag slow-carb quinoa VHS typewriter pork belly brunch, paleo single-origin coffee Wes Anderson. Flexitarian Pitchfork forage, literally paleo fap pour-over. Wes Anderson Pinterest YOLO fanny pack meggings, deep v XOXO chambray sustainable slow-carb raw denim church-key fap chillwave Etsy. +1 typewriter kitsch, American Apparel tofu Banksy Vice.\"}],[{\"key\":\"question\",\"value\":\"What Payment Methods Are Accepted?\"},{\"key\":\"answer\",\"value\":\"Fashion axe DIY jean shorts, swag kale chips meh polaroid kogi butcher Wes Anderson chambray next level semiotics gentrify yr. Voluptate photo booth fugiat Vice. Austin sed Williamsburg, ea labore raw denim voluptate cred proident mixtape excepteur mustache. Twee chia photo booth readymade food truck, hoodie roof party swag keytar PBR DIY.\"}],[{\"key\":\"question\",\"value\":\"Is Buying On-Line Safe?\"},{\"key\":\"answer\",\"value\":\"Art party authentic freegan semiotics jean shorts chia cred. Neutra Austin roof party Brooklyn, synth Thundercats swag 8-bit photo booth. Plaid letterpress leggings craft beer meh ethical Pinterest.\"}]]]',4,'Botble\\Ecommerce\\Models\\Product','2025-06-09 17:17:51','2025-06-09 17:17:51'),(66,'faq_schema_config','[[[{\"key\":\"question\",\"value\":\"What Shipping Methods Are Available?\"},{\"key\":\"answer\",\"value\":\"Ex Portland Pitchfork irure mustache. Eutra fap before they sold out literally. Aliquip ugh bicycle rights actually mlkshk, seitan squid craft beer tempor.\"}],[{\"key\":\"question\",\"value\":\"Do You Ship Internationally?\"},{\"key\":\"answer\",\"value\":\"Hoodie tote bag mixtape tofu. Typewriter jean shorts wolf quinoa, messenger bag organic freegan cray.\"}],[{\"key\":\"question\",\"value\":\"How Long Will It Take To Get My Package?\"},{\"key\":\"answer\",\"value\":\"Swag slow-carb quinoa VHS typewriter pork belly brunch, paleo single-origin coffee Wes Anderson. Flexitarian Pitchfork forage, literally paleo fap pour-over. Wes Anderson Pinterest YOLO fanny pack meggings, deep v XOXO chambray sustainable slow-carb raw denim church-key fap chillwave Etsy. +1 typewriter kitsch, American Apparel tofu Banksy Vice.\"}],[{\"key\":\"question\",\"value\":\"What Payment Methods Are Accepted?\"},{\"key\":\"answer\",\"value\":\"Fashion axe DIY jean shorts, swag kale chips meh polaroid kogi butcher Wes Anderson chambray next level semiotics gentrify yr. Voluptate photo booth fugiat Vice. Austin sed Williamsburg, ea labore raw denim voluptate cred proident mixtape excepteur mustache. Twee chia photo booth readymade food truck, hoodie roof party swag keytar PBR DIY.\"}],[{\"key\":\"question\",\"value\":\"Is Buying On-Line Safe?\"},{\"key\":\"answer\",\"value\":\"Art party authentic freegan semiotics jean shorts chia cred. Neutra Austin roof party Brooklyn, synth Thundercats swag 8-bit photo booth. Plaid letterpress leggings craft beer meh ethical Pinterest.\"}]]]',5,'Botble\\Ecommerce\\Models\\Product','2025-06-09 17:17:51','2025-06-09 17:17:51'),(67,'faq_schema_config','[[[{\"key\":\"question\",\"value\":\"What Shipping Methods Are Available?\"},{\"key\":\"answer\",\"value\":\"Ex Portland Pitchfork irure mustache. Eutra fap before they sold out literally. Aliquip ugh bicycle rights actually mlkshk, seitan squid craft beer tempor.\"}],[{\"key\":\"question\",\"value\":\"Do You Ship Internationally?\"},{\"key\":\"answer\",\"value\":\"Hoodie tote bag mixtape tofu. Typewriter jean shorts wolf quinoa, messenger bag organic freegan cray.\"}],[{\"key\":\"question\",\"value\":\"How Long Will It Take To Get My Package?\"},{\"key\":\"answer\",\"value\":\"Swag slow-carb quinoa VHS typewriter pork belly brunch, paleo single-origin coffee Wes Anderson. Flexitarian Pitchfork forage, literally paleo fap pour-over. Wes Anderson Pinterest YOLO fanny pack meggings, deep v XOXO chambray sustainable slow-carb raw denim church-key fap chillwave Etsy. +1 typewriter kitsch, American Apparel tofu Banksy Vice.\"}],[{\"key\":\"question\",\"value\":\"What Payment Methods Are Accepted?\"},{\"key\":\"answer\",\"value\":\"Fashion axe DIY jean shorts, swag kale chips meh polaroid kogi butcher Wes Anderson chambray next level semiotics gentrify yr. Voluptate photo booth fugiat Vice. Austin sed Williamsburg, ea labore raw denim voluptate cred proident mixtape excepteur mustache. Twee chia photo booth readymade food truck, hoodie roof party swag keytar PBR DIY.\"}],[{\"key\":\"question\",\"value\":\"Is Buying On-Line Safe?\"},{\"key\":\"answer\",\"value\":\"Art party authentic freegan semiotics jean shorts chia cred. Neutra Austin roof party Brooklyn, synth Thundercats swag 8-bit photo booth. Plaid letterpress leggings craft beer meh ethical Pinterest.\"}]]]',6,'Botble\\Ecommerce\\Models\\Product','2025-06-09 17:17:51','2025-06-09 17:17:51'),(68,'faq_schema_config','[[[{\"key\":\"question\",\"value\":\"What Shipping Methods Are Available?\"},{\"key\":\"answer\",\"value\":\"Ex Portland Pitchfork irure mustache. Eutra fap before they sold out literally. Aliquip ugh bicycle rights actually mlkshk, seitan squid craft beer tempor.\"}],[{\"key\":\"question\",\"value\":\"Do You Ship Internationally?\"},{\"key\":\"answer\",\"value\":\"Hoodie tote bag mixtape tofu. Typewriter jean shorts wolf quinoa, messenger bag organic freegan cray.\"}],[{\"key\":\"question\",\"value\":\"How Long Will It Take To Get My Package?\"},{\"key\":\"answer\",\"value\":\"Swag slow-carb quinoa VHS typewriter pork belly brunch, paleo single-origin coffee Wes Anderson. Flexitarian Pitchfork forage, literally paleo fap pour-over. Wes Anderson Pinterest YOLO fanny pack meggings, deep v XOXO chambray sustainable slow-carb raw denim church-key fap chillwave Etsy. +1 typewriter kitsch, American Apparel tofu Banksy Vice.\"}],[{\"key\":\"question\",\"value\":\"What Payment Methods Are Accepted?\"},{\"key\":\"answer\",\"value\":\"Fashion axe DIY jean shorts, swag kale chips meh polaroid kogi butcher Wes Anderson chambray next level semiotics gentrify yr. Voluptate photo booth fugiat Vice. Austin sed Williamsburg, ea labore raw denim voluptate cred proident mixtape excepteur mustache. Twee chia photo booth readymade food truck, hoodie roof party swag keytar PBR DIY.\"}],[{\"key\":\"question\",\"value\":\"Is Buying On-Line Safe?\"},{\"key\":\"answer\",\"value\":\"Art party authentic freegan semiotics jean shorts chia cred. Neutra Austin roof party Brooklyn, synth Thundercats swag 8-bit photo booth. Plaid letterpress leggings craft beer meh ethical Pinterest.\"}]]]',7,'Botble\\Ecommerce\\Models\\Product','2025-06-09 17:17:51','2025-06-09 17:17:51'),(69,'faq_schema_config','[[[{\"key\":\"question\",\"value\":\"What Shipping Methods Are Available?\"},{\"key\":\"answer\",\"value\":\"Ex Portland Pitchfork irure mustache. Eutra fap before they sold out literally. Aliquip ugh bicycle rights actually mlkshk, seitan squid craft beer tempor.\"}],[{\"key\":\"question\",\"value\":\"Do You Ship Internationally?\"},{\"key\":\"answer\",\"value\":\"Hoodie tote bag mixtape tofu. Typewriter jean shorts wolf quinoa, messenger bag organic freegan cray.\"}],[{\"key\":\"question\",\"value\":\"How Long Will It Take To Get My Package?\"},{\"key\":\"answer\",\"value\":\"Swag slow-carb quinoa VHS typewriter pork belly brunch, paleo single-origin coffee Wes Anderson. Flexitarian Pitchfork forage, literally paleo fap pour-over. Wes Anderson Pinterest YOLO fanny pack meggings, deep v XOXO chambray sustainable slow-carb raw denim church-key fap chillwave Etsy. +1 typewriter kitsch, American Apparel tofu Banksy Vice.\"}],[{\"key\":\"question\",\"value\":\"What Payment Methods Are Accepted?\"},{\"key\":\"answer\",\"value\":\"Fashion axe DIY jean shorts, swag kale chips meh polaroid kogi butcher Wes Anderson chambray next level semiotics gentrify yr. Voluptate photo booth fugiat Vice. Austin sed Williamsburg, ea labore raw denim voluptate cred proident mixtape excepteur mustache. Twee chia photo booth readymade food truck, hoodie roof party swag keytar PBR DIY.\"}],[{\"key\":\"question\",\"value\":\"Is Buying On-Line Safe?\"},{\"key\":\"answer\",\"value\":\"Art party authentic freegan semiotics jean shorts chia cred. Neutra Austin roof party Brooklyn, synth Thundercats swag 8-bit photo booth. Plaid letterpress leggings craft beer meh ethical Pinterest.\"}]]]',8,'Botble\\Ecommerce\\Models\\Product','2025-06-09 17:17:51','2025-06-09 17:17:51'),(70,'faq_schema_config','[[[{\"key\":\"question\",\"value\":\"What Shipping Methods Are Available?\"},{\"key\":\"answer\",\"value\":\"Ex Portland Pitchfork irure mustache. Eutra fap before they sold out literally. Aliquip ugh bicycle rights actually mlkshk, seitan squid craft beer tempor.\"}],[{\"key\":\"question\",\"value\":\"Do You Ship Internationally?\"},{\"key\":\"answer\",\"value\":\"Hoodie tote bag mixtape tofu. Typewriter jean shorts wolf quinoa, messenger bag organic freegan cray.\"}],[{\"key\":\"question\",\"value\":\"How Long Will It Take To Get My Package?\"},{\"key\":\"answer\",\"value\":\"Swag slow-carb quinoa VHS typewriter pork belly brunch, paleo single-origin coffee Wes Anderson. Flexitarian Pitchfork forage, literally paleo fap pour-over. Wes Anderson Pinterest YOLO fanny pack meggings, deep v XOXO chambray sustainable slow-carb raw denim church-key fap chillwave Etsy. +1 typewriter kitsch, American Apparel tofu Banksy Vice.\"}],[{\"key\":\"question\",\"value\":\"What Payment Methods Are Accepted?\"},{\"key\":\"answer\",\"value\":\"Fashion axe DIY jean shorts, swag kale chips meh polaroid kogi butcher Wes Anderson chambray next level semiotics gentrify yr. Voluptate photo booth fugiat Vice. Austin sed Williamsburg, ea labore raw denim voluptate cred proident mixtape excepteur mustache. Twee chia photo booth readymade food truck, hoodie roof party swag keytar PBR DIY.\"}],[{\"key\":\"question\",\"value\":\"Is Buying On-Line Safe?\"},{\"key\":\"answer\",\"value\":\"Art party authentic freegan semiotics jean shorts chia cred. Neutra Austin roof party Brooklyn, synth Thundercats swag 8-bit photo booth. Plaid letterpress leggings craft beer meh ethical Pinterest.\"}]]]',9,'Botble\\Ecommerce\\Models\\Product','2025-06-09 17:17:51','2025-06-09 17:17:51'),(71,'faq_schema_config','[[[{\"key\":\"question\",\"value\":\"What Shipping Methods Are Available?\"},{\"key\":\"answer\",\"value\":\"Ex Portland Pitchfork irure mustache. Eutra fap before they sold out literally. Aliquip ugh bicycle rights actually mlkshk, seitan squid craft beer tempor.\"}],[{\"key\":\"question\",\"value\":\"Do You Ship Internationally?\"},{\"key\":\"answer\",\"value\":\"Hoodie tote bag mixtape tofu. Typewriter jean shorts wolf quinoa, messenger bag organic freegan cray.\"}],[{\"key\":\"question\",\"value\":\"How Long Will It Take To Get My Package?\"},{\"key\":\"answer\",\"value\":\"Swag slow-carb quinoa VHS typewriter pork belly brunch, paleo single-origin coffee Wes Anderson. Flexitarian Pitchfork forage, literally paleo fap pour-over. Wes Anderson Pinterest YOLO fanny pack meggings, deep v XOXO chambray sustainable slow-carb raw denim church-key fap chillwave Etsy. +1 typewriter kitsch, American Apparel tofu Banksy Vice.\"}],[{\"key\":\"question\",\"value\":\"What Payment Methods Are Accepted?\"},{\"key\":\"answer\",\"value\":\"Fashion axe DIY jean shorts, swag kale chips meh polaroid kogi butcher Wes Anderson chambray next level semiotics gentrify yr. Voluptate photo booth fugiat Vice. Austin sed Williamsburg, ea labore raw denim voluptate cred proident mixtape excepteur mustache. Twee chia photo booth readymade food truck, hoodie roof party swag keytar PBR DIY.\"}],[{\"key\":\"question\",\"value\":\"Is Buying On-Line Safe?\"},{\"key\":\"answer\",\"value\":\"Art party authentic freegan semiotics jean shorts chia cred. Neutra Austin roof party Brooklyn, synth Thundercats swag 8-bit photo booth. Plaid letterpress leggings craft beer meh ethical Pinterest.\"}]]]',10,'Botble\\Ecommerce\\Models\\Product','2025-06-09 17:17:51','2025-06-09 17:17:51'),(72,'faq_schema_config','[[[{\"key\":\"question\",\"value\":\"What Shipping Methods Are Available?\"},{\"key\":\"answer\",\"value\":\"Ex Portland Pitchfork irure mustache. Eutra fap before they sold out literally. Aliquip ugh bicycle rights actually mlkshk, seitan squid craft beer tempor.\"}],[{\"key\":\"question\",\"value\":\"Do You Ship Internationally?\"},{\"key\":\"answer\",\"value\":\"Hoodie tote bag mixtape tofu. Typewriter jean shorts wolf quinoa, messenger bag organic freegan cray.\"}],[{\"key\":\"question\",\"value\":\"How Long Will It Take To Get My Package?\"},{\"key\":\"answer\",\"value\":\"Swag slow-carb quinoa VHS typewriter pork belly brunch, paleo single-origin coffee Wes Anderson. Flexitarian Pitchfork forage, literally paleo fap pour-over. Wes Anderson Pinterest YOLO fanny pack meggings, deep v XOXO chambray sustainable slow-carb raw denim church-key fap chillwave Etsy. +1 typewriter kitsch, American Apparel tofu Banksy Vice.\"}],[{\"key\":\"question\",\"value\":\"What Payment Methods Are Accepted?\"},{\"key\":\"answer\",\"value\":\"Fashion axe DIY jean shorts, swag kale chips meh polaroid kogi butcher Wes Anderson chambray next level semiotics gentrify yr. Voluptate photo booth fugiat Vice. Austin sed Williamsburg, ea labore raw denim voluptate cred proident mixtape excepteur mustache. Twee chia photo booth readymade food truck, hoodie roof party swag keytar PBR DIY.\"}],[{\"key\":\"question\",\"value\":\"Is Buying On-Line Safe?\"},{\"key\":\"answer\",\"value\":\"Art party authentic freegan semiotics jean shorts chia cred. Neutra Austin roof party Brooklyn, synth Thundercats swag 8-bit photo booth. Plaid letterpress leggings craft beer meh ethical Pinterest.\"}]]]',11,'Botble\\Ecommerce\\Models\\Product','2025-06-09 17:17:51','2025-06-09 17:17:51'),(73,'faq_schema_config','[[[{\"key\":\"question\",\"value\":\"What Shipping Methods Are Available?\"},{\"key\":\"answer\",\"value\":\"Ex Portland Pitchfork irure mustache. Eutra fap before they sold out literally. Aliquip ugh bicycle rights actually mlkshk, seitan squid craft beer tempor.\"}],[{\"key\":\"question\",\"value\":\"Do You Ship Internationally?\"},{\"key\":\"answer\",\"value\":\"Hoodie tote bag mixtape tofu. Typewriter jean shorts wolf quinoa, messenger bag organic freegan cray.\"}],[{\"key\":\"question\",\"value\":\"How Long Will It Take To Get My Package?\"},{\"key\":\"answer\",\"value\":\"Swag slow-carb quinoa VHS typewriter pork belly brunch, paleo single-origin coffee Wes Anderson. Flexitarian Pitchfork forage, literally paleo fap pour-over. Wes Anderson Pinterest YOLO fanny pack meggings, deep v XOXO chambray sustainable slow-carb raw denim church-key fap chillwave Etsy. +1 typewriter kitsch, American Apparel tofu Banksy Vice.\"}],[{\"key\":\"question\",\"value\":\"What Payment Methods Are Accepted?\"},{\"key\":\"answer\",\"value\":\"Fashion axe DIY jean shorts, swag kale chips meh polaroid kogi butcher Wes Anderson chambray next level semiotics gentrify yr. Voluptate photo booth fugiat Vice. Austin sed Williamsburg, ea labore raw denim voluptate cred proident mixtape excepteur mustache. Twee chia photo booth readymade food truck, hoodie roof party swag keytar PBR DIY.\"}],[{\"key\":\"question\",\"value\":\"Is Buying On-Line Safe?\"},{\"key\":\"answer\",\"value\":\"Art party authentic freegan semiotics jean shorts chia cred. Neutra Austin roof party Brooklyn, synth Thundercats swag 8-bit photo booth. Plaid letterpress leggings craft beer meh ethical Pinterest.\"}]]]',12,'Botble\\Ecommerce\\Models\\Product','2025-06-09 17:17:51','2025-06-09 17:17:51'),(74,'faq_schema_config','[[[{\"key\":\"question\",\"value\":\"What Shipping Methods Are Available?\"},{\"key\":\"answer\",\"value\":\"Ex Portland Pitchfork irure mustache. Eutra fap before they sold out literally. Aliquip ugh bicycle rights actually mlkshk, seitan squid craft beer tempor.\"}],[{\"key\":\"question\",\"value\":\"Do You Ship Internationally?\"},{\"key\":\"answer\",\"value\":\"Hoodie tote bag mixtape tofu. Typewriter jean shorts wolf quinoa, messenger bag organic freegan cray.\"}],[{\"key\":\"question\",\"value\":\"How Long Will It Take To Get My Package?\"},{\"key\":\"answer\",\"value\":\"Swag slow-carb quinoa VHS typewriter pork belly brunch, paleo single-origin coffee Wes Anderson. Flexitarian Pitchfork forage, literally paleo fap pour-over. Wes Anderson Pinterest YOLO fanny pack meggings, deep v XOXO chambray sustainable slow-carb raw denim church-key fap chillwave Etsy. +1 typewriter kitsch, American Apparel tofu Banksy Vice.\"}],[{\"key\":\"question\",\"value\":\"What Payment Methods Are Accepted?\"},{\"key\":\"answer\",\"value\":\"Fashion axe DIY jean shorts, swag kale chips meh polaroid kogi butcher Wes Anderson chambray next level semiotics gentrify yr. Voluptate photo booth fugiat Vice. Austin sed Williamsburg, ea labore raw denim voluptate cred proident mixtape excepteur mustache. Twee chia photo booth readymade food truck, hoodie roof party swag keytar PBR DIY.\"}],[{\"key\":\"question\",\"value\":\"Is Buying On-Line Safe?\"},{\"key\":\"answer\",\"value\":\"Art party authentic freegan semiotics jean shorts chia cred. Neutra Austin roof party Brooklyn, synth Thundercats swag 8-bit photo booth. Plaid letterpress leggings craft beer meh ethical Pinterest.\"}]]]',13,'Botble\\Ecommerce\\Models\\Product','2025-06-09 17:17:51','2025-06-09 17:17:51'),(75,'faq_schema_config','[[[{\"key\":\"question\",\"value\":\"What Shipping Methods Are Available?\"},{\"key\":\"answer\",\"value\":\"Ex Portland Pitchfork irure mustache. Eutra fap before they sold out literally. Aliquip ugh bicycle rights actually mlkshk, seitan squid craft beer tempor.\"}],[{\"key\":\"question\",\"value\":\"Do You Ship Internationally?\"},{\"key\":\"answer\",\"value\":\"Hoodie tote bag mixtape tofu. Typewriter jean shorts wolf quinoa, messenger bag organic freegan cray.\"}],[{\"key\":\"question\",\"value\":\"How Long Will It Take To Get My Package?\"},{\"key\":\"answer\",\"value\":\"Swag slow-carb quinoa VHS typewriter pork belly brunch, paleo single-origin coffee Wes Anderson. Flexitarian Pitchfork forage, literally paleo fap pour-over. Wes Anderson Pinterest YOLO fanny pack meggings, deep v XOXO chambray sustainable slow-carb raw denim church-key fap chillwave Etsy. +1 typewriter kitsch, American Apparel tofu Banksy Vice.\"}],[{\"key\":\"question\",\"value\":\"What Payment Methods Are Accepted?\"},{\"key\":\"answer\",\"value\":\"Fashion axe DIY jean shorts, swag kale chips meh polaroid kogi butcher Wes Anderson chambray next level semiotics gentrify yr. Voluptate photo booth fugiat Vice. Austin sed Williamsburg, ea labore raw denim voluptate cred proident mixtape excepteur mustache. Twee chia photo booth readymade food truck, hoodie roof party swag keytar PBR DIY.\"}],[{\"key\":\"question\",\"value\":\"Is Buying On-Line Safe?\"},{\"key\":\"answer\",\"value\":\"Art party authentic freegan semiotics jean shorts chia cred. Neutra Austin roof party Brooklyn, synth Thundercats swag 8-bit photo booth. Plaid letterpress leggings craft beer meh ethical Pinterest.\"}]]]',14,'Botble\\Ecommerce\\Models\\Product','2025-06-09 17:17:51','2025-06-09 17:17:51'),(76,'faq_schema_config','[[[{\"key\":\"question\",\"value\":\"What Shipping Methods Are Available?\"},{\"key\":\"answer\",\"value\":\"Ex Portland Pitchfork irure mustache. Eutra fap before they sold out literally. Aliquip ugh bicycle rights actually mlkshk, seitan squid craft beer tempor.\"}],[{\"key\":\"question\",\"value\":\"Do You Ship Internationally?\"},{\"key\":\"answer\",\"value\":\"Hoodie tote bag mixtape tofu. Typewriter jean shorts wolf quinoa, messenger bag organic freegan cray.\"}],[{\"key\":\"question\",\"value\":\"How Long Will It Take To Get My Package?\"},{\"key\":\"answer\",\"value\":\"Swag slow-carb quinoa VHS typewriter pork belly brunch, paleo single-origin coffee Wes Anderson. Flexitarian Pitchfork forage, literally paleo fap pour-over. Wes Anderson Pinterest YOLO fanny pack meggings, deep v XOXO chambray sustainable slow-carb raw denim church-key fap chillwave Etsy. +1 typewriter kitsch, American Apparel tofu Banksy Vice.\"}],[{\"key\":\"question\",\"value\":\"What Payment Methods Are Accepted?\"},{\"key\":\"answer\",\"value\":\"Fashion axe DIY jean shorts, swag kale chips meh polaroid kogi butcher Wes Anderson chambray next level semiotics gentrify yr. Voluptate photo booth fugiat Vice. Austin sed Williamsburg, ea labore raw denim voluptate cred proident mixtape excepteur mustache. Twee chia photo booth readymade food truck, hoodie roof party swag keytar PBR DIY.\"}],[{\"key\":\"question\",\"value\":\"Is Buying On-Line Safe?\"},{\"key\":\"answer\",\"value\":\"Art party authentic freegan semiotics jean shorts chia cred. Neutra Austin roof party Brooklyn, synth Thundercats swag 8-bit photo booth. Plaid letterpress leggings craft beer meh ethical Pinterest.\"}]]]',15,'Botble\\Ecommerce\\Models\\Product','2025-06-09 17:17:51','2025-06-09 17:17:51'),(77,'faq_schema_config','[[[{\"key\":\"question\",\"value\":\"What Shipping Methods Are Available?\"},{\"key\":\"answer\",\"value\":\"Ex Portland Pitchfork irure mustache. Eutra fap before they sold out literally. Aliquip ugh bicycle rights actually mlkshk, seitan squid craft beer tempor.\"}],[{\"key\":\"question\",\"value\":\"Do You Ship Internationally?\"},{\"key\":\"answer\",\"value\":\"Hoodie tote bag mixtape tofu. Typewriter jean shorts wolf quinoa, messenger bag organic freegan cray.\"}],[{\"key\":\"question\",\"value\":\"How Long Will It Take To Get My Package?\"},{\"key\":\"answer\",\"value\":\"Swag slow-carb quinoa VHS typewriter pork belly brunch, paleo single-origin coffee Wes Anderson. Flexitarian Pitchfork forage, literally paleo fap pour-over. Wes Anderson Pinterest YOLO fanny pack meggings, deep v XOXO chambray sustainable slow-carb raw denim church-key fap chillwave Etsy. +1 typewriter kitsch, American Apparel tofu Banksy Vice.\"}],[{\"key\":\"question\",\"value\":\"What Payment Methods Are Accepted?\"},{\"key\":\"answer\",\"value\":\"Fashion axe DIY jean shorts, swag kale chips meh polaroid kogi butcher Wes Anderson chambray next level semiotics gentrify yr. Voluptate photo booth fugiat Vice. Austin sed Williamsburg, ea labore raw denim voluptate cred proident mixtape excepteur mustache. Twee chia photo booth readymade food truck, hoodie roof party swag keytar PBR DIY.\"}],[{\"key\":\"question\",\"value\":\"Is Buying On-Line Safe?\"},{\"key\":\"answer\",\"value\":\"Art party authentic freegan semiotics jean shorts chia cred. Neutra Austin roof party Brooklyn, synth Thundercats swag 8-bit photo booth. Plaid letterpress leggings craft beer meh ethical Pinterest.\"}]]]',16,'Botble\\Ecommerce\\Models\\Product','2025-06-09 17:17:51','2025-06-09 17:17:51'),(78,'faq_schema_config','[[[{\"key\":\"question\",\"value\":\"What Shipping Methods Are Available?\"},{\"key\":\"answer\",\"value\":\"Ex Portland Pitchfork irure mustache. Eutra fap before they sold out literally. Aliquip ugh bicycle rights actually mlkshk, seitan squid craft beer tempor.\"}],[{\"key\":\"question\",\"value\":\"Do You Ship Internationally?\"},{\"key\":\"answer\",\"value\":\"Hoodie tote bag mixtape tofu. Typewriter jean shorts wolf quinoa, messenger bag organic freegan cray.\"}],[{\"key\":\"question\",\"value\":\"How Long Will It Take To Get My Package?\"},{\"key\":\"answer\",\"value\":\"Swag slow-carb quinoa VHS typewriter pork belly brunch, paleo single-origin coffee Wes Anderson. Flexitarian Pitchfork forage, literally paleo fap pour-over. Wes Anderson Pinterest YOLO fanny pack meggings, deep v XOXO chambray sustainable slow-carb raw denim church-key fap chillwave Etsy. +1 typewriter kitsch, American Apparel tofu Banksy Vice.\"}],[{\"key\":\"question\",\"value\":\"What Payment Methods Are Accepted?\"},{\"key\":\"answer\",\"value\":\"Fashion axe DIY jean shorts, swag kale chips meh polaroid kogi butcher Wes Anderson chambray next level semiotics gentrify yr. Voluptate photo booth fugiat Vice. Austin sed Williamsburg, ea labore raw denim voluptate cred proident mixtape excepteur mustache. Twee chia photo booth readymade food truck, hoodie roof party swag keytar PBR DIY.\"}],[{\"key\":\"question\",\"value\":\"Is Buying On-Line Safe?\"},{\"key\":\"answer\",\"value\":\"Art party authentic freegan semiotics jean shorts chia cred. Neutra Austin roof party Brooklyn, synth Thundercats swag 8-bit photo booth. Plaid letterpress leggings craft beer meh ethical Pinterest.\"}]]]',17,'Botble\\Ecommerce\\Models\\Product','2025-06-09 17:17:51','2025-06-09 17:17:51'),(79,'faq_schema_config','[[[{\"key\":\"question\",\"value\":\"What Shipping Methods Are Available?\"},{\"key\":\"answer\",\"value\":\"Ex Portland Pitchfork irure mustache. Eutra fap before they sold out literally. Aliquip ugh bicycle rights actually mlkshk, seitan squid craft beer tempor.\"}],[{\"key\":\"question\",\"value\":\"Do You Ship Internationally?\"},{\"key\":\"answer\",\"value\":\"Hoodie tote bag mixtape tofu. Typewriter jean shorts wolf quinoa, messenger bag organic freegan cray.\"}],[{\"key\":\"question\",\"value\":\"How Long Will It Take To Get My Package?\"},{\"key\":\"answer\",\"value\":\"Swag slow-carb quinoa VHS typewriter pork belly brunch, paleo single-origin coffee Wes Anderson. Flexitarian Pitchfork forage, literally paleo fap pour-over. Wes Anderson Pinterest YOLO fanny pack meggings, deep v XOXO chambray sustainable slow-carb raw denim church-key fap chillwave Etsy. +1 typewriter kitsch, American Apparel tofu Banksy Vice.\"}],[{\"key\":\"question\",\"value\":\"What Payment Methods Are Accepted?\"},{\"key\":\"answer\",\"value\":\"Fashion axe DIY jean shorts, swag kale chips meh polaroid kogi butcher Wes Anderson chambray next level semiotics gentrify yr. Voluptate photo booth fugiat Vice. Austin sed Williamsburg, ea labore raw denim voluptate cred proident mixtape excepteur mustache. Twee chia photo booth readymade food truck, hoodie roof party swag keytar PBR DIY.\"}],[{\"key\":\"question\",\"value\":\"Is Buying On-Line Safe?\"},{\"key\":\"answer\",\"value\":\"Art party authentic freegan semiotics jean shorts chia cred. Neutra Austin roof party Brooklyn, synth Thundercats swag 8-bit photo booth. Plaid letterpress leggings craft beer meh ethical Pinterest.\"}]]]',18,'Botble\\Ecommerce\\Models\\Product','2025-06-09 17:17:51','2025-06-09 17:17:51'),(80,'faq_schema_config','[[[{\"key\":\"question\",\"value\":\"What Shipping Methods Are Available?\"},{\"key\":\"answer\",\"value\":\"Ex Portland Pitchfork irure mustache. Eutra fap before they sold out literally. Aliquip ugh bicycle rights actually mlkshk, seitan squid craft beer tempor.\"}],[{\"key\":\"question\",\"value\":\"Do You Ship Internationally?\"},{\"key\":\"answer\",\"value\":\"Hoodie tote bag mixtape tofu. Typewriter jean shorts wolf quinoa, messenger bag organic freegan cray.\"}],[{\"key\":\"question\",\"value\":\"How Long Will It Take To Get My Package?\"},{\"key\":\"answer\",\"value\":\"Swag slow-carb quinoa VHS typewriter pork belly brunch, paleo single-origin coffee Wes Anderson. Flexitarian Pitchfork forage, literally paleo fap pour-over. Wes Anderson Pinterest YOLO fanny pack meggings, deep v XOXO chambray sustainable slow-carb raw denim church-key fap chillwave Etsy. +1 typewriter kitsch, American Apparel tofu Banksy Vice.\"}],[{\"key\":\"question\",\"value\":\"What Payment Methods Are Accepted?\"},{\"key\":\"answer\",\"value\":\"Fashion axe DIY jean shorts, swag kale chips meh polaroid kogi butcher Wes Anderson chambray next level semiotics gentrify yr. Voluptate photo booth fugiat Vice. Austin sed Williamsburg, ea labore raw denim voluptate cred proident mixtape excepteur mustache. Twee chia photo booth readymade food truck, hoodie roof party swag keytar PBR DIY.\"}],[{\"key\":\"question\",\"value\":\"Is Buying On-Line Safe?\"},{\"key\":\"answer\",\"value\":\"Art party authentic freegan semiotics jean shorts chia cred. Neutra Austin roof party Brooklyn, synth Thundercats swag 8-bit photo booth. Plaid letterpress leggings craft beer meh ethical Pinterest.\"}]]]',19,'Botble\\Ecommerce\\Models\\Product','2025-06-09 17:17:51','2025-06-09 17:17:51'),(81,'faq_schema_config','[[[{\"key\":\"question\",\"value\":\"What Shipping Methods Are Available?\"},{\"key\":\"answer\",\"value\":\"Ex Portland Pitchfork irure mustache. Eutra fap before they sold out literally. Aliquip ugh bicycle rights actually mlkshk, seitan squid craft beer tempor.\"}],[{\"key\":\"question\",\"value\":\"Do You Ship Internationally?\"},{\"key\":\"answer\",\"value\":\"Hoodie tote bag mixtape tofu. Typewriter jean shorts wolf quinoa, messenger bag organic freegan cray.\"}],[{\"key\":\"question\",\"value\":\"How Long Will It Take To Get My Package?\"},{\"key\":\"answer\",\"value\":\"Swag slow-carb quinoa VHS typewriter pork belly brunch, paleo single-origin coffee Wes Anderson. Flexitarian Pitchfork forage, literally paleo fap pour-over. Wes Anderson Pinterest YOLO fanny pack meggings, deep v XOXO chambray sustainable slow-carb raw denim church-key fap chillwave Etsy. +1 typewriter kitsch, American Apparel tofu Banksy Vice.\"}],[{\"key\":\"question\",\"value\":\"What Payment Methods Are Accepted?\"},{\"key\":\"answer\",\"value\":\"Fashion axe DIY jean shorts, swag kale chips meh polaroid kogi butcher Wes Anderson chambray next level semiotics gentrify yr. Voluptate photo booth fugiat Vice. Austin sed Williamsburg, ea labore raw denim voluptate cred proident mixtape excepteur mustache. Twee chia photo booth readymade food truck, hoodie roof party swag keytar PBR DIY.\"}],[{\"key\":\"question\",\"value\":\"Is Buying On-Line Safe?\"},{\"key\":\"answer\",\"value\":\"Art party authentic freegan semiotics jean shorts chia cred. Neutra Austin roof party Brooklyn, synth Thundercats swag 8-bit photo booth. Plaid letterpress leggings craft beer meh ethical Pinterest.\"}]]]',20,'Botble\\Ecommerce\\Models\\Product','2025-06-09 17:17:51','2025-06-09 17:17:51'),(82,'faq_schema_config','[[[{\"key\":\"question\",\"value\":\"What Shipping Methods Are Available?\"},{\"key\":\"answer\",\"value\":\"Ex Portland Pitchfork irure mustache. Eutra fap before they sold out literally. Aliquip ugh bicycle rights actually mlkshk, seitan squid craft beer tempor.\"}],[{\"key\":\"question\",\"value\":\"Do You Ship Internationally?\"},{\"key\":\"answer\",\"value\":\"Hoodie tote bag mixtape tofu. Typewriter jean shorts wolf quinoa, messenger bag organic freegan cray.\"}],[{\"key\":\"question\",\"value\":\"How Long Will It Take To Get My Package?\"},{\"key\":\"answer\",\"value\":\"Swag slow-carb quinoa VHS typewriter pork belly brunch, paleo single-origin coffee Wes Anderson. Flexitarian Pitchfork forage, literally paleo fap pour-over. Wes Anderson Pinterest YOLO fanny pack meggings, deep v XOXO chambray sustainable slow-carb raw denim church-key fap chillwave Etsy. +1 typewriter kitsch, American Apparel tofu Banksy Vice.\"}],[{\"key\":\"question\",\"value\":\"What Payment Methods Are Accepted?\"},{\"key\":\"answer\",\"value\":\"Fashion axe DIY jean shorts, swag kale chips meh polaroid kogi butcher Wes Anderson chambray next level semiotics gentrify yr. Voluptate photo booth fugiat Vice. Austin sed Williamsburg, ea labore raw denim voluptate cred proident mixtape excepteur mustache. Twee chia photo booth readymade food truck, hoodie roof party swag keytar PBR DIY.\"}],[{\"key\":\"question\",\"value\":\"Is Buying On-Line Safe?\"},{\"key\":\"answer\",\"value\":\"Art party authentic freegan semiotics jean shorts chia cred. Neutra Austin roof party Brooklyn, synth Thundercats swag 8-bit photo booth. Plaid letterpress leggings craft beer meh ethical Pinterest.\"}]]]',21,'Botble\\Ecommerce\\Models\\Product','2025-06-09 17:17:51','2025-06-09 17:17:51'),(83,'faq_schema_config','[[[{\"key\":\"question\",\"value\":\"What Shipping Methods Are Available?\"},{\"key\":\"answer\",\"value\":\"Ex Portland Pitchfork irure mustache. Eutra fap before they sold out literally. Aliquip ugh bicycle rights actually mlkshk, seitan squid craft beer tempor.\"}],[{\"key\":\"question\",\"value\":\"Do You Ship Internationally?\"},{\"key\":\"answer\",\"value\":\"Hoodie tote bag mixtape tofu. Typewriter jean shorts wolf quinoa, messenger bag organic freegan cray.\"}],[{\"key\":\"question\",\"value\":\"How Long Will It Take To Get My Package?\"},{\"key\":\"answer\",\"value\":\"Swag slow-carb quinoa VHS typewriter pork belly brunch, paleo single-origin coffee Wes Anderson. Flexitarian Pitchfork forage, literally paleo fap pour-over. Wes Anderson Pinterest YOLO fanny pack meggings, deep v XOXO chambray sustainable slow-carb raw denim church-key fap chillwave Etsy. +1 typewriter kitsch, American Apparel tofu Banksy Vice.\"}],[{\"key\":\"question\",\"value\":\"What Payment Methods Are Accepted?\"},{\"key\":\"answer\",\"value\":\"Fashion axe DIY jean shorts, swag kale chips meh polaroid kogi butcher Wes Anderson chambray next level semiotics gentrify yr. Voluptate photo booth fugiat Vice. Austin sed Williamsburg, ea labore raw denim voluptate cred proident mixtape excepteur mustache. Twee chia photo booth readymade food truck, hoodie roof party swag keytar PBR DIY.\"}],[{\"key\":\"question\",\"value\":\"Is Buying On-Line Safe?\"},{\"key\":\"answer\",\"value\":\"Art party authentic freegan semiotics jean shorts chia cred. Neutra Austin roof party Brooklyn, synth Thundercats swag 8-bit photo booth. Plaid letterpress leggings craft beer meh ethical Pinterest.\"}]]]',22,'Botble\\Ecommerce\\Models\\Product','2025-06-09 17:17:51','2025-06-09 17:17:51'),(84,'faq_schema_config','[[[{\"key\":\"question\",\"value\":\"What Shipping Methods Are Available?\"},{\"key\":\"answer\",\"value\":\"Ex Portland Pitchfork irure mustache. Eutra fap before they sold out literally. Aliquip ugh bicycle rights actually mlkshk, seitan squid craft beer tempor.\"}],[{\"key\":\"question\",\"value\":\"Do You Ship Internationally?\"},{\"key\":\"answer\",\"value\":\"Hoodie tote bag mixtape tofu. Typewriter jean shorts wolf quinoa, messenger bag organic freegan cray.\"}],[{\"key\":\"question\",\"value\":\"How Long Will It Take To Get My Package?\"},{\"key\":\"answer\",\"value\":\"Swag slow-carb quinoa VHS typewriter pork belly brunch, paleo single-origin coffee Wes Anderson. Flexitarian Pitchfork forage, literally paleo fap pour-over. Wes Anderson Pinterest YOLO fanny pack meggings, deep v XOXO chambray sustainable slow-carb raw denim church-key fap chillwave Etsy. +1 typewriter kitsch, American Apparel tofu Banksy Vice.\"}],[{\"key\":\"question\",\"value\":\"What Payment Methods Are Accepted?\"},{\"key\":\"answer\",\"value\":\"Fashion axe DIY jean shorts, swag kale chips meh polaroid kogi butcher Wes Anderson chambray next level semiotics gentrify yr. Voluptate photo booth fugiat Vice. Austin sed Williamsburg, ea labore raw denim voluptate cred proident mixtape excepteur mustache. Twee chia photo booth readymade food truck, hoodie roof party swag keytar PBR DIY.\"}],[{\"key\":\"question\",\"value\":\"Is Buying On-Line Safe?\"},{\"key\":\"answer\",\"value\":\"Art party authentic freegan semiotics jean shorts chia cred. Neutra Austin roof party Brooklyn, synth Thundercats swag 8-bit photo booth. Plaid letterpress leggings craft beer meh ethical Pinterest.\"}]]]',23,'Botble\\Ecommerce\\Models\\Product','2025-06-09 17:17:51','2025-06-09 17:17:51'),(85,'faq_schema_config','[[[{\"key\":\"question\",\"value\":\"What Shipping Methods Are Available?\"},{\"key\":\"answer\",\"value\":\"Ex Portland Pitchfork irure mustache. Eutra fap before they sold out literally. Aliquip ugh bicycle rights actually mlkshk, seitan squid craft beer tempor.\"}],[{\"key\":\"question\",\"value\":\"Do You Ship Internationally?\"},{\"key\":\"answer\",\"value\":\"Hoodie tote bag mixtape tofu. Typewriter jean shorts wolf quinoa, messenger bag organic freegan cray.\"}],[{\"key\":\"question\",\"value\":\"How Long Will It Take To Get My Package?\"},{\"key\":\"answer\",\"value\":\"Swag slow-carb quinoa VHS typewriter pork belly brunch, paleo single-origin coffee Wes Anderson. Flexitarian Pitchfork forage, literally paleo fap pour-over. Wes Anderson Pinterest YOLO fanny pack meggings, deep v XOXO chambray sustainable slow-carb raw denim church-key fap chillwave Etsy. +1 typewriter kitsch, American Apparel tofu Banksy Vice.\"}],[{\"key\":\"question\",\"value\":\"What Payment Methods Are Accepted?\"},{\"key\":\"answer\",\"value\":\"Fashion axe DIY jean shorts, swag kale chips meh polaroid kogi butcher Wes Anderson chambray next level semiotics gentrify yr. Voluptate photo booth fugiat Vice. Austin sed Williamsburg, ea labore raw denim voluptate cred proident mixtape excepteur mustache. Twee chia photo booth readymade food truck, hoodie roof party swag keytar PBR DIY.\"}],[{\"key\":\"question\",\"value\":\"Is Buying On-Line Safe?\"},{\"key\":\"answer\",\"value\":\"Art party authentic freegan semiotics jean shorts chia cred. Neutra Austin roof party Brooklyn, synth Thundercats swag 8-bit photo booth. Plaid letterpress leggings craft beer meh ethical Pinterest.\"}]]]',24,'Botble\\Ecommerce\\Models\\Product','2025-06-09 17:17:51','2025-06-09 17:17:51'),(86,'faq_schema_config','[[[{\"key\":\"question\",\"value\":\"What Shipping Methods Are Available?\"},{\"key\":\"answer\",\"value\":\"Ex Portland Pitchfork irure mustache. Eutra fap before they sold out literally. Aliquip ugh bicycle rights actually mlkshk, seitan squid craft beer tempor.\"}],[{\"key\":\"question\",\"value\":\"Do You Ship Internationally?\"},{\"key\":\"answer\",\"value\":\"Hoodie tote bag mixtape tofu. Typewriter jean shorts wolf quinoa, messenger bag organic freegan cray.\"}],[{\"key\":\"question\",\"value\":\"How Long Will It Take To Get My Package?\"},{\"key\":\"answer\",\"value\":\"Swag slow-carb quinoa VHS typewriter pork belly brunch, paleo single-origin coffee Wes Anderson. Flexitarian Pitchfork forage, literally paleo fap pour-over. Wes Anderson Pinterest YOLO fanny pack meggings, deep v XOXO chambray sustainable slow-carb raw denim church-key fap chillwave Etsy. +1 typewriter kitsch, American Apparel tofu Banksy Vice.\"}],[{\"key\":\"question\",\"value\":\"What Payment Methods Are Accepted?\"},{\"key\":\"answer\",\"value\":\"Fashion axe DIY jean shorts, swag kale chips meh polaroid kogi butcher Wes Anderson chambray next level semiotics gentrify yr. Voluptate photo booth fugiat Vice. Austin sed Williamsburg, ea labore raw denim voluptate cred proident mixtape excepteur mustache. Twee chia photo booth readymade food truck, hoodie roof party swag keytar PBR DIY.\"}],[{\"key\":\"question\",\"value\":\"Is Buying On-Line Safe?\"},{\"key\":\"answer\",\"value\":\"Art party authentic freegan semiotics jean shorts chia cred. Neutra Austin roof party Brooklyn, synth Thundercats swag 8-bit photo booth. Plaid letterpress leggings craft beer meh ethical Pinterest.\"}]]]',25,'Botble\\Ecommerce\\Models\\Product','2025-06-09 17:17:51','2025-06-09 17:17:51'),(87,'faq_schema_config','[[[{\"key\":\"question\",\"value\":\"What Shipping Methods Are Available?\"},{\"key\":\"answer\",\"value\":\"Ex Portland Pitchfork irure mustache. Eutra fap before they sold out literally. Aliquip ugh bicycle rights actually mlkshk, seitan squid craft beer tempor.\"}],[{\"key\":\"question\",\"value\":\"Do You Ship Internationally?\"},{\"key\":\"answer\",\"value\":\"Hoodie tote bag mixtape tofu. Typewriter jean shorts wolf quinoa, messenger bag organic freegan cray.\"}],[{\"key\":\"question\",\"value\":\"How Long Will It Take To Get My Package?\"},{\"key\":\"answer\",\"value\":\"Swag slow-carb quinoa VHS typewriter pork belly brunch, paleo single-origin coffee Wes Anderson. Flexitarian Pitchfork forage, literally paleo fap pour-over. Wes Anderson Pinterest YOLO fanny pack meggings, deep v XOXO chambray sustainable slow-carb raw denim church-key fap chillwave Etsy. +1 typewriter kitsch, American Apparel tofu Banksy Vice.\"}],[{\"key\":\"question\",\"value\":\"What Payment Methods Are Accepted?\"},{\"key\":\"answer\",\"value\":\"Fashion axe DIY jean shorts, swag kale chips meh polaroid kogi butcher Wes Anderson chambray next level semiotics gentrify yr. Voluptate photo booth fugiat Vice. Austin sed Williamsburg, ea labore raw denim voluptate cred proident mixtape excepteur mustache. Twee chia photo booth readymade food truck, hoodie roof party swag keytar PBR DIY.\"}],[{\"key\":\"question\",\"value\":\"Is Buying On-Line Safe?\"},{\"key\":\"answer\",\"value\":\"Art party authentic freegan semiotics jean shorts chia cred. Neutra Austin roof party Brooklyn, synth Thundercats swag 8-bit photo booth. Plaid letterpress leggings craft beer meh ethical Pinterest.\"}]]]',26,'Botble\\Ecommerce\\Models\\Product','2025-06-09 17:17:51','2025-06-09 17:17:51'),(88,'faq_schema_config','[[[{\"key\":\"question\",\"value\":\"What Shipping Methods Are Available?\"},{\"key\":\"answer\",\"value\":\"Ex Portland Pitchfork irure mustache. Eutra fap before they sold out literally. Aliquip ugh bicycle rights actually mlkshk, seitan squid craft beer tempor.\"}],[{\"key\":\"question\",\"value\":\"Do You Ship Internationally?\"},{\"key\":\"answer\",\"value\":\"Hoodie tote bag mixtape tofu. Typewriter jean shorts wolf quinoa, messenger bag organic freegan cray.\"}],[{\"key\":\"question\",\"value\":\"How Long Will It Take To Get My Package?\"},{\"key\":\"answer\",\"value\":\"Swag slow-carb quinoa VHS typewriter pork belly brunch, paleo single-origin coffee Wes Anderson. Flexitarian Pitchfork forage, literally paleo fap pour-over. Wes Anderson Pinterest YOLO fanny pack meggings, deep v XOXO chambray sustainable slow-carb raw denim church-key fap chillwave Etsy. +1 typewriter kitsch, American Apparel tofu Banksy Vice.\"}],[{\"key\":\"question\",\"value\":\"What Payment Methods Are Accepted?\"},{\"key\":\"answer\",\"value\":\"Fashion axe DIY jean shorts, swag kale chips meh polaroid kogi butcher Wes Anderson chambray next level semiotics gentrify yr. Voluptate photo booth fugiat Vice. Austin sed Williamsburg, ea labore raw denim voluptate cred proident mixtape excepteur mustache. Twee chia photo booth readymade food truck, hoodie roof party swag keytar PBR DIY.\"}],[{\"key\":\"question\",\"value\":\"Is Buying On-Line Safe?\"},{\"key\":\"answer\",\"value\":\"Art party authentic freegan semiotics jean shorts chia cred. Neutra Austin roof party Brooklyn, synth Thundercats swag 8-bit photo booth. Plaid letterpress leggings craft beer meh ethical Pinterest.\"}]]]',27,'Botble\\Ecommerce\\Models\\Product','2025-06-09 17:17:51','2025-06-09 17:17:51'),(89,'faq_schema_config','[[[{\"key\":\"question\",\"value\":\"What Shipping Methods Are Available?\"},{\"key\":\"answer\",\"value\":\"Ex Portland Pitchfork irure mustache. Eutra fap before they sold out literally. Aliquip ugh bicycle rights actually mlkshk, seitan squid craft beer tempor.\"}],[{\"key\":\"question\",\"value\":\"Do You Ship Internationally?\"},{\"key\":\"answer\",\"value\":\"Hoodie tote bag mixtape tofu. Typewriter jean shorts wolf quinoa, messenger bag organic freegan cray.\"}],[{\"key\":\"question\",\"value\":\"How Long Will It Take To Get My Package?\"},{\"key\":\"answer\",\"value\":\"Swag slow-carb quinoa VHS typewriter pork belly brunch, paleo single-origin coffee Wes Anderson. Flexitarian Pitchfork forage, literally paleo fap pour-over. Wes Anderson Pinterest YOLO fanny pack meggings, deep v XOXO chambray sustainable slow-carb raw denim church-key fap chillwave Etsy. +1 typewriter kitsch, American Apparel tofu Banksy Vice.\"}],[{\"key\":\"question\",\"value\":\"What Payment Methods Are Accepted?\"},{\"key\":\"answer\",\"value\":\"Fashion axe DIY jean shorts, swag kale chips meh polaroid kogi butcher Wes Anderson chambray next level semiotics gentrify yr. Voluptate photo booth fugiat Vice. Austin sed Williamsburg, ea labore raw denim voluptate cred proident mixtape excepteur mustache. Twee chia photo booth readymade food truck, hoodie roof party swag keytar PBR DIY.\"}],[{\"key\":\"question\",\"value\":\"Is Buying On-Line Safe?\"},{\"key\":\"answer\",\"value\":\"Art party authentic freegan semiotics jean shorts chia cred. Neutra Austin roof party Brooklyn, synth Thundercats swag 8-bit photo booth. Plaid letterpress leggings craft beer meh ethical Pinterest.\"}]]]',28,'Botble\\Ecommerce\\Models\\Product','2025-06-09 17:17:51','2025-06-09 17:17:51'),(90,'faq_schema_config','[[[{\"key\":\"question\",\"value\":\"What Shipping Methods Are Available?\"},{\"key\":\"answer\",\"value\":\"Ex Portland Pitchfork irure mustache. Eutra fap before they sold out literally. Aliquip ugh bicycle rights actually mlkshk, seitan squid craft beer tempor.\"}],[{\"key\":\"question\",\"value\":\"Do You Ship Internationally?\"},{\"key\":\"answer\",\"value\":\"Hoodie tote bag mixtape tofu. Typewriter jean shorts wolf quinoa, messenger bag organic freegan cray.\"}],[{\"key\":\"question\",\"value\":\"How Long Will It Take To Get My Package?\"},{\"key\":\"answer\",\"value\":\"Swag slow-carb quinoa VHS typewriter pork belly brunch, paleo single-origin coffee Wes Anderson. Flexitarian Pitchfork forage, literally paleo fap pour-over. Wes Anderson Pinterest YOLO fanny pack meggings, deep v XOXO chambray sustainable slow-carb raw denim church-key fap chillwave Etsy. +1 typewriter kitsch, American Apparel tofu Banksy Vice.\"}],[{\"key\":\"question\",\"value\":\"What Payment Methods Are Accepted?\"},{\"key\":\"answer\",\"value\":\"Fashion axe DIY jean shorts, swag kale chips meh polaroid kogi butcher Wes Anderson chambray next level semiotics gentrify yr. Voluptate photo booth fugiat Vice. Austin sed Williamsburg, ea labore raw denim voluptate cred proident mixtape excepteur mustache. Twee chia photo booth readymade food truck, hoodie roof party swag keytar PBR DIY.\"}],[{\"key\":\"question\",\"value\":\"Is Buying On-Line Safe?\"},{\"key\":\"answer\",\"value\":\"Art party authentic freegan semiotics jean shorts chia cred. Neutra Austin roof party Brooklyn, synth Thundercats swag 8-bit photo booth. Plaid letterpress leggings craft beer meh ethical Pinterest.\"}]]]',29,'Botble\\Ecommerce\\Models\\Product','2025-06-09 17:17:51','2025-06-09 17:17:51'),(91,'faq_schema_config','[[[{\"key\":\"question\",\"value\":\"What Shipping Methods Are Available?\"},{\"key\":\"answer\",\"value\":\"Ex Portland Pitchfork irure mustache. Eutra fap before they sold out literally. Aliquip ugh bicycle rights actually mlkshk, seitan squid craft beer tempor.\"}],[{\"key\":\"question\",\"value\":\"Do You Ship Internationally?\"},{\"key\":\"answer\",\"value\":\"Hoodie tote bag mixtape tofu. Typewriter jean shorts wolf quinoa, messenger bag organic freegan cray.\"}],[{\"key\":\"question\",\"value\":\"How Long Will It Take To Get My Package?\"},{\"key\":\"answer\",\"value\":\"Swag slow-carb quinoa VHS typewriter pork belly brunch, paleo single-origin coffee Wes Anderson. Flexitarian Pitchfork forage, literally paleo fap pour-over. Wes Anderson Pinterest YOLO fanny pack meggings, deep v XOXO chambray sustainable slow-carb raw denim church-key fap chillwave Etsy. +1 typewriter kitsch, American Apparel tofu Banksy Vice.\"}],[{\"key\":\"question\",\"value\":\"What Payment Methods Are Accepted?\"},{\"key\":\"answer\",\"value\":\"Fashion axe DIY jean shorts, swag kale chips meh polaroid kogi butcher Wes Anderson chambray next level semiotics gentrify yr. Voluptate photo booth fugiat Vice. Austin sed Williamsburg, ea labore raw denim voluptate cred proident mixtape excepteur mustache. Twee chia photo booth readymade food truck, hoodie roof party swag keytar PBR DIY.\"}],[{\"key\":\"question\",\"value\":\"Is Buying On-Line Safe?\"},{\"key\":\"answer\",\"value\":\"Art party authentic freegan semiotics jean shorts chia cred. Neutra Austin roof party Brooklyn, synth Thundercats swag 8-bit photo booth. Plaid letterpress leggings craft beer meh ethical Pinterest.\"}]]]',30,'Botble\\Ecommerce\\Models\\Product','2025-06-09 17:17:51','2025-06-09 17:17:51'),(92,'faq_schema_config','[[[{\"key\":\"question\",\"value\":\"What Shipping Methods Are Available?\"},{\"key\":\"answer\",\"value\":\"Ex Portland Pitchfork irure mustache. Eutra fap before they sold out literally. Aliquip ugh bicycle rights actually mlkshk, seitan squid craft beer tempor.\"}],[{\"key\":\"question\",\"value\":\"Do You Ship Internationally?\"},{\"key\":\"answer\",\"value\":\"Hoodie tote bag mixtape tofu. Typewriter jean shorts wolf quinoa, messenger bag organic freegan cray.\"}],[{\"key\":\"question\",\"value\":\"How Long Will It Take To Get My Package?\"},{\"key\":\"answer\",\"value\":\"Swag slow-carb quinoa VHS typewriter pork belly brunch, paleo single-origin coffee Wes Anderson. Flexitarian Pitchfork forage, literally paleo fap pour-over. Wes Anderson Pinterest YOLO fanny pack meggings, deep v XOXO chambray sustainable slow-carb raw denim church-key fap chillwave Etsy. +1 typewriter kitsch, American Apparel tofu Banksy Vice.\"}],[{\"key\":\"question\",\"value\":\"What Payment Methods Are Accepted?\"},{\"key\":\"answer\",\"value\":\"Fashion axe DIY jean shorts, swag kale chips meh polaroid kogi butcher Wes Anderson chambray next level semiotics gentrify yr. Voluptate photo booth fugiat Vice. Austin sed Williamsburg, ea labore raw denim voluptate cred proident mixtape excepteur mustache. Twee chia photo booth readymade food truck, hoodie roof party swag keytar PBR DIY.\"}],[{\"key\":\"question\",\"value\":\"Is Buying On-Line Safe?\"},{\"key\":\"answer\",\"value\":\"Art party authentic freegan semiotics jean shorts chia cred. Neutra Austin roof party Brooklyn, synth Thundercats swag 8-bit photo booth. Plaid letterpress leggings craft beer meh ethical Pinterest.\"}]]]',31,'Botble\\Ecommerce\\Models\\Product','2025-06-09 17:17:51','2025-06-09 17:17:51'),(93,'faq_schema_config','[[[{\"key\":\"question\",\"value\":\"What Shipping Methods Are Available?\"},{\"key\":\"answer\",\"value\":\"Ex Portland Pitchfork irure mustache. Eutra fap before they sold out literally. Aliquip ugh bicycle rights actually mlkshk, seitan squid craft beer tempor.\"}],[{\"key\":\"question\",\"value\":\"Do You Ship Internationally?\"},{\"key\":\"answer\",\"value\":\"Hoodie tote bag mixtape tofu. Typewriter jean shorts wolf quinoa, messenger bag organic freegan cray.\"}],[{\"key\":\"question\",\"value\":\"How Long Will It Take To Get My Package?\"},{\"key\":\"answer\",\"value\":\"Swag slow-carb quinoa VHS typewriter pork belly brunch, paleo single-origin coffee Wes Anderson. Flexitarian Pitchfork forage, literally paleo fap pour-over. Wes Anderson Pinterest YOLO fanny pack meggings, deep v XOXO chambray sustainable slow-carb raw denim church-key fap chillwave Etsy. +1 typewriter kitsch, American Apparel tofu Banksy Vice.\"}],[{\"key\":\"question\",\"value\":\"What Payment Methods Are Accepted?\"},{\"key\":\"answer\",\"value\":\"Fashion axe DIY jean shorts, swag kale chips meh polaroid kogi butcher Wes Anderson chambray next level semiotics gentrify yr. Voluptate photo booth fugiat Vice. Austin sed Williamsburg, ea labore raw denim voluptate cred proident mixtape excepteur mustache. Twee chia photo booth readymade food truck, hoodie roof party swag keytar PBR DIY.\"}],[{\"key\":\"question\",\"value\":\"Is Buying On-Line Safe?\"},{\"key\":\"answer\",\"value\":\"Art party authentic freegan semiotics jean shorts chia cred. Neutra Austin roof party Brooklyn, synth Thundercats swag 8-bit photo booth. Plaid letterpress leggings craft beer meh ethical Pinterest.\"}]]]',32,'Botble\\Ecommerce\\Models\\Product','2025-06-09 17:17:51','2025-06-09 17:17:51'),(94,'faq_schema_config','[[[{\"key\":\"question\",\"value\":\"What Shipping Methods Are Available?\"},{\"key\":\"answer\",\"value\":\"Ex Portland Pitchfork irure mustache. Eutra fap before they sold out literally. Aliquip ugh bicycle rights actually mlkshk, seitan squid craft beer tempor.\"}],[{\"key\":\"question\",\"value\":\"Do You Ship Internationally?\"},{\"key\":\"answer\",\"value\":\"Hoodie tote bag mixtape tofu. Typewriter jean shorts wolf quinoa, messenger bag organic freegan cray.\"}],[{\"key\":\"question\",\"value\":\"How Long Will It Take To Get My Package?\"},{\"key\":\"answer\",\"value\":\"Swag slow-carb quinoa VHS typewriter pork belly brunch, paleo single-origin coffee Wes Anderson. Flexitarian Pitchfork forage, literally paleo fap pour-over. Wes Anderson Pinterest YOLO fanny pack meggings, deep v XOXO chambray sustainable slow-carb raw denim church-key fap chillwave Etsy. +1 typewriter kitsch, American Apparel tofu Banksy Vice.\"}],[{\"key\":\"question\",\"value\":\"What Payment Methods Are Accepted?\"},{\"key\":\"answer\",\"value\":\"Fashion axe DIY jean shorts, swag kale chips meh polaroid kogi butcher Wes Anderson chambray next level semiotics gentrify yr. Voluptate photo booth fugiat Vice. Austin sed Williamsburg, ea labore raw denim voluptate cred proident mixtape excepteur mustache. Twee chia photo booth readymade food truck, hoodie roof party swag keytar PBR DIY.\"}],[{\"key\":\"question\",\"value\":\"Is Buying On-Line Safe?\"},{\"key\":\"answer\",\"value\":\"Art party authentic freegan semiotics jean shorts chia cred. Neutra Austin roof party Brooklyn, synth Thundercats swag 8-bit photo booth. Plaid letterpress leggings craft beer meh ethical Pinterest.\"}]]]',33,'Botble\\Ecommerce\\Models\\Product','2025-06-09 17:17:51','2025-06-09 17:17:51'),(95,'faq_schema_config','[[[{\"key\":\"question\",\"value\":\"What Shipping Methods Are Available?\"},{\"key\":\"answer\",\"value\":\"Ex Portland Pitchfork irure mustache. Eutra fap before they sold out literally. Aliquip ugh bicycle rights actually mlkshk, seitan squid craft beer tempor.\"}],[{\"key\":\"question\",\"value\":\"Do You Ship Internationally?\"},{\"key\":\"answer\",\"value\":\"Hoodie tote bag mixtape tofu. Typewriter jean shorts wolf quinoa, messenger bag organic freegan cray.\"}],[{\"key\":\"question\",\"value\":\"How Long Will It Take To Get My Package?\"},{\"key\":\"answer\",\"value\":\"Swag slow-carb quinoa VHS typewriter pork belly brunch, paleo single-origin coffee Wes Anderson. Flexitarian Pitchfork forage, literally paleo fap pour-over. Wes Anderson Pinterest YOLO fanny pack meggings, deep v XOXO chambray sustainable slow-carb raw denim church-key fap chillwave Etsy. +1 typewriter kitsch, American Apparel tofu Banksy Vice.\"}],[{\"key\":\"question\",\"value\":\"What Payment Methods Are Accepted?\"},{\"key\":\"answer\",\"value\":\"Fashion axe DIY jean shorts, swag kale chips meh polaroid kogi butcher Wes Anderson chambray next level semiotics gentrify yr. Voluptate photo booth fugiat Vice. Austin sed Williamsburg, ea labore raw denim voluptate cred proident mixtape excepteur mustache. Twee chia photo booth readymade food truck, hoodie roof party swag keytar PBR DIY.\"}],[{\"key\":\"question\",\"value\":\"Is Buying On-Line Safe?\"},{\"key\":\"answer\",\"value\":\"Art party authentic freegan semiotics jean shorts chia cred. Neutra Austin roof party Brooklyn, synth Thundercats swag 8-bit photo booth. Plaid letterpress leggings craft beer meh ethical Pinterest.\"}]]]',34,'Botble\\Ecommerce\\Models\\Product','2025-06-09 17:17:51','2025-06-09 17:17:51'),(96,'faq_schema_config','[[[{\"key\":\"question\",\"value\":\"What Shipping Methods Are Available?\"},{\"key\":\"answer\",\"value\":\"Ex Portland Pitchfork irure mustache. Eutra fap before they sold out literally. Aliquip ugh bicycle rights actually mlkshk, seitan squid craft beer tempor.\"}],[{\"key\":\"question\",\"value\":\"Do You Ship Internationally?\"},{\"key\":\"answer\",\"value\":\"Hoodie tote bag mixtape tofu. Typewriter jean shorts wolf quinoa, messenger bag organic freegan cray.\"}],[{\"key\":\"question\",\"value\":\"How Long Will It Take To Get My Package?\"},{\"key\":\"answer\",\"value\":\"Swag slow-carb quinoa VHS typewriter pork belly brunch, paleo single-origin coffee Wes Anderson. Flexitarian Pitchfork forage, literally paleo fap pour-over. Wes Anderson Pinterest YOLO fanny pack meggings, deep v XOXO chambray sustainable slow-carb raw denim church-key fap chillwave Etsy. +1 typewriter kitsch, American Apparel tofu Banksy Vice.\"}],[{\"key\":\"question\",\"value\":\"What Payment Methods Are Accepted?\"},{\"key\":\"answer\",\"value\":\"Fashion axe DIY jean shorts, swag kale chips meh polaroid kogi butcher Wes Anderson chambray next level semiotics gentrify yr. Voluptate photo booth fugiat Vice. Austin sed Williamsburg, ea labore raw denim voluptate cred proident mixtape excepteur mustache. Twee chia photo booth readymade food truck, hoodie roof party swag keytar PBR DIY.\"}],[{\"key\":\"question\",\"value\":\"Is Buying On-Line Safe?\"},{\"key\":\"answer\",\"value\":\"Art party authentic freegan semiotics jean shorts chia cred. Neutra Austin roof party Brooklyn, synth Thundercats swag 8-bit photo booth. Plaid letterpress leggings craft beer meh ethical Pinterest.\"}]]]',35,'Botble\\Ecommerce\\Models\\Product','2025-06-09 17:17:51','2025-06-09 17:17:51'),(97,'faq_schema_config','[[[{\"key\":\"question\",\"value\":\"What Shipping Methods Are Available?\"},{\"key\":\"answer\",\"value\":\"Ex Portland Pitchfork irure mustache. Eutra fap before they sold out literally. Aliquip ugh bicycle rights actually mlkshk, seitan squid craft beer tempor.\"}],[{\"key\":\"question\",\"value\":\"Do You Ship Internationally?\"},{\"key\":\"answer\",\"value\":\"Hoodie tote bag mixtape tofu. Typewriter jean shorts wolf quinoa, messenger bag organic freegan cray.\"}],[{\"key\":\"question\",\"value\":\"How Long Will It Take To Get My Package?\"},{\"key\":\"answer\",\"value\":\"Swag slow-carb quinoa VHS typewriter pork belly brunch, paleo single-origin coffee Wes Anderson. Flexitarian Pitchfork forage, literally paleo fap pour-over. Wes Anderson Pinterest YOLO fanny pack meggings, deep v XOXO chambray sustainable slow-carb raw denim church-key fap chillwave Etsy. +1 typewriter kitsch, American Apparel tofu Banksy Vice.\"}],[{\"key\":\"question\",\"value\":\"What Payment Methods Are Accepted?\"},{\"key\":\"answer\",\"value\":\"Fashion axe DIY jean shorts, swag kale chips meh polaroid kogi butcher Wes Anderson chambray next level semiotics gentrify yr. Voluptate photo booth fugiat Vice. Austin sed Williamsburg, ea labore raw denim voluptate cred proident mixtape excepteur mustache. Twee chia photo booth readymade food truck, hoodie roof party swag keytar PBR DIY.\"}],[{\"key\":\"question\",\"value\":\"Is Buying On-Line Safe?\"},{\"key\":\"answer\",\"value\":\"Art party authentic freegan semiotics jean shorts chia cred. Neutra Austin roof party Brooklyn, synth Thundercats swag 8-bit photo booth. Plaid letterpress leggings craft beer meh ethical Pinterest.\"}]]]',36,'Botble\\Ecommerce\\Models\\Product','2025-06-09 17:17:51','2025-06-09 17:17:51'),(98,'faq_schema_config','[[[{\"key\":\"question\",\"value\":\"What Shipping Methods Are Available?\"},{\"key\":\"answer\",\"value\":\"Ex Portland Pitchfork irure mustache. Eutra fap before they sold out literally. Aliquip ugh bicycle rights actually mlkshk, seitan squid craft beer tempor.\"}],[{\"key\":\"question\",\"value\":\"Do You Ship Internationally?\"},{\"key\":\"answer\",\"value\":\"Hoodie tote bag mixtape tofu. Typewriter jean shorts wolf quinoa, messenger bag organic freegan cray.\"}],[{\"key\":\"question\",\"value\":\"How Long Will It Take To Get My Package?\"},{\"key\":\"answer\",\"value\":\"Swag slow-carb quinoa VHS typewriter pork belly brunch, paleo single-origin coffee Wes Anderson. Flexitarian Pitchfork forage, literally paleo fap pour-over. Wes Anderson Pinterest YOLO fanny pack meggings, deep v XOXO chambray sustainable slow-carb raw denim church-key fap chillwave Etsy. +1 typewriter kitsch, American Apparel tofu Banksy Vice.\"}],[{\"key\":\"question\",\"value\":\"What Payment Methods Are Accepted?\"},{\"key\":\"answer\",\"value\":\"Fashion axe DIY jean shorts, swag kale chips meh polaroid kogi butcher Wes Anderson chambray next level semiotics gentrify yr. Voluptate photo booth fugiat Vice. Austin sed Williamsburg, ea labore raw denim voluptate cred proident mixtape excepteur mustache. Twee chia photo booth readymade food truck, hoodie roof party swag keytar PBR DIY.\"}],[{\"key\":\"question\",\"value\":\"Is Buying On-Line Safe?\"},{\"key\":\"answer\",\"value\":\"Art party authentic freegan semiotics jean shorts chia cred. Neutra Austin roof party Brooklyn, synth Thundercats swag 8-bit photo booth. Plaid letterpress leggings craft beer meh ethical Pinterest.\"}]]]',37,'Botble\\Ecommerce\\Models\\Product','2025-06-09 17:17:51','2025-06-09 17:17:51'),(99,'faq_schema_config','[[[{\"key\":\"question\",\"value\":\"What Shipping Methods Are Available?\"},{\"key\":\"answer\",\"value\":\"Ex Portland Pitchfork irure mustache. Eutra fap before they sold out literally. Aliquip ugh bicycle rights actually mlkshk, seitan squid craft beer tempor.\"}],[{\"key\":\"question\",\"value\":\"Do You Ship Internationally?\"},{\"key\":\"answer\",\"value\":\"Hoodie tote bag mixtape tofu. Typewriter jean shorts wolf quinoa, messenger bag organic freegan cray.\"}],[{\"key\":\"question\",\"value\":\"How Long Will It Take To Get My Package?\"},{\"key\":\"answer\",\"value\":\"Swag slow-carb quinoa VHS typewriter pork belly brunch, paleo single-origin coffee Wes Anderson. Flexitarian Pitchfork forage, literally paleo fap pour-over. Wes Anderson Pinterest YOLO fanny pack meggings, deep v XOXO chambray sustainable slow-carb raw denim church-key fap chillwave Etsy. +1 typewriter kitsch, American Apparel tofu Banksy Vice.\"}],[{\"key\":\"question\",\"value\":\"What Payment Methods Are Accepted?\"},{\"key\":\"answer\",\"value\":\"Fashion axe DIY jean shorts, swag kale chips meh polaroid kogi butcher Wes Anderson chambray next level semiotics gentrify yr. Voluptate photo booth fugiat Vice. Austin sed Williamsburg, ea labore raw denim voluptate cred proident mixtape excepteur mustache. Twee chia photo booth readymade food truck, hoodie roof party swag keytar PBR DIY.\"}],[{\"key\":\"question\",\"value\":\"Is Buying On-Line Safe?\"},{\"key\":\"answer\",\"value\":\"Art party authentic freegan semiotics jean shorts chia cred. Neutra Austin roof party Brooklyn, synth Thundercats swag 8-bit photo booth. Plaid letterpress leggings craft beer meh ethical Pinterest.\"}]]]',38,'Botble\\Ecommerce\\Models\\Product','2025-06-09 17:17:51','2025-06-09 17:17:51'),(100,'faq_schema_config','[[[{\"key\":\"question\",\"value\":\"What Shipping Methods Are Available?\"},{\"key\":\"answer\",\"value\":\"Ex Portland Pitchfork irure mustache. Eutra fap before they sold out literally. Aliquip ugh bicycle rights actually mlkshk, seitan squid craft beer tempor.\"}],[{\"key\":\"question\",\"value\":\"Do You Ship Internationally?\"},{\"key\":\"answer\",\"value\":\"Hoodie tote bag mixtape tofu. Typewriter jean shorts wolf quinoa, messenger bag organic freegan cray.\"}],[{\"key\":\"question\",\"value\":\"How Long Will It Take To Get My Package?\"},{\"key\":\"answer\",\"value\":\"Swag slow-carb quinoa VHS typewriter pork belly brunch, paleo single-origin coffee Wes Anderson. Flexitarian Pitchfork forage, literally paleo fap pour-over. Wes Anderson Pinterest YOLO fanny pack meggings, deep v XOXO chambray sustainable slow-carb raw denim church-key fap chillwave Etsy. +1 typewriter kitsch, American Apparel tofu Banksy Vice.\"}],[{\"key\":\"question\",\"value\":\"What Payment Methods Are Accepted?\"},{\"key\":\"answer\",\"value\":\"Fashion axe DIY jean shorts, swag kale chips meh polaroid kogi butcher Wes Anderson chambray next level semiotics gentrify yr. Voluptate photo booth fugiat Vice. Austin sed Williamsburg, ea labore raw denim voluptate cred proident mixtape excepteur mustache. Twee chia photo booth readymade food truck, hoodie roof party swag keytar PBR DIY.\"}],[{\"key\":\"question\",\"value\":\"Is Buying On-Line Safe?\"},{\"key\":\"answer\",\"value\":\"Art party authentic freegan semiotics jean shorts chia cred. Neutra Austin roof party Brooklyn, synth Thundercats swag 8-bit photo booth. Plaid letterpress leggings craft beer meh ethical Pinterest.\"}]]]',39,'Botble\\Ecommerce\\Models\\Product','2025-06-09 17:17:51','2025-06-09 17:17:51'),(101,'faq_schema_config','[[[{\"key\":\"question\",\"value\":\"What Shipping Methods Are Available?\"},{\"key\":\"answer\",\"value\":\"Ex Portland Pitchfork irure mustache. Eutra fap before they sold out literally. Aliquip ugh bicycle rights actually mlkshk, seitan squid craft beer tempor.\"}],[{\"key\":\"question\",\"value\":\"Do You Ship Internationally?\"},{\"key\":\"answer\",\"value\":\"Hoodie tote bag mixtape tofu. Typewriter jean shorts wolf quinoa, messenger bag organic freegan cray.\"}],[{\"key\":\"question\",\"value\":\"How Long Will It Take To Get My Package?\"},{\"key\":\"answer\",\"value\":\"Swag slow-carb quinoa VHS typewriter pork belly brunch, paleo single-origin coffee Wes Anderson. Flexitarian Pitchfork forage, literally paleo fap pour-over. Wes Anderson Pinterest YOLO fanny pack meggings, deep v XOXO chambray sustainable slow-carb raw denim church-key fap chillwave Etsy. +1 typewriter kitsch, American Apparel tofu Banksy Vice.\"}],[{\"key\":\"question\",\"value\":\"What Payment Methods Are Accepted?\"},{\"key\":\"answer\",\"value\":\"Fashion axe DIY jean shorts, swag kale chips meh polaroid kogi butcher Wes Anderson chambray next level semiotics gentrify yr. Voluptate photo booth fugiat Vice. Austin sed Williamsburg, ea labore raw denim voluptate cred proident mixtape excepteur mustache. Twee chia photo booth readymade food truck, hoodie roof party swag keytar PBR DIY.\"}],[{\"key\":\"question\",\"value\":\"Is Buying On-Line Safe?\"},{\"key\":\"answer\",\"value\":\"Art party authentic freegan semiotics jean shorts chia cred. Neutra Austin roof party Brooklyn, synth Thundercats swag 8-bit photo booth. Plaid letterpress leggings craft beer meh ethical Pinterest.\"}]]]',40,'Botble\\Ecommerce\\Models\\Product','2025-06-09 17:17:51','2025-06-09 17:17:51'),(102,'faq_schema_config','[[[{\"key\":\"question\",\"value\":\"What Shipping Methods Are Available?\"},{\"key\":\"answer\",\"value\":\"Ex Portland Pitchfork irure mustache. Eutra fap before they sold out literally. Aliquip ugh bicycle rights actually mlkshk, seitan squid craft beer tempor.\"}],[{\"key\":\"question\",\"value\":\"Do You Ship Internationally?\"},{\"key\":\"answer\",\"value\":\"Hoodie tote bag mixtape tofu. Typewriter jean shorts wolf quinoa, messenger bag organic freegan cray.\"}],[{\"key\":\"question\",\"value\":\"How Long Will It Take To Get My Package?\"},{\"key\":\"answer\",\"value\":\"Swag slow-carb quinoa VHS typewriter pork belly brunch, paleo single-origin coffee Wes Anderson. Flexitarian Pitchfork forage, literally paleo fap pour-over. Wes Anderson Pinterest YOLO fanny pack meggings, deep v XOXO chambray sustainable slow-carb raw denim church-key fap chillwave Etsy. +1 typewriter kitsch, American Apparel tofu Banksy Vice.\"}],[{\"key\":\"question\",\"value\":\"What Payment Methods Are Accepted?\"},{\"key\":\"answer\",\"value\":\"Fashion axe DIY jean shorts, swag kale chips meh polaroid kogi butcher Wes Anderson chambray next level semiotics gentrify yr. Voluptate photo booth fugiat Vice. Austin sed Williamsburg, ea labore raw denim voluptate cred proident mixtape excepteur mustache. Twee chia photo booth readymade food truck, hoodie roof party swag keytar PBR DIY.\"}],[{\"key\":\"question\",\"value\":\"Is Buying On-Line Safe?\"},{\"key\":\"answer\",\"value\":\"Art party authentic freegan semiotics jean shorts chia cred. Neutra Austin roof party Brooklyn, synth Thundercats swag 8-bit photo booth. Plaid letterpress leggings craft beer meh ethical Pinterest.\"}]]]',41,'Botble\\Ecommerce\\Models\\Product','2025-06-09 17:17:51','2025-06-09 17:17:51'),(103,'faq_schema_config','[[[{\"key\":\"question\",\"value\":\"What Shipping Methods Are Available?\"},{\"key\":\"answer\",\"value\":\"Ex Portland Pitchfork irure mustache. Eutra fap before they sold out literally. Aliquip ugh bicycle rights actually mlkshk, seitan squid craft beer tempor.\"}],[{\"key\":\"question\",\"value\":\"Do You Ship Internationally?\"},{\"key\":\"answer\",\"value\":\"Hoodie tote bag mixtape tofu. Typewriter jean shorts wolf quinoa, messenger bag organic freegan cray.\"}],[{\"key\":\"question\",\"value\":\"How Long Will It Take To Get My Package?\"},{\"key\":\"answer\",\"value\":\"Swag slow-carb quinoa VHS typewriter pork belly brunch, paleo single-origin coffee Wes Anderson. Flexitarian Pitchfork forage, literally paleo fap pour-over. Wes Anderson Pinterest YOLO fanny pack meggings, deep v XOXO chambray sustainable slow-carb raw denim church-key fap chillwave Etsy. +1 typewriter kitsch, American Apparel tofu Banksy Vice.\"}],[{\"key\":\"question\",\"value\":\"What Payment Methods Are Accepted?\"},{\"key\":\"answer\",\"value\":\"Fashion axe DIY jean shorts, swag kale chips meh polaroid kogi butcher Wes Anderson chambray next level semiotics gentrify yr. Voluptate photo booth fugiat Vice. Austin sed Williamsburg, ea labore raw denim voluptate cred proident mixtape excepteur mustache. Twee chia photo booth readymade food truck, hoodie roof party swag keytar PBR DIY.\"}],[{\"key\":\"question\",\"value\":\"Is Buying On-Line Safe?\"},{\"key\":\"answer\",\"value\":\"Art party authentic freegan semiotics jean shorts chia cred. Neutra Austin roof party Brooklyn, synth Thundercats swag 8-bit photo booth. Plaid letterpress leggings craft beer meh ethical Pinterest.\"}]]]',42,'Botble\\Ecommerce\\Models\\Product','2025-06-09 17:17:51','2025-06-09 17:17:51'),(104,'faq_schema_config','[[[{\"key\":\"question\",\"value\":\"What Shipping Methods Are Available?\"},{\"key\":\"answer\",\"value\":\"Ex Portland Pitchfork irure mustache. Eutra fap before they sold out literally. Aliquip ugh bicycle rights actually mlkshk, seitan squid craft beer tempor.\"}],[{\"key\":\"question\",\"value\":\"Do You Ship Internationally?\"},{\"key\":\"answer\",\"value\":\"Hoodie tote bag mixtape tofu. Typewriter jean shorts wolf quinoa, messenger bag organic freegan cray.\"}],[{\"key\":\"question\",\"value\":\"How Long Will It Take To Get My Package?\"},{\"key\":\"answer\",\"value\":\"Swag slow-carb quinoa VHS typewriter pork belly brunch, paleo single-origin coffee Wes Anderson. Flexitarian Pitchfork forage, literally paleo fap pour-over. Wes Anderson Pinterest YOLO fanny pack meggings, deep v XOXO chambray sustainable slow-carb raw denim church-key fap chillwave Etsy. +1 typewriter kitsch, American Apparel tofu Banksy Vice.\"}],[{\"key\":\"question\",\"value\":\"What Payment Methods Are Accepted?\"},{\"key\":\"answer\",\"value\":\"Fashion axe DIY jean shorts, swag kale chips meh polaroid kogi butcher Wes Anderson chambray next level semiotics gentrify yr. Voluptate photo booth fugiat Vice. Austin sed Williamsburg, ea labore raw denim voluptate cred proident mixtape excepteur mustache. Twee chia photo booth readymade food truck, hoodie roof party swag keytar PBR DIY.\"}],[{\"key\":\"question\",\"value\":\"Is Buying On-Line Safe?\"},{\"key\":\"answer\",\"value\":\"Art party authentic freegan semiotics jean shorts chia cred. Neutra Austin roof party Brooklyn, synth Thundercats swag 8-bit photo booth. Plaid letterpress leggings craft beer meh ethical Pinterest.\"}]]]',43,'Botble\\Ecommerce\\Models\\Product','2025-06-09 17:17:51','2025-06-09 17:17:51'),(105,'faq_schema_config','[[[{\"key\":\"question\",\"value\":\"What Shipping Methods Are Available?\"},{\"key\":\"answer\",\"value\":\"Ex Portland Pitchfork irure mustache. Eutra fap before they sold out literally. Aliquip ugh bicycle rights actually mlkshk, seitan squid craft beer tempor.\"}],[{\"key\":\"question\",\"value\":\"Do You Ship Internationally?\"},{\"key\":\"answer\",\"value\":\"Hoodie tote bag mixtape tofu. Typewriter jean shorts wolf quinoa, messenger bag organic freegan cray.\"}],[{\"key\":\"question\",\"value\":\"How Long Will It Take To Get My Package?\"},{\"key\":\"answer\",\"value\":\"Swag slow-carb quinoa VHS typewriter pork belly brunch, paleo single-origin coffee Wes Anderson. Flexitarian Pitchfork forage, literally paleo fap pour-over. Wes Anderson Pinterest YOLO fanny pack meggings, deep v XOXO chambray sustainable slow-carb raw denim church-key fap chillwave Etsy. +1 typewriter kitsch, American Apparel tofu Banksy Vice.\"}],[{\"key\":\"question\",\"value\":\"What Payment Methods Are Accepted?\"},{\"key\":\"answer\",\"value\":\"Fashion axe DIY jean shorts, swag kale chips meh polaroid kogi butcher Wes Anderson chambray next level semiotics gentrify yr. Voluptate photo booth fugiat Vice. Austin sed Williamsburg, ea labore raw denim voluptate cred proident mixtape excepteur mustache. Twee chia photo booth readymade food truck, hoodie roof party swag keytar PBR DIY.\"}],[{\"key\":\"question\",\"value\":\"Is Buying On-Line Safe?\"},{\"key\":\"answer\",\"value\":\"Art party authentic freegan semiotics jean shorts chia cred. Neutra Austin roof party Brooklyn, synth Thundercats swag 8-bit photo booth. Plaid letterpress leggings craft beer meh ethical Pinterest.\"}]]]',44,'Botble\\Ecommerce\\Models\\Product','2025-06-09 17:17:51','2025-06-09 17:17:51'),(106,'faq_schema_config','[[[{\"key\":\"question\",\"value\":\"What Shipping Methods Are Available?\"},{\"key\":\"answer\",\"value\":\"Ex Portland Pitchfork irure mustache. Eutra fap before they sold out literally. Aliquip ugh bicycle rights actually mlkshk, seitan squid craft beer tempor.\"}],[{\"key\":\"question\",\"value\":\"Do You Ship Internationally?\"},{\"key\":\"answer\",\"value\":\"Hoodie tote bag mixtape tofu. Typewriter jean shorts wolf quinoa, messenger bag organic freegan cray.\"}],[{\"key\":\"question\",\"value\":\"How Long Will It Take To Get My Package?\"},{\"key\":\"answer\",\"value\":\"Swag slow-carb quinoa VHS typewriter pork belly brunch, paleo single-origin coffee Wes Anderson. Flexitarian Pitchfork forage, literally paleo fap pour-over. Wes Anderson Pinterest YOLO fanny pack meggings, deep v XOXO chambray sustainable slow-carb raw denim church-key fap chillwave Etsy. +1 typewriter kitsch, American Apparel tofu Banksy Vice.\"}],[{\"key\":\"question\",\"value\":\"What Payment Methods Are Accepted?\"},{\"key\":\"answer\",\"value\":\"Fashion axe DIY jean shorts, swag kale chips meh polaroid kogi butcher Wes Anderson chambray next level semiotics gentrify yr. Voluptate photo booth fugiat Vice. Austin sed Williamsburg, ea labore raw denim voluptate cred proident mixtape excepteur mustache. Twee chia photo booth readymade food truck, hoodie roof party swag keytar PBR DIY.\"}],[{\"key\":\"question\",\"value\":\"Is Buying On-Line Safe?\"},{\"key\":\"answer\",\"value\":\"Art party authentic freegan semiotics jean shorts chia cred. Neutra Austin roof party Brooklyn, synth Thundercats swag 8-bit photo booth. Plaid letterpress leggings craft beer meh ethical Pinterest.\"}]]]',45,'Botble\\Ecommerce\\Models\\Product','2025-06-09 17:17:51','2025-06-09 17:17:51'),(107,'faq_schema_config','[[[{\"key\":\"question\",\"value\":\"What Shipping Methods Are Available?\"},{\"key\":\"answer\",\"value\":\"Ex Portland Pitchfork irure mustache. Eutra fap before they sold out literally. Aliquip ugh bicycle rights actually mlkshk, seitan squid craft beer tempor.\"}],[{\"key\":\"question\",\"value\":\"Do You Ship Internationally?\"},{\"key\":\"answer\",\"value\":\"Hoodie tote bag mixtape tofu. Typewriter jean shorts wolf quinoa, messenger bag organic freegan cray.\"}],[{\"key\":\"question\",\"value\":\"How Long Will It Take To Get My Package?\"},{\"key\":\"answer\",\"value\":\"Swag slow-carb quinoa VHS typewriter pork belly brunch, paleo single-origin coffee Wes Anderson. Flexitarian Pitchfork forage, literally paleo fap pour-over. Wes Anderson Pinterest YOLO fanny pack meggings, deep v XOXO chambray sustainable slow-carb raw denim church-key fap chillwave Etsy. +1 typewriter kitsch, American Apparel tofu Banksy Vice.\"}],[{\"key\":\"question\",\"value\":\"What Payment Methods Are Accepted?\"},{\"key\":\"answer\",\"value\":\"Fashion axe DIY jean shorts, swag kale chips meh polaroid kogi butcher Wes Anderson chambray next level semiotics gentrify yr. Voluptate photo booth fugiat Vice. Austin sed Williamsburg, ea labore raw denim voluptate cred proident mixtape excepteur mustache. Twee chia photo booth readymade food truck, hoodie roof party swag keytar PBR DIY.\"}],[{\"key\":\"question\",\"value\":\"Is Buying On-Line Safe?\"},{\"key\":\"answer\",\"value\":\"Art party authentic freegan semiotics jean shorts chia cred. Neutra Austin roof party Brooklyn, synth Thundercats swag 8-bit photo booth. Plaid letterpress leggings craft beer meh ethical Pinterest.\"}]]]',46,'Botble\\Ecommerce\\Models\\Product','2025-06-09 17:17:51','2025-06-09 17:17:51'),(108,'faq_schema_config','[[[{\"key\":\"question\",\"value\":\"What Shipping Methods Are Available?\"},{\"key\":\"answer\",\"value\":\"Ex Portland Pitchfork irure mustache. Eutra fap before they sold out literally. Aliquip ugh bicycle rights actually mlkshk, seitan squid craft beer tempor.\"}],[{\"key\":\"question\",\"value\":\"Do You Ship Internationally?\"},{\"key\":\"answer\",\"value\":\"Hoodie tote bag mixtape tofu. Typewriter jean shorts wolf quinoa, messenger bag organic freegan cray.\"}],[{\"key\":\"question\",\"value\":\"How Long Will It Take To Get My Package?\"},{\"key\":\"answer\",\"value\":\"Swag slow-carb quinoa VHS typewriter pork belly brunch, paleo single-origin coffee Wes Anderson. Flexitarian Pitchfork forage, literally paleo fap pour-over. Wes Anderson Pinterest YOLO fanny pack meggings, deep v XOXO chambray sustainable slow-carb raw denim church-key fap chillwave Etsy. +1 typewriter kitsch, American Apparel tofu Banksy Vice.\"}],[{\"key\":\"question\",\"value\":\"What Payment Methods Are Accepted?\"},{\"key\":\"answer\",\"value\":\"Fashion axe DIY jean shorts, swag kale chips meh polaroid kogi butcher Wes Anderson chambray next level semiotics gentrify yr. Voluptate photo booth fugiat Vice. Austin sed Williamsburg, ea labore raw denim voluptate cred proident mixtape excepteur mustache. Twee chia photo booth readymade food truck, hoodie roof party swag keytar PBR DIY.\"}],[{\"key\":\"question\",\"value\":\"Is Buying On-Line Safe?\"},{\"key\":\"answer\",\"value\":\"Art party authentic freegan semiotics jean shorts chia cred. Neutra Austin roof party Brooklyn, synth Thundercats swag 8-bit photo booth. Plaid letterpress leggings craft beer meh ethical Pinterest.\"}]]]',47,'Botble\\Ecommerce\\Models\\Product','2025-06-09 17:17:51','2025-06-09 17:17:51'),(109,'faq_schema_config','[[[{\"key\":\"question\",\"value\":\"What Shipping Methods Are Available?\"},{\"key\":\"answer\",\"value\":\"Ex Portland Pitchfork irure mustache. Eutra fap before they sold out literally. Aliquip ugh bicycle rights actually mlkshk, seitan squid craft beer tempor.\"}],[{\"key\":\"question\",\"value\":\"Do You Ship Internationally?\"},{\"key\":\"answer\",\"value\":\"Hoodie tote bag mixtape tofu. Typewriter jean shorts wolf quinoa, messenger bag organic freegan cray.\"}],[{\"key\":\"question\",\"value\":\"How Long Will It Take To Get My Package?\"},{\"key\":\"answer\",\"value\":\"Swag slow-carb quinoa VHS typewriter pork belly brunch, paleo single-origin coffee Wes Anderson. Flexitarian Pitchfork forage, literally paleo fap pour-over. Wes Anderson Pinterest YOLO fanny pack meggings, deep v XOXO chambray sustainable slow-carb raw denim church-key fap chillwave Etsy. +1 typewriter kitsch, American Apparel tofu Banksy Vice.\"}],[{\"key\":\"question\",\"value\":\"What Payment Methods Are Accepted?\"},{\"key\":\"answer\",\"value\":\"Fashion axe DIY jean shorts, swag kale chips meh polaroid kogi butcher Wes Anderson chambray next level semiotics gentrify yr. Voluptate photo booth fugiat Vice. Austin sed Williamsburg, ea labore raw denim voluptate cred proident mixtape excepteur mustache. Twee chia photo booth readymade food truck, hoodie roof party swag keytar PBR DIY.\"}],[{\"key\":\"question\",\"value\":\"Is Buying On-Line Safe?\"},{\"key\":\"answer\",\"value\":\"Art party authentic freegan semiotics jean shorts chia cred. Neutra Austin roof party Brooklyn, synth Thundercats swag 8-bit photo booth. Plaid letterpress leggings craft beer meh ethical Pinterest.\"}]]]',48,'Botble\\Ecommerce\\Models\\Product','2025-06-09 17:17:51','2025-06-09 17:17:51'),(110,'faq_schema_config','[[[{\"key\":\"question\",\"value\":\"What Shipping Methods Are Available?\"},{\"key\":\"answer\",\"value\":\"Ex Portland Pitchfork irure mustache. Eutra fap before they sold out literally. Aliquip ugh bicycle rights actually mlkshk, seitan squid craft beer tempor.\"}],[{\"key\":\"question\",\"value\":\"Do You Ship Internationally?\"},{\"key\":\"answer\",\"value\":\"Hoodie tote bag mixtape tofu. Typewriter jean shorts wolf quinoa, messenger bag organic freegan cray.\"}],[{\"key\":\"question\",\"value\":\"How Long Will It Take To Get My Package?\"},{\"key\":\"answer\",\"value\":\"Swag slow-carb quinoa VHS typewriter pork belly brunch, paleo single-origin coffee Wes Anderson. Flexitarian Pitchfork forage, literally paleo fap pour-over. Wes Anderson Pinterest YOLO fanny pack meggings, deep v XOXO chambray sustainable slow-carb raw denim church-key fap chillwave Etsy. +1 typewriter kitsch, American Apparel tofu Banksy Vice.\"}],[{\"key\":\"question\",\"value\":\"What Payment Methods Are Accepted?\"},{\"key\":\"answer\",\"value\":\"Fashion axe DIY jean shorts, swag kale chips meh polaroid kogi butcher Wes Anderson chambray next level semiotics gentrify yr. Voluptate photo booth fugiat Vice. Austin sed Williamsburg, ea labore raw denim voluptate cred proident mixtape excepteur mustache. Twee chia photo booth readymade food truck, hoodie roof party swag keytar PBR DIY.\"}],[{\"key\":\"question\",\"value\":\"Is Buying On-Line Safe?\"},{\"key\":\"answer\",\"value\":\"Art party authentic freegan semiotics jean shorts chia cred. Neutra Austin roof party Brooklyn, synth Thundercats swag 8-bit photo booth. Plaid letterpress leggings craft beer meh ethical Pinterest.\"}]]]',49,'Botble\\Ecommerce\\Models\\Product','2025-06-09 17:17:51','2025-06-09 17:17:51'),(111,'faq_schema_config','[[[{\"key\":\"question\",\"value\":\"What Shipping Methods Are Available?\"},{\"key\":\"answer\",\"value\":\"Ex Portland Pitchfork irure mustache. Eutra fap before they sold out literally. Aliquip ugh bicycle rights actually mlkshk, seitan squid craft beer tempor.\"}],[{\"key\":\"question\",\"value\":\"Do You Ship Internationally?\"},{\"key\":\"answer\",\"value\":\"Hoodie tote bag mixtape tofu. Typewriter jean shorts wolf quinoa, messenger bag organic freegan cray.\"}],[{\"key\":\"question\",\"value\":\"How Long Will It Take To Get My Package?\"},{\"key\":\"answer\",\"value\":\"Swag slow-carb quinoa VHS typewriter pork belly brunch, paleo single-origin coffee Wes Anderson. Flexitarian Pitchfork forage, literally paleo fap pour-over. Wes Anderson Pinterest YOLO fanny pack meggings, deep v XOXO chambray sustainable slow-carb raw denim church-key fap chillwave Etsy. +1 typewriter kitsch, American Apparel tofu Banksy Vice.\"}],[{\"key\":\"question\",\"value\":\"What Payment Methods Are Accepted?\"},{\"key\":\"answer\",\"value\":\"Fashion axe DIY jean shorts, swag kale chips meh polaroid kogi butcher Wes Anderson chambray next level semiotics gentrify yr. Voluptate photo booth fugiat Vice. Austin sed Williamsburg, ea labore raw denim voluptate cred proident mixtape excepteur mustache. Twee chia photo booth readymade food truck, hoodie roof party swag keytar PBR DIY.\"}],[{\"key\":\"question\",\"value\":\"Is Buying On-Line Safe?\"},{\"key\":\"answer\",\"value\":\"Art party authentic freegan semiotics jean shorts chia cred. Neutra Austin roof party Brooklyn, synth Thundercats swag 8-bit photo booth. Plaid letterpress leggings craft beer meh ethical Pinterest.\"}]]]',50,'Botble\\Ecommerce\\Models\\Product','2025-06-09 17:17:51','2025-06-09 17:17:51'),(112,'faq_schema_config','[[[{\"key\":\"question\",\"value\":\"What Shipping Methods Are Available?\"},{\"key\":\"answer\",\"value\":\"Ex Portland Pitchfork irure mustache. Eutra fap before they sold out literally. Aliquip ugh bicycle rights actually mlkshk, seitan squid craft beer tempor.\"}],[{\"key\":\"question\",\"value\":\"Do You Ship Internationally?\"},{\"key\":\"answer\",\"value\":\"Hoodie tote bag mixtape tofu. Typewriter jean shorts wolf quinoa, messenger bag organic freegan cray.\"}],[{\"key\":\"question\",\"value\":\"How Long Will It Take To Get My Package?\"},{\"key\":\"answer\",\"value\":\"Swag slow-carb quinoa VHS typewriter pork belly brunch, paleo single-origin coffee Wes Anderson. Flexitarian Pitchfork forage, literally paleo fap pour-over. Wes Anderson Pinterest YOLO fanny pack meggings, deep v XOXO chambray sustainable slow-carb raw denim church-key fap chillwave Etsy. +1 typewriter kitsch, American Apparel tofu Banksy Vice.\"}],[{\"key\":\"question\",\"value\":\"What Payment Methods Are Accepted?\"},{\"key\":\"answer\",\"value\":\"Fashion axe DIY jean shorts, swag kale chips meh polaroid kogi butcher Wes Anderson chambray next level semiotics gentrify yr. Voluptate photo booth fugiat Vice. Austin sed Williamsburg, ea labore raw denim voluptate cred proident mixtape excepteur mustache. Twee chia photo booth readymade food truck, hoodie roof party swag keytar PBR DIY.\"}],[{\"key\":\"question\",\"value\":\"Is Buying On-Line Safe?\"},{\"key\":\"answer\",\"value\":\"Art party authentic freegan semiotics jean shorts chia cred. Neutra Austin roof party Brooklyn, synth Thundercats swag 8-bit photo booth. Plaid letterpress leggings craft beer meh ethical Pinterest.\"}]]]',51,'Botble\\Ecommerce\\Models\\Product','2025-06-09 17:17:52','2025-06-09 17:17:52'),(113,'faq_schema_config','[[[{\"key\":\"question\",\"value\":\"What Shipping Methods Are Available?\"},{\"key\":\"answer\",\"value\":\"Ex Portland Pitchfork irure mustache. Eutra fap before they sold out literally. Aliquip ugh bicycle rights actually mlkshk, seitan squid craft beer tempor.\"}],[{\"key\":\"question\",\"value\":\"Do You Ship Internationally?\"},{\"key\":\"answer\",\"value\":\"Hoodie tote bag mixtape tofu. Typewriter jean shorts wolf quinoa, messenger bag organic freegan cray.\"}],[{\"key\":\"question\",\"value\":\"How Long Will It Take To Get My Package?\"},{\"key\":\"answer\",\"value\":\"Swag slow-carb quinoa VHS typewriter pork belly brunch, paleo single-origin coffee Wes Anderson. Flexitarian Pitchfork forage, literally paleo fap pour-over. Wes Anderson Pinterest YOLO fanny pack meggings, deep v XOXO chambray sustainable slow-carb raw denim church-key fap chillwave Etsy. +1 typewriter kitsch, American Apparel tofu Banksy Vice.\"}],[{\"key\":\"question\",\"value\":\"What Payment Methods Are Accepted?\"},{\"key\":\"answer\",\"value\":\"Fashion axe DIY jean shorts, swag kale chips meh polaroid kogi butcher Wes Anderson chambray next level semiotics gentrify yr. Voluptate photo booth fugiat Vice. Austin sed Williamsburg, ea labore raw denim voluptate cred proident mixtape excepteur mustache. Twee chia photo booth readymade food truck, hoodie roof party swag keytar PBR DIY.\"}],[{\"key\":\"question\",\"value\":\"Is Buying On-Line Safe?\"},{\"key\":\"answer\",\"value\":\"Art party authentic freegan semiotics jean shorts chia cred. Neutra Austin roof party Brooklyn, synth Thundercats swag 8-bit photo booth. Plaid letterpress leggings craft beer meh ethical Pinterest.\"}]]]',52,'Botble\\Ecommerce\\Models\\Product','2025-06-09 17:17:52','2025-06-09 17:17:52'),(114,'faq_schema_config','[[[{\"key\":\"question\",\"value\":\"What Shipping Methods Are Available?\"},{\"key\":\"answer\",\"value\":\"Ex Portland Pitchfork irure mustache. Eutra fap before they sold out literally. Aliquip ugh bicycle rights actually mlkshk, seitan squid craft beer tempor.\"}],[{\"key\":\"question\",\"value\":\"Do You Ship Internationally?\"},{\"key\":\"answer\",\"value\":\"Hoodie tote bag mixtape tofu. Typewriter jean shorts wolf quinoa, messenger bag organic freegan cray.\"}],[{\"key\":\"question\",\"value\":\"How Long Will It Take To Get My Package?\"},{\"key\":\"answer\",\"value\":\"Swag slow-carb quinoa VHS typewriter pork belly brunch, paleo single-origin coffee Wes Anderson. Flexitarian Pitchfork forage, literally paleo fap pour-over. Wes Anderson Pinterest YOLO fanny pack meggings, deep v XOXO chambray sustainable slow-carb raw denim church-key fap chillwave Etsy. +1 typewriter kitsch, American Apparel tofu Banksy Vice.\"}],[{\"key\":\"question\",\"value\":\"What Payment Methods Are Accepted?\"},{\"key\":\"answer\",\"value\":\"Fashion axe DIY jean shorts, swag kale chips meh polaroid kogi butcher Wes Anderson chambray next level semiotics gentrify yr. Voluptate photo booth fugiat Vice. Austin sed Williamsburg, ea labore raw denim voluptate cred proident mixtape excepteur mustache. Twee chia photo booth readymade food truck, hoodie roof party swag keytar PBR DIY.\"}],[{\"key\":\"question\",\"value\":\"Is Buying On-Line Safe?\"},{\"key\":\"answer\",\"value\":\"Art party authentic freegan semiotics jean shorts chia cred. Neutra Austin roof party Brooklyn, synth Thundercats swag 8-bit photo booth. Plaid letterpress leggings craft beer meh ethical Pinterest.\"}]]]',53,'Botble\\Ecommerce\\Models\\Product','2025-06-09 17:17:52','2025-06-09 17:17:52'),(115,'faq_schema_config','[[[{\"key\":\"question\",\"value\":\"What Shipping Methods Are Available?\"},{\"key\":\"answer\",\"value\":\"Ex Portland Pitchfork irure mustache. Eutra fap before they sold out literally. Aliquip ugh bicycle rights actually mlkshk, seitan squid craft beer tempor.\"}],[{\"key\":\"question\",\"value\":\"Do You Ship Internationally?\"},{\"key\":\"answer\",\"value\":\"Hoodie tote bag mixtape tofu. Typewriter jean shorts wolf quinoa, messenger bag organic freegan cray.\"}],[{\"key\":\"question\",\"value\":\"How Long Will It Take To Get My Package?\"},{\"key\":\"answer\",\"value\":\"Swag slow-carb quinoa VHS typewriter pork belly brunch, paleo single-origin coffee Wes Anderson. Flexitarian Pitchfork forage, literally paleo fap pour-over. Wes Anderson Pinterest YOLO fanny pack meggings, deep v XOXO chambray sustainable slow-carb raw denim church-key fap chillwave Etsy. +1 typewriter kitsch, American Apparel tofu Banksy Vice.\"}],[{\"key\":\"question\",\"value\":\"What Payment Methods Are Accepted?\"},{\"key\":\"answer\",\"value\":\"Fashion axe DIY jean shorts, swag kale chips meh polaroid kogi butcher Wes Anderson chambray next level semiotics gentrify yr. Voluptate photo booth fugiat Vice. Austin sed Williamsburg, ea labore raw denim voluptate cred proident mixtape excepteur mustache. Twee chia photo booth readymade food truck, hoodie roof party swag keytar PBR DIY.\"}],[{\"key\":\"question\",\"value\":\"Is Buying On-Line Safe?\"},{\"key\":\"answer\",\"value\":\"Art party authentic freegan semiotics jean shorts chia cred. Neutra Austin roof party Brooklyn, synth Thundercats swag 8-bit photo booth. Plaid letterpress leggings craft beer meh ethical Pinterest.\"}]]]',54,'Botble\\Ecommerce\\Models\\Product','2025-06-09 17:17:52','2025-06-09 17:17:52'),(116,'faq_schema_config','[[[{\"key\":\"question\",\"value\":\"What Shipping Methods Are Available?\"},{\"key\":\"answer\",\"value\":\"Ex Portland Pitchfork irure mustache. Eutra fap before they sold out literally. Aliquip ugh bicycle rights actually mlkshk, seitan squid craft beer tempor.\"}],[{\"key\":\"question\",\"value\":\"Do You Ship Internationally?\"},{\"key\":\"answer\",\"value\":\"Hoodie tote bag mixtape tofu. Typewriter jean shorts wolf quinoa, messenger bag organic freegan cray.\"}],[{\"key\":\"question\",\"value\":\"How Long Will It Take To Get My Package?\"},{\"key\":\"answer\",\"value\":\"Swag slow-carb quinoa VHS typewriter pork belly brunch, paleo single-origin coffee Wes Anderson. Flexitarian Pitchfork forage, literally paleo fap pour-over. Wes Anderson Pinterest YOLO fanny pack meggings, deep v XOXO chambray sustainable slow-carb raw denim church-key fap chillwave Etsy. +1 typewriter kitsch, American Apparel tofu Banksy Vice.\"}],[{\"key\":\"question\",\"value\":\"What Payment Methods Are Accepted?\"},{\"key\":\"answer\",\"value\":\"Fashion axe DIY jean shorts, swag kale chips meh polaroid kogi butcher Wes Anderson chambray next level semiotics gentrify yr. Voluptate photo booth fugiat Vice. Austin sed Williamsburg, ea labore raw denim voluptate cred proident mixtape excepteur mustache. Twee chia photo booth readymade food truck, hoodie roof party swag keytar PBR DIY.\"}],[{\"key\":\"question\",\"value\":\"Is Buying On-Line Safe?\"},{\"key\":\"answer\",\"value\":\"Art party authentic freegan semiotics jean shorts chia cred. Neutra Austin roof party Brooklyn, synth Thundercats swag 8-bit photo booth. Plaid letterpress leggings craft beer meh ethical Pinterest.\"}]]]',55,'Botble\\Ecommerce\\Models\\Product','2025-06-09 17:17:52','2025-06-09 17:17:52'),(117,'faq_schema_config','[[[{\"key\":\"question\",\"value\":\"What Shipping Methods Are Available?\"},{\"key\":\"answer\",\"value\":\"Ex Portland Pitchfork irure mustache. Eutra fap before they sold out literally. Aliquip ugh bicycle rights actually mlkshk, seitan squid craft beer tempor.\"}],[{\"key\":\"question\",\"value\":\"Do You Ship Internationally?\"},{\"key\":\"answer\",\"value\":\"Hoodie tote bag mixtape tofu. Typewriter jean shorts wolf quinoa, messenger bag organic freegan cray.\"}],[{\"key\":\"question\",\"value\":\"How Long Will It Take To Get My Package?\"},{\"key\":\"answer\",\"value\":\"Swag slow-carb quinoa VHS typewriter pork belly brunch, paleo single-origin coffee Wes Anderson. Flexitarian Pitchfork forage, literally paleo fap pour-over. Wes Anderson Pinterest YOLO fanny pack meggings, deep v XOXO chambray sustainable slow-carb raw denim church-key fap chillwave Etsy. +1 typewriter kitsch, American Apparel tofu Banksy Vice.\"}],[{\"key\":\"question\",\"value\":\"What Payment Methods Are Accepted?\"},{\"key\":\"answer\",\"value\":\"Fashion axe DIY jean shorts, swag kale chips meh polaroid kogi butcher Wes Anderson chambray next level semiotics gentrify yr. Voluptate photo booth fugiat Vice. Austin sed Williamsburg, ea labore raw denim voluptate cred proident mixtape excepteur mustache. Twee chia photo booth readymade food truck, hoodie roof party swag keytar PBR DIY.\"}],[{\"key\":\"question\",\"value\":\"Is Buying On-Line Safe?\"},{\"key\":\"answer\",\"value\":\"Art party authentic freegan semiotics jean shorts chia cred. Neutra Austin roof party Brooklyn, synth Thundercats swag 8-bit photo booth. Plaid letterpress leggings craft beer meh ethical Pinterest.\"}]]]',56,'Botble\\Ecommerce\\Models\\Product','2025-06-09 17:17:52','2025-06-09 17:17:52'),(118,'faq_schema_config','[[[{\"key\":\"question\",\"value\":\"What Shipping Methods Are Available?\"},{\"key\":\"answer\",\"value\":\"Ex Portland Pitchfork irure mustache. Eutra fap before they sold out literally. Aliquip ugh bicycle rights actually mlkshk, seitan squid craft beer tempor.\"}],[{\"key\":\"question\",\"value\":\"Do You Ship Internationally?\"},{\"key\":\"answer\",\"value\":\"Hoodie tote bag mixtape tofu. Typewriter jean shorts wolf quinoa, messenger bag organic freegan cray.\"}],[{\"key\":\"question\",\"value\":\"How Long Will It Take To Get My Package?\"},{\"key\":\"answer\",\"value\":\"Swag slow-carb quinoa VHS typewriter pork belly brunch, paleo single-origin coffee Wes Anderson. Flexitarian Pitchfork forage, literally paleo fap pour-over. Wes Anderson Pinterest YOLO fanny pack meggings, deep v XOXO chambray sustainable slow-carb raw denim church-key fap chillwave Etsy. +1 typewriter kitsch, American Apparel tofu Banksy Vice.\"}],[{\"key\":\"question\",\"value\":\"What Payment Methods Are Accepted?\"},{\"key\":\"answer\",\"value\":\"Fashion axe DIY jean shorts, swag kale chips meh polaroid kogi butcher Wes Anderson chambray next level semiotics gentrify yr. Voluptate photo booth fugiat Vice. Austin sed Williamsburg, ea labore raw denim voluptate cred proident mixtape excepteur mustache. Twee chia photo booth readymade food truck, hoodie roof party swag keytar PBR DIY.\"}],[{\"key\":\"question\",\"value\":\"Is Buying On-Line Safe?\"},{\"key\":\"answer\",\"value\":\"Art party authentic freegan semiotics jean shorts chia cred. Neutra Austin roof party Brooklyn, synth Thundercats swag 8-bit photo booth. Plaid letterpress leggings craft beer meh ethical Pinterest.\"}]]]',57,'Botble\\Ecommerce\\Models\\Product','2025-06-09 17:17:52','2025-06-09 17:17:52'),(119,'faq_schema_config','[[[{\"key\":\"question\",\"value\":\"What Shipping Methods Are Available?\"},{\"key\":\"answer\",\"value\":\"Ex Portland Pitchfork irure mustache. Eutra fap before they sold out literally. Aliquip ugh bicycle rights actually mlkshk, seitan squid craft beer tempor.\"}],[{\"key\":\"question\",\"value\":\"Do You Ship Internationally?\"},{\"key\":\"answer\",\"value\":\"Hoodie tote bag mixtape tofu. Typewriter jean shorts wolf quinoa, messenger bag organic freegan cray.\"}],[{\"key\":\"question\",\"value\":\"How Long Will It Take To Get My Package?\"},{\"key\":\"answer\",\"value\":\"Swag slow-carb quinoa VHS typewriter pork belly brunch, paleo single-origin coffee Wes Anderson. Flexitarian Pitchfork forage, literally paleo fap pour-over. Wes Anderson Pinterest YOLO fanny pack meggings, deep v XOXO chambray sustainable slow-carb raw denim church-key fap chillwave Etsy. +1 typewriter kitsch, American Apparel tofu Banksy Vice.\"}],[{\"key\":\"question\",\"value\":\"What Payment Methods Are Accepted?\"},{\"key\":\"answer\",\"value\":\"Fashion axe DIY jean shorts, swag kale chips meh polaroid kogi butcher Wes Anderson chambray next level semiotics gentrify yr. Voluptate photo booth fugiat Vice. Austin sed Williamsburg, ea labore raw denim voluptate cred proident mixtape excepteur mustache. Twee chia photo booth readymade food truck, hoodie roof party swag keytar PBR DIY.\"}],[{\"key\":\"question\",\"value\":\"Is Buying On-Line Safe?\"},{\"key\":\"answer\",\"value\":\"Art party authentic freegan semiotics jean shorts chia cred. Neutra Austin roof party Brooklyn, synth Thundercats swag 8-bit photo booth. Plaid letterpress leggings craft beer meh ethical Pinterest.\"}]]]',58,'Botble\\Ecommerce\\Models\\Product','2025-06-09 17:17:52','2025-06-09 17:17:52'),(120,'faq_schema_config','[[[{\"key\":\"question\",\"value\":\"What Shipping Methods Are Available?\"},{\"key\":\"answer\",\"value\":\"Ex Portland Pitchfork irure mustache. Eutra fap before they sold out literally. Aliquip ugh bicycle rights actually mlkshk, seitan squid craft beer tempor.\"}],[{\"key\":\"question\",\"value\":\"Do You Ship Internationally?\"},{\"key\":\"answer\",\"value\":\"Hoodie tote bag mixtape tofu. Typewriter jean shorts wolf quinoa, messenger bag organic freegan cray.\"}],[{\"key\":\"question\",\"value\":\"How Long Will It Take To Get My Package?\"},{\"key\":\"answer\",\"value\":\"Swag slow-carb quinoa VHS typewriter pork belly brunch, paleo single-origin coffee Wes Anderson. Flexitarian Pitchfork forage, literally paleo fap pour-over. Wes Anderson Pinterest YOLO fanny pack meggings, deep v XOXO chambray sustainable slow-carb raw denim church-key fap chillwave Etsy. +1 typewriter kitsch, American Apparel tofu Banksy Vice.\"}],[{\"key\":\"question\",\"value\":\"What Payment Methods Are Accepted?\"},{\"key\":\"answer\",\"value\":\"Fashion axe DIY jean shorts, swag kale chips meh polaroid kogi butcher Wes Anderson chambray next level semiotics gentrify yr. Voluptate photo booth fugiat Vice. Austin sed Williamsburg, ea labore raw denim voluptate cred proident mixtape excepteur mustache. Twee chia photo booth readymade food truck, hoodie roof party swag keytar PBR DIY.\"}],[{\"key\":\"question\",\"value\":\"Is Buying On-Line Safe?\"},{\"key\":\"answer\",\"value\":\"Art party authentic freegan semiotics jean shorts chia cred. Neutra Austin roof party Brooklyn, synth Thundercats swag 8-bit photo booth. Plaid letterpress leggings craft beer meh ethical Pinterest.\"}]]]',59,'Botble\\Ecommerce\\Models\\Product','2025-06-09 17:17:52','2025-06-09 17:17:52'),(121,'faq_schema_config','[[[{\"key\":\"question\",\"value\":\"What Shipping Methods Are Available?\"},{\"key\":\"answer\",\"value\":\"Ex Portland Pitchfork irure mustache. Eutra fap before they sold out literally. Aliquip ugh bicycle rights actually mlkshk, seitan squid craft beer tempor.\"}],[{\"key\":\"question\",\"value\":\"Do You Ship Internationally?\"},{\"key\":\"answer\",\"value\":\"Hoodie tote bag mixtape tofu. Typewriter jean shorts wolf quinoa, messenger bag organic freegan cray.\"}],[{\"key\":\"question\",\"value\":\"How Long Will It Take To Get My Package?\"},{\"key\":\"answer\",\"value\":\"Swag slow-carb quinoa VHS typewriter pork belly brunch, paleo single-origin coffee Wes Anderson. Flexitarian Pitchfork forage, literally paleo fap pour-over. Wes Anderson Pinterest YOLO fanny pack meggings, deep v XOXO chambray sustainable slow-carb raw denim church-key fap chillwave Etsy. +1 typewriter kitsch, American Apparel tofu Banksy Vice.\"}],[{\"key\":\"question\",\"value\":\"What Payment Methods Are Accepted?\"},{\"key\":\"answer\",\"value\":\"Fashion axe DIY jean shorts, swag kale chips meh polaroid kogi butcher Wes Anderson chambray next level semiotics gentrify yr. Voluptate photo booth fugiat Vice. Austin sed Williamsburg, ea labore raw denim voluptate cred proident mixtape excepteur mustache. Twee chia photo booth readymade food truck, hoodie roof party swag keytar PBR DIY.\"}],[{\"key\":\"question\",\"value\":\"Is Buying On-Line Safe?\"},{\"key\":\"answer\",\"value\":\"Art party authentic freegan semiotics jean shorts chia cred. Neutra Austin roof party Brooklyn, synth Thundercats swag 8-bit photo booth. Plaid letterpress leggings craft beer meh ethical Pinterest.\"}]]]',60,'Botble\\Ecommerce\\Models\\Product','2025-06-09 17:17:52','2025-06-09 17:17:52'),(122,'faq_schema_config','[[[{\"key\":\"question\",\"value\":\"What Shipping Methods Are Available?\"},{\"key\":\"answer\",\"value\":\"Ex Portland Pitchfork irure mustache. Eutra fap before they sold out literally. Aliquip ugh bicycle rights actually mlkshk, seitan squid craft beer tempor.\"}],[{\"key\":\"question\",\"value\":\"Do You Ship Internationally?\"},{\"key\":\"answer\",\"value\":\"Hoodie tote bag mixtape tofu. Typewriter jean shorts wolf quinoa, messenger bag organic freegan cray.\"}],[{\"key\":\"question\",\"value\":\"How Long Will It Take To Get My Package?\"},{\"key\":\"answer\",\"value\":\"Swag slow-carb quinoa VHS typewriter pork belly brunch, paleo single-origin coffee Wes Anderson. Flexitarian Pitchfork forage, literally paleo fap pour-over. Wes Anderson Pinterest YOLO fanny pack meggings, deep v XOXO chambray sustainable slow-carb raw denim church-key fap chillwave Etsy. +1 typewriter kitsch, American Apparel tofu Banksy Vice.\"}],[{\"key\":\"question\",\"value\":\"What Payment Methods Are Accepted?\"},{\"key\":\"answer\",\"value\":\"Fashion axe DIY jean shorts, swag kale chips meh polaroid kogi butcher Wes Anderson chambray next level semiotics gentrify yr. Voluptate photo booth fugiat Vice. Austin sed Williamsburg, ea labore raw denim voluptate cred proident mixtape excepteur mustache. Twee chia photo booth readymade food truck, hoodie roof party swag keytar PBR DIY.\"}],[{\"key\":\"question\",\"value\":\"Is Buying On-Line Safe?\"},{\"key\":\"answer\",\"value\":\"Art party authentic freegan semiotics jean shorts chia cred. Neutra Austin roof party Brooklyn, synth Thundercats swag 8-bit photo booth. Plaid letterpress leggings craft beer meh ethical Pinterest.\"}]]]',61,'Botble\\Ecommerce\\Models\\Product','2025-06-09 17:17:52','2025-06-09 17:17:52'),(123,'faq_schema_config','[[[{\"key\":\"question\",\"value\":\"What Shipping Methods Are Available?\"},{\"key\":\"answer\",\"value\":\"Ex Portland Pitchfork irure mustache. Eutra fap before they sold out literally. Aliquip ugh bicycle rights actually mlkshk, seitan squid craft beer tempor.\"}],[{\"key\":\"question\",\"value\":\"Do You Ship Internationally?\"},{\"key\":\"answer\",\"value\":\"Hoodie tote bag mixtape tofu. Typewriter jean shorts wolf quinoa, messenger bag organic freegan cray.\"}],[{\"key\":\"question\",\"value\":\"How Long Will It Take To Get My Package?\"},{\"key\":\"answer\",\"value\":\"Swag slow-carb quinoa VHS typewriter pork belly brunch, paleo single-origin coffee Wes Anderson. Flexitarian Pitchfork forage, literally paleo fap pour-over. Wes Anderson Pinterest YOLO fanny pack meggings, deep v XOXO chambray sustainable slow-carb raw denim church-key fap chillwave Etsy. +1 typewriter kitsch, American Apparel tofu Banksy Vice.\"}],[{\"key\":\"question\",\"value\":\"What Payment Methods Are Accepted?\"},{\"key\":\"answer\",\"value\":\"Fashion axe DIY jean shorts, swag kale chips meh polaroid kogi butcher Wes Anderson chambray next level semiotics gentrify yr. Voluptate photo booth fugiat Vice. Austin sed Williamsburg, ea labore raw denim voluptate cred proident mixtape excepteur mustache. Twee chia photo booth readymade food truck, hoodie roof party swag keytar PBR DIY.\"}],[{\"key\":\"question\",\"value\":\"Is Buying On-Line Safe?\"},{\"key\":\"answer\",\"value\":\"Art party authentic freegan semiotics jean shorts chia cred. Neutra Austin roof party Brooklyn, synth Thundercats swag 8-bit photo booth. Plaid letterpress leggings craft beer meh ethical Pinterest.\"}]]]',62,'Botble\\Ecommerce\\Models\\Product','2025-06-09 17:17:52','2025-06-09 17:17:52'),(124,'faq_schema_config','[[[{\"key\":\"question\",\"value\":\"What Shipping Methods Are Available?\"},{\"key\":\"answer\",\"value\":\"Ex Portland Pitchfork irure mustache. Eutra fap before they sold out literally. Aliquip ugh bicycle rights actually mlkshk, seitan squid craft beer tempor.\"}],[{\"key\":\"question\",\"value\":\"Do You Ship Internationally?\"},{\"key\":\"answer\",\"value\":\"Hoodie tote bag mixtape tofu. Typewriter jean shorts wolf quinoa, messenger bag organic freegan cray.\"}],[{\"key\":\"question\",\"value\":\"How Long Will It Take To Get My Package?\"},{\"key\":\"answer\",\"value\":\"Swag slow-carb quinoa VHS typewriter pork belly brunch, paleo single-origin coffee Wes Anderson. Flexitarian Pitchfork forage, literally paleo fap pour-over. Wes Anderson Pinterest YOLO fanny pack meggings, deep v XOXO chambray sustainable slow-carb raw denim church-key fap chillwave Etsy. +1 typewriter kitsch, American Apparel tofu Banksy Vice.\"}],[{\"key\":\"question\",\"value\":\"What Payment Methods Are Accepted?\"},{\"key\":\"answer\",\"value\":\"Fashion axe DIY jean shorts, swag kale chips meh polaroid kogi butcher Wes Anderson chambray next level semiotics gentrify yr. Voluptate photo booth fugiat Vice. Austin sed Williamsburg, ea labore raw denim voluptate cred proident mixtape excepteur mustache. Twee chia photo booth readymade food truck, hoodie roof party swag keytar PBR DIY.\"}],[{\"key\":\"question\",\"value\":\"Is Buying On-Line Safe?\"},{\"key\":\"answer\",\"value\":\"Art party authentic freegan semiotics jean shorts chia cred. Neutra Austin roof party Brooklyn, synth Thundercats swag 8-bit photo booth. Plaid letterpress leggings craft beer meh ethical Pinterest.\"}]]]',63,'Botble\\Ecommerce\\Models\\Product','2025-06-09 17:17:52','2025-06-09 17:17:52'),(125,'faq_schema_config','[[[{\"key\":\"question\",\"value\":\"What Shipping Methods Are Available?\"},{\"key\":\"answer\",\"value\":\"Ex Portland Pitchfork irure mustache. Eutra fap before they sold out literally. Aliquip ugh bicycle rights actually mlkshk, seitan squid craft beer tempor.\"}],[{\"key\":\"question\",\"value\":\"Do You Ship Internationally?\"},{\"key\":\"answer\",\"value\":\"Hoodie tote bag mixtape tofu. Typewriter jean shorts wolf quinoa, messenger bag organic freegan cray.\"}],[{\"key\":\"question\",\"value\":\"How Long Will It Take To Get My Package?\"},{\"key\":\"answer\",\"value\":\"Swag slow-carb quinoa VHS typewriter pork belly brunch, paleo single-origin coffee Wes Anderson. Flexitarian Pitchfork forage, literally paleo fap pour-over. Wes Anderson Pinterest YOLO fanny pack meggings, deep v XOXO chambray sustainable slow-carb raw denim church-key fap chillwave Etsy. +1 typewriter kitsch, American Apparel tofu Banksy Vice.\"}],[{\"key\":\"question\",\"value\":\"What Payment Methods Are Accepted?\"},{\"key\":\"answer\",\"value\":\"Fashion axe DIY jean shorts, swag kale chips meh polaroid kogi butcher Wes Anderson chambray next level semiotics gentrify yr. Voluptate photo booth fugiat Vice. Austin sed Williamsburg, ea labore raw denim voluptate cred proident mixtape excepteur mustache. Twee chia photo booth readymade food truck, hoodie roof party swag keytar PBR DIY.\"}],[{\"key\":\"question\",\"value\":\"Is Buying On-Line Safe?\"},{\"key\":\"answer\",\"value\":\"Art party authentic freegan semiotics jean shorts chia cred. Neutra Austin roof party Brooklyn, synth Thundercats swag 8-bit photo booth. Plaid letterpress leggings craft beer meh ethical Pinterest.\"}]]]',64,'Botble\\Ecommerce\\Models\\Product','2025-06-09 17:17:52','2025-06-09 17:17:52'),(126,'faq_schema_config','[[[{\"key\":\"question\",\"value\":\"What Shipping Methods Are Available?\"},{\"key\":\"answer\",\"value\":\"Ex Portland Pitchfork irure mustache. Eutra fap before they sold out literally. Aliquip ugh bicycle rights actually mlkshk, seitan squid craft beer tempor.\"}],[{\"key\":\"question\",\"value\":\"Do You Ship Internationally?\"},{\"key\":\"answer\",\"value\":\"Hoodie tote bag mixtape tofu. Typewriter jean shorts wolf quinoa, messenger bag organic freegan cray.\"}],[{\"key\":\"question\",\"value\":\"How Long Will It Take To Get My Package?\"},{\"key\":\"answer\",\"value\":\"Swag slow-carb quinoa VHS typewriter pork belly brunch, paleo single-origin coffee Wes Anderson. Flexitarian Pitchfork forage, literally paleo fap pour-over. Wes Anderson Pinterest YOLO fanny pack meggings, deep v XOXO chambray sustainable slow-carb raw denim church-key fap chillwave Etsy. +1 typewriter kitsch, American Apparel tofu Banksy Vice.\"}],[{\"key\":\"question\",\"value\":\"What Payment Methods Are Accepted?\"},{\"key\":\"answer\",\"value\":\"Fashion axe DIY jean shorts, swag kale chips meh polaroid kogi butcher Wes Anderson chambray next level semiotics gentrify yr. Voluptate photo booth fugiat Vice. Austin sed Williamsburg, ea labore raw denim voluptate cred proident mixtape excepteur mustache. Twee chia photo booth readymade food truck, hoodie roof party swag keytar PBR DIY.\"}],[{\"key\":\"question\",\"value\":\"Is Buying On-Line Safe?\"},{\"key\":\"answer\",\"value\":\"Art party authentic freegan semiotics jean shorts chia cred. Neutra Austin roof party Brooklyn, synth Thundercats swag 8-bit photo booth. Plaid letterpress leggings craft beer meh ethical Pinterest.\"}]]]',65,'Botble\\Ecommerce\\Models\\Product','2025-06-09 17:17:52','2025-06-09 17:17:52'),(127,'faq_schema_config','[[[{\"key\":\"question\",\"value\":\"What Shipping Methods Are Available?\"},{\"key\":\"answer\",\"value\":\"Ex Portland Pitchfork irure mustache. Eutra fap before they sold out literally. Aliquip ugh bicycle rights actually mlkshk, seitan squid craft beer tempor.\"}],[{\"key\":\"question\",\"value\":\"Do You Ship Internationally?\"},{\"key\":\"answer\",\"value\":\"Hoodie tote bag mixtape tofu. Typewriter jean shorts wolf quinoa, messenger bag organic freegan cray.\"}],[{\"key\":\"question\",\"value\":\"How Long Will It Take To Get My Package?\"},{\"key\":\"answer\",\"value\":\"Swag slow-carb quinoa VHS typewriter pork belly brunch, paleo single-origin coffee Wes Anderson. Flexitarian Pitchfork forage, literally paleo fap pour-over. Wes Anderson Pinterest YOLO fanny pack meggings, deep v XOXO chambray sustainable slow-carb raw denim church-key fap chillwave Etsy. +1 typewriter kitsch, American Apparel tofu Banksy Vice.\"}],[{\"key\":\"question\",\"value\":\"What Payment Methods Are Accepted?\"},{\"key\":\"answer\",\"value\":\"Fashion axe DIY jean shorts, swag kale chips meh polaroid kogi butcher Wes Anderson chambray next level semiotics gentrify yr. Voluptate photo booth fugiat Vice. Austin sed Williamsburg, ea labore raw denim voluptate cred proident mixtape excepteur mustache. Twee chia photo booth readymade food truck, hoodie roof party swag keytar PBR DIY.\"}],[{\"key\":\"question\",\"value\":\"Is Buying On-Line Safe?\"},{\"key\":\"answer\",\"value\":\"Art party authentic freegan semiotics jean shorts chia cred. Neutra Austin roof party Brooklyn, synth Thundercats swag 8-bit photo booth. Plaid letterpress leggings craft beer meh ethical Pinterest.\"}]]]',66,'Botble\\Ecommerce\\Models\\Product','2025-06-09 17:17:52','2025-06-09 17:17:52'),(128,'faq_schema_config','[[[{\"key\":\"question\",\"value\":\"What Shipping Methods Are Available?\"},{\"key\":\"answer\",\"value\":\"Ex Portland Pitchfork irure mustache. Eutra fap before they sold out literally. Aliquip ugh bicycle rights actually mlkshk, seitan squid craft beer tempor.\"}],[{\"key\":\"question\",\"value\":\"Do You Ship Internationally?\"},{\"key\":\"answer\",\"value\":\"Hoodie tote bag mixtape tofu. Typewriter jean shorts wolf quinoa, messenger bag organic freegan cray.\"}],[{\"key\":\"question\",\"value\":\"How Long Will It Take To Get My Package?\"},{\"key\":\"answer\",\"value\":\"Swag slow-carb quinoa VHS typewriter pork belly brunch, paleo single-origin coffee Wes Anderson. Flexitarian Pitchfork forage, literally paleo fap pour-over. Wes Anderson Pinterest YOLO fanny pack meggings, deep v XOXO chambray sustainable slow-carb raw denim church-key fap chillwave Etsy. +1 typewriter kitsch, American Apparel tofu Banksy Vice.\"}],[{\"key\":\"question\",\"value\":\"What Payment Methods Are Accepted?\"},{\"key\":\"answer\",\"value\":\"Fashion axe DIY jean shorts, swag kale chips meh polaroid kogi butcher Wes Anderson chambray next level semiotics gentrify yr. Voluptate photo booth fugiat Vice. Austin sed Williamsburg, ea labore raw denim voluptate cred proident mixtape excepteur mustache. Twee chia photo booth readymade food truck, hoodie roof party swag keytar PBR DIY.\"}],[{\"key\":\"question\",\"value\":\"Is Buying On-Line Safe?\"},{\"key\":\"answer\",\"value\":\"Art party authentic freegan semiotics jean shorts chia cred. Neutra Austin roof party Brooklyn, synth Thundercats swag 8-bit photo booth. Plaid letterpress leggings craft beer meh ethical Pinterest.\"}]]]',67,'Botble\\Ecommerce\\Models\\Product','2025-06-09 17:17:52','2025-06-09 17:17:52'),(129,'faq_schema_config','[[[{\"key\":\"question\",\"value\":\"What Shipping Methods Are Available?\"},{\"key\":\"answer\",\"value\":\"Ex Portland Pitchfork irure mustache. Eutra fap before they sold out literally. Aliquip ugh bicycle rights actually mlkshk, seitan squid craft beer tempor.\"}],[{\"key\":\"question\",\"value\":\"Do You Ship Internationally?\"},{\"key\":\"answer\",\"value\":\"Hoodie tote bag mixtape tofu. Typewriter jean shorts wolf quinoa, messenger bag organic freegan cray.\"}],[{\"key\":\"question\",\"value\":\"How Long Will It Take To Get My Package?\"},{\"key\":\"answer\",\"value\":\"Swag slow-carb quinoa VHS typewriter pork belly brunch, paleo single-origin coffee Wes Anderson. Flexitarian Pitchfork forage, literally paleo fap pour-over. Wes Anderson Pinterest YOLO fanny pack meggings, deep v XOXO chambray sustainable slow-carb raw denim church-key fap chillwave Etsy. +1 typewriter kitsch, American Apparel tofu Banksy Vice.\"}],[{\"key\":\"question\",\"value\":\"What Payment Methods Are Accepted?\"},{\"key\":\"answer\",\"value\":\"Fashion axe DIY jean shorts, swag kale chips meh polaroid kogi butcher Wes Anderson chambray next level semiotics gentrify yr. Voluptate photo booth fugiat Vice. Austin sed Williamsburg, ea labore raw denim voluptate cred proident mixtape excepteur mustache. Twee chia photo booth readymade food truck, hoodie roof party swag keytar PBR DIY.\"}],[{\"key\":\"question\",\"value\":\"Is Buying On-Line Safe?\"},{\"key\":\"answer\",\"value\":\"Art party authentic freegan semiotics jean shorts chia cred. Neutra Austin roof party Brooklyn, synth Thundercats swag 8-bit photo booth. Plaid letterpress leggings craft beer meh ethical Pinterest.\"}]]]',68,'Botble\\Ecommerce\\Models\\Product','2025-06-09 17:17:52','2025-06-09 17:17:52'),(130,'faq_schema_config','[[[{\"key\":\"question\",\"value\":\"What Shipping Methods Are Available?\"},{\"key\":\"answer\",\"value\":\"Ex Portland Pitchfork irure mustache. Eutra fap before they sold out literally. Aliquip ugh bicycle rights actually mlkshk, seitan squid craft beer tempor.\"}],[{\"key\":\"question\",\"value\":\"Do You Ship Internationally?\"},{\"key\":\"answer\",\"value\":\"Hoodie tote bag mixtape tofu. Typewriter jean shorts wolf quinoa, messenger bag organic freegan cray.\"}],[{\"key\":\"question\",\"value\":\"How Long Will It Take To Get My Package?\"},{\"key\":\"answer\",\"value\":\"Swag slow-carb quinoa VHS typewriter pork belly brunch, paleo single-origin coffee Wes Anderson. Flexitarian Pitchfork forage, literally paleo fap pour-over. Wes Anderson Pinterest YOLO fanny pack meggings, deep v XOXO chambray sustainable slow-carb raw denim church-key fap chillwave Etsy. +1 typewriter kitsch, American Apparel tofu Banksy Vice.\"}],[{\"key\":\"question\",\"value\":\"What Payment Methods Are Accepted?\"},{\"key\":\"answer\",\"value\":\"Fashion axe DIY jean shorts, swag kale chips meh polaroid kogi butcher Wes Anderson chambray next level semiotics gentrify yr. Voluptate photo booth fugiat Vice. Austin sed Williamsburg, ea labore raw denim voluptate cred proident mixtape excepteur mustache. Twee chia photo booth readymade food truck, hoodie roof party swag keytar PBR DIY.\"}],[{\"key\":\"question\",\"value\":\"Is Buying On-Line Safe?\"},{\"key\":\"answer\",\"value\":\"Art party authentic freegan semiotics jean shorts chia cred. Neutra Austin roof party Brooklyn, synth Thundercats swag 8-bit photo booth. Plaid letterpress leggings craft beer meh ethical Pinterest.\"}]]]',69,'Botble\\Ecommerce\\Models\\Product','2025-06-09 17:17:52','2025-06-09 17:17:52'),(131,'faq_schema_config','[[[{\"key\":\"question\",\"value\":\"What Shipping Methods Are Available?\"},{\"key\":\"answer\",\"value\":\"Ex Portland Pitchfork irure mustache. Eutra fap before they sold out literally. Aliquip ugh bicycle rights actually mlkshk, seitan squid craft beer tempor.\"}],[{\"key\":\"question\",\"value\":\"Do You Ship Internationally?\"},{\"key\":\"answer\",\"value\":\"Hoodie tote bag mixtape tofu. Typewriter jean shorts wolf quinoa, messenger bag organic freegan cray.\"}],[{\"key\":\"question\",\"value\":\"How Long Will It Take To Get My Package?\"},{\"key\":\"answer\",\"value\":\"Swag slow-carb quinoa VHS typewriter pork belly brunch, paleo single-origin coffee Wes Anderson. Flexitarian Pitchfork forage, literally paleo fap pour-over. Wes Anderson Pinterest YOLO fanny pack meggings, deep v XOXO chambray sustainable slow-carb raw denim church-key fap chillwave Etsy. +1 typewriter kitsch, American Apparel tofu Banksy Vice.\"}],[{\"key\":\"question\",\"value\":\"What Payment Methods Are Accepted?\"},{\"key\":\"answer\",\"value\":\"Fashion axe DIY jean shorts, swag kale chips meh polaroid kogi butcher Wes Anderson chambray next level semiotics gentrify yr. Voluptate photo booth fugiat Vice. Austin sed Williamsburg, ea labore raw denim voluptate cred proident mixtape excepteur mustache. Twee chia photo booth readymade food truck, hoodie roof party swag keytar PBR DIY.\"}],[{\"key\":\"question\",\"value\":\"Is Buying On-Line Safe?\"},{\"key\":\"answer\",\"value\":\"Art party authentic freegan semiotics jean shorts chia cred. Neutra Austin roof party Brooklyn, synth Thundercats swag 8-bit photo booth. Plaid letterpress leggings craft beer meh ethical Pinterest.\"}]]]',70,'Botble\\Ecommerce\\Models\\Product','2025-06-09 17:17:52','2025-06-09 17:17:52'),(132,'faq_schema_config','[[[{\"key\":\"question\",\"value\":\"What Shipping Methods Are Available?\"},{\"key\":\"answer\",\"value\":\"Ex Portland Pitchfork irure mustache. Eutra fap before they sold out literally. Aliquip ugh bicycle rights actually mlkshk, seitan squid craft beer tempor.\"}],[{\"key\":\"question\",\"value\":\"Do You Ship Internationally?\"},{\"key\":\"answer\",\"value\":\"Hoodie tote bag mixtape tofu. Typewriter jean shorts wolf quinoa, messenger bag organic freegan cray.\"}],[{\"key\":\"question\",\"value\":\"How Long Will It Take To Get My Package?\"},{\"key\":\"answer\",\"value\":\"Swag slow-carb quinoa VHS typewriter pork belly brunch, paleo single-origin coffee Wes Anderson. Flexitarian Pitchfork forage, literally paleo fap pour-over. Wes Anderson Pinterest YOLO fanny pack meggings, deep v XOXO chambray sustainable slow-carb raw denim church-key fap chillwave Etsy. +1 typewriter kitsch, American Apparel tofu Banksy Vice.\"}],[{\"key\":\"question\",\"value\":\"What Payment Methods Are Accepted?\"},{\"key\":\"answer\",\"value\":\"Fashion axe DIY jean shorts, swag kale chips meh polaroid kogi butcher Wes Anderson chambray next level semiotics gentrify yr. Voluptate photo booth fugiat Vice. Austin sed Williamsburg, ea labore raw denim voluptate cred proident mixtape excepteur mustache. Twee chia photo booth readymade food truck, hoodie roof party swag keytar PBR DIY.\"}],[{\"key\":\"question\",\"value\":\"Is Buying On-Line Safe?\"},{\"key\":\"answer\",\"value\":\"Art party authentic freegan semiotics jean shorts chia cred. Neutra Austin roof party Brooklyn, synth Thundercats swag 8-bit photo booth. Plaid letterpress leggings craft beer meh ethical Pinterest.\"}]]]',71,'Botble\\Ecommerce\\Models\\Product','2025-06-09 17:17:52','2025-06-09 17:17:52'),(133,'faq_schema_config','[[[{\"key\":\"question\",\"value\":\"What Shipping Methods Are Available?\"},{\"key\":\"answer\",\"value\":\"Ex Portland Pitchfork irure mustache. Eutra fap before they sold out literally. Aliquip ugh bicycle rights actually mlkshk, seitan squid craft beer tempor.\"}],[{\"key\":\"question\",\"value\":\"Do You Ship Internationally?\"},{\"key\":\"answer\",\"value\":\"Hoodie tote bag mixtape tofu. Typewriter jean shorts wolf quinoa, messenger bag organic freegan cray.\"}],[{\"key\":\"question\",\"value\":\"How Long Will It Take To Get My Package?\"},{\"key\":\"answer\",\"value\":\"Swag slow-carb quinoa VHS typewriter pork belly brunch, paleo single-origin coffee Wes Anderson. Flexitarian Pitchfork forage, literally paleo fap pour-over. Wes Anderson Pinterest YOLO fanny pack meggings, deep v XOXO chambray sustainable slow-carb raw denim church-key fap chillwave Etsy. +1 typewriter kitsch, American Apparel tofu Banksy Vice.\"}],[{\"key\":\"question\",\"value\":\"What Payment Methods Are Accepted?\"},{\"key\":\"answer\",\"value\":\"Fashion axe DIY jean shorts, swag kale chips meh polaroid kogi butcher Wes Anderson chambray next level semiotics gentrify yr. Voluptate photo booth fugiat Vice. Austin sed Williamsburg, ea labore raw denim voluptate cred proident mixtape excepteur mustache. Twee chia photo booth readymade food truck, hoodie roof party swag keytar PBR DIY.\"}],[{\"key\":\"question\",\"value\":\"Is Buying On-Line Safe?\"},{\"key\":\"answer\",\"value\":\"Art party authentic freegan semiotics jean shorts chia cred. Neutra Austin roof party Brooklyn, synth Thundercats swag 8-bit photo booth. Plaid letterpress leggings craft beer meh ethical Pinterest.\"}]]]',72,'Botble\\Ecommerce\\Models\\Product','2025-06-09 17:17:52','2025-06-09 17:17:52'),(134,'faq_schema_config','[[[{\"key\":\"question\",\"value\":\"What Shipping Methods Are Available?\"},{\"key\":\"answer\",\"value\":\"Ex Portland Pitchfork irure mustache. Eutra fap before they sold out literally. Aliquip ugh bicycle rights actually mlkshk, seitan squid craft beer tempor.\"}],[{\"key\":\"question\",\"value\":\"Do You Ship Internationally?\"},{\"key\":\"answer\",\"value\":\"Hoodie tote bag mixtape tofu. Typewriter jean shorts wolf quinoa, messenger bag organic freegan cray.\"}],[{\"key\":\"question\",\"value\":\"How Long Will It Take To Get My Package?\"},{\"key\":\"answer\",\"value\":\"Swag slow-carb quinoa VHS typewriter pork belly brunch, paleo single-origin coffee Wes Anderson. Flexitarian Pitchfork forage, literally paleo fap pour-over. Wes Anderson Pinterest YOLO fanny pack meggings, deep v XOXO chambray sustainable slow-carb raw denim church-key fap chillwave Etsy. +1 typewriter kitsch, American Apparel tofu Banksy Vice.\"}],[{\"key\":\"question\",\"value\":\"What Payment Methods Are Accepted?\"},{\"key\":\"answer\",\"value\":\"Fashion axe DIY jean shorts, swag kale chips meh polaroid kogi butcher Wes Anderson chambray next level semiotics gentrify yr. Voluptate photo booth fugiat Vice. Austin sed Williamsburg, ea labore raw denim voluptate cred proident mixtape excepteur mustache. Twee chia photo booth readymade food truck, hoodie roof party swag keytar PBR DIY.\"}],[{\"key\":\"question\",\"value\":\"Is Buying On-Line Safe?\"},{\"key\":\"answer\",\"value\":\"Art party authentic freegan semiotics jean shorts chia cred. Neutra Austin roof party Brooklyn, synth Thundercats swag 8-bit photo booth. Plaid letterpress leggings craft beer meh ethical Pinterest.\"}]]]',73,'Botble\\Ecommerce\\Models\\Product','2025-06-09 17:17:52','2025-06-09 17:17:52'),(135,'faq_schema_config','[[[{\"key\":\"question\",\"value\":\"What Shipping Methods Are Available?\"},{\"key\":\"answer\",\"value\":\"Ex Portland Pitchfork irure mustache. Eutra fap before they sold out literally. Aliquip ugh bicycle rights actually mlkshk, seitan squid craft beer tempor.\"}],[{\"key\":\"question\",\"value\":\"Do You Ship Internationally?\"},{\"key\":\"answer\",\"value\":\"Hoodie tote bag mixtape tofu. Typewriter jean shorts wolf quinoa, messenger bag organic freegan cray.\"}],[{\"key\":\"question\",\"value\":\"How Long Will It Take To Get My Package?\"},{\"key\":\"answer\",\"value\":\"Swag slow-carb quinoa VHS typewriter pork belly brunch, paleo single-origin coffee Wes Anderson. Flexitarian Pitchfork forage, literally paleo fap pour-over. Wes Anderson Pinterest YOLO fanny pack meggings, deep v XOXO chambray sustainable slow-carb raw denim church-key fap chillwave Etsy. +1 typewriter kitsch, American Apparel tofu Banksy Vice.\"}],[{\"key\":\"question\",\"value\":\"What Payment Methods Are Accepted?\"},{\"key\":\"answer\",\"value\":\"Fashion axe DIY jean shorts, swag kale chips meh polaroid kogi butcher Wes Anderson chambray next level semiotics gentrify yr. Voluptate photo booth fugiat Vice. Austin sed Williamsburg, ea labore raw denim voluptate cred proident mixtape excepteur mustache. Twee chia photo booth readymade food truck, hoodie roof party swag keytar PBR DIY.\"}],[{\"key\":\"question\",\"value\":\"Is Buying On-Line Safe?\"},{\"key\":\"answer\",\"value\":\"Art party authentic freegan semiotics jean shorts chia cred. Neutra Austin roof party Brooklyn, synth Thundercats swag 8-bit photo booth. Plaid letterpress leggings craft beer meh ethical Pinterest.\"}]]]',74,'Botble\\Ecommerce\\Models\\Product','2025-06-09 17:17:52','2025-06-09 17:17:52'),(136,'faq_schema_config','[[[{\"key\":\"question\",\"value\":\"What Shipping Methods Are Available?\"},{\"key\":\"answer\",\"value\":\"Ex Portland Pitchfork irure mustache. Eutra fap before they sold out literally. Aliquip ugh bicycle rights actually mlkshk, seitan squid craft beer tempor.\"}],[{\"key\":\"question\",\"value\":\"Do You Ship Internationally?\"},{\"key\":\"answer\",\"value\":\"Hoodie tote bag mixtape tofu. Typewriter jean shorts wolf quinoa, messenger bag organic freegan cray.\"}],[{\"key\":\"question\",\"value\":\"How Long Will It Take To Get My Package?\"},{\"key\":\"answer\",\"value\":\"Swag slow-carb quinoa VHS typewriter pork belly brunch, paleo single-origin coffee Wes Anderson. Flexitarian Pitchfork forage, literally paleo fap pour-over. Wes Anderson Pinterest YOLO fanny pack meggings, deep v XOXO chambray sustainable slow-carb raw denim church-key fap chillwave Etsy. +1 typewriter kitsch, American Apparel tofu Banksy Vice.\"}],[{\"key\":\"question\",\"value\":\"What Payment Methods Are Accepted?\"},{\"key\":\"answer\",\"value\":\"Fashion axe DIY jean shorts, swag kale chips meh polaroid kogi butcher Wes Anderson chambray next level semiotics gentrify yr. Voluptate photo booth fugiat Vice. Austin sed Williamsburg, ea labore raw denim voluptate cred proident mixtape excepteur mustache. Twee chia photo booth readymade food truck, hoodie roof party swag keytar PBR DIY.\"}],[{\"key\":\"question\",\"value\":\"Is Buying On-Line Safe?\"},{\"key\":\"answer\",\"value\":\"Art party authentic freegan semiotics jean shorts chia cred. Neutra Austin roof party Brooklyn, synth Thundercats swag 8-bit photo booth. Plaid letterpress leggings craft beer meh ethical Pinterest.\"}]]]',75,'Botble\\Ecommerce\\Models\\Product','2025-06-09 17:17:52','2025-06-09 17:17:52');
/*!40000 ALTER TABLE `meta_boxes` ENABLE KEYS */;
UNLOCK TABLES;

--
-- Table structure for table `migrations`
--

DROP TABLE IF EXISTS `migrations`;
/*!40101 SET @saved_cs_client     = @@character_set_client */;
/*!50503 SET character_set_client = utf8mb4 */;
CREATE TABLE `migrations` (
  `id` int unsigned NOT NULL AUTO_INCREMENT,
  `migration` varchar(191) COLLATE utf8mb4_unicode_ci NOT NULL,
  `batch` int NOT NULL,
  PRIMARY KEY (`id`)
) ENGINE=InnoDB AUTO_INCREMENT=213 DEFAULT CHARSET=utf8mb4 COLLATE=utf8mb4_unicode_ci;
/*!40101 SET character_set_client = @saved_cs_client */;

--
-- Dumping data for table `migrations`
--

LOCK TABLES `migrations` WRITE;
/*!40000 ALTER TABLE `migrations` DISABLE KEYS */;
INSERT INTO `migrations` VALUES (1,'0001_01_01_000001_create_cache_table',1),(2,'2013_04_09_032329_create_base_tables',1),(3,'2013_04_09_062329_create_revisions_table',1),(4,'2014_10_12_000000_create_users_table',1),(5,'2014_10_12_100000_create_password_reset_tokens_table',1),(6,'2016_06_10_230148_create_acl_tables',1),(7,'2016_06_14_230857_create_menus_table',1),(8,'2016_06_28_221418_create_pages_table',1),(9,'2016_10_05_074239_create_setting_table',1),(10,'2016_11_28_032840_create_dashboard_widget_tables',1),(11,'2016_12_16_084601_create_widgets_table',1),(12,'2017_05_09_070343_create_media_tables',1),(13,'2017_11_03_070450_create_slug_table',1),(14,'2019_01_05_053554_create_jobs_table',1),(15,'2019_08_19_000000_create_failed_jobs_table',1),(16,'2019_12_14_000001_create_personal_access_tokens_table',1),(17,'2022_04_20_100851_add_index_to_media_table',1),(18,'2022_04_20_101046_add_index_to_menu_table',1),(19,'2022_07_10_034813_move_lang_folder_to_root',1),(20,'2022_08_04_051940_add_missing_column_expires_at',1),(21,'2022_09_01_000001_create_admin_notifications_tables',1),(22,'2022_10_14_024629_drop_column_is_featured',1),(23,'2022_11_18_063357_add_missing_timestamp_in_table_settings',1),(24,'2022_12_02_093615_update_slug_index_columns',1),(25,'2023_01_30_024431_add_alt_to_media_table',1),(26,'2023_02_16_042611_drop_table_password_resets',1),(27,'2023_04_23_005903_add_column_permissions_to_admin_notifications',1),(28,'2023_05_10_075124_drop_column_id_in_role_users_table',1),(29,'2023_08_21_090810_make_page_content_nullable',1),(30,'2023_08_26_080444_fix_missing_copyright_widget',1),(31,'2023_09_07_025340_activate_mollie_and_sale_popup_plugin',1),(32,'2023_09_14_021936_update_index_for_slugs_table',1),(33,'2023_10_27_023808_update_page_metabox',1),(34,'2023_11_22_071805_migrate_header_messages_to_announcements_table',1),(35,'2023_12_07_095130_add_color_column_to_media_folders_table',1),(36,'2023_12_17_162208_make_sure_column_color_in_media_folders_nullable',1),(37,'2024_03_25_000000_migrate_rename_shortcode_contact_box_to_contact_form',1),(38,'2024_04_04_110758_update_value_column_in_user_meta_table',1),(39,'2024_05_12_091229_add_column_visibility_to_table_media_files',1),(40,'2024_07_07_091316_fix_column_url_in_menu_nodes_table',1),(41,'2024_07_12_100000_change_random_hash_for_media',1),(42,'2024_09_30_024515_create_sessions_table',1),(43,'2020_11_18_150916_ads_create_ads_table',2),(44,'2021_12_02_035301_add_ads_translations_table',2),(45,'2023_04_17_062645_add_open_in_new_tab',2),(46,'2023_11_07_023805_add_tablet_mobile_image',2),(47,'2024_04_01_043317_add_google_adsense_slot_id_to_ads_table',2),(48,'2025_04_21_000000_add_tablet_mobile_image_to_ads_translations_table',2),(49,'2024_04_27_100730_improve_analytics_setting',3),(50,'2023_08_11_060908_create_announcements_table',4),(51,'2025_02_11_153025_add_action_label_to_announcement_translations',4),(52,'2015_06_29_025744_create_audit_history',5),(53,'2023_11_14_033417_change_request_column_in_table_audit_histories',5),(54,'2025_05_05_000001_add_user_type_to_audit_histories_table',5),(55,'2015_06_18_033822_create_blog_table',6),(56,'2021_02_16_092633_remove_default_value_for_author_type',6),(57,'2021_12_03_030600_create_blog_translations',6),(58,'2022_04_19_113923_add_index_to_table_posts',6),(59,'2023_08_29_074620_make_column_author_id_nullable',6),(60,'2024_07_30_091615_fix_order_column_in_categories_table',6),(61,'2025_01_06_033807_add_default_value_for_categories_author_type',6),(62,'2016_06_17_091537_create_contacts_table',7),(63,'2023_11_10_080225_migrate_contact_blacklist_email_domains_to_core',7),(64,'2024_03_20_080001_migrate_change_attribute_email_to_nullable_form_contacts_table',7),(65,'2024_03_25_000001_update_captcha_settings_for_contact',7),(66,'2024_04_19_063914_create_custom_fields_table',7),(67,'2020_03_05_041139_create_ecommerce_tables',8),(68,'2021_01_01_044147_ecommerce_create_flash_sale_table',8),(69,'2021_01_17_082713_add_column_is_featured_to_product_collections_table',8),(70,'2021_01_18_024333_add_zip_code_into_table_customer_addresses',8),(71,'2021_02_18_073505_update_table_ec_reviews',8),(72,'2021_03_10_024419_add_column_confirmed_at_to_table_ec_customers',8),(73,'2021_03_10_025153_change_column_tax_amount',8),(74,'2021_03_20_033103_add_column_availability_to_table_ec_products',8),(75,'2021_04_28_074008_ecommerce_create_product_label_table',8),(76,'2021_05_31_173037_ecommerce_create_ec_products_translations',8),(77,'2021_08_17_105016_remove_column_currency_id_in_some_tables',8),(78,'2021_08_30_142128_add_images_column_to_ec_reviews_table',8),(79,'2021_10_04_030050_add_column_created_by_to_table_ec_products',8),(80,'2021_10_05_122616_add_status_column_to_ec_customers_table',8),(81,'2021_11_03_025806_nullable_phone_number_in_ec_customer_addresses',8),(82,'2021_11_23_071403_correct_languages_for_product_variations',8),(83,'2021_11_28_031808_add_product_tags_translations',8),(84,'2021_12_01_031123_add_featured_image_to_ec_products',8),(85,'2022_01_01_033107_update_table_ec_shipments',8),(86,'2022_02_16_042457_improve_product_attribute_sets',8),(87,'2022_03_22_075758_correct_product_name',8),(88,'2022_04_19_113334_add_index_to_ec_products',8),(89,'2022_04_28_144405_remove_unused_table',8),(90,'2022_05_05_115015_create_ec_customer_recently_viewed_products_table',8),(91,'2022_05_18_143720_add_index_to_table_ec_product_categories',8),(92,'2022_06_16_095633_add_index_to_some_tables',8),(93,'2022_06_30_035148_create_order_referrals_table',8),(94,'2022_07_24_153815_add_completed_at_to_ec_orders_table',8),(95,'2022_08_14_032836_create_ec_order_returns_table',8),(96,'2022_08_14_033554_create_ec_order_return_items_table',8),(97,'2022_08_15_040324_add_billing_address',8),(98,'2022_08_30_091114_support_digital_products_table',8),(99,'2022_09_13_095744_create_options_table',8),(100,'2022_09_13_104347_create_option_value_table',8),(101,'2022_10_05_163518_alter_table_ec_order_product',8),(102,'2022_10_12_041517_create_invoices_table',8),(103,'2022_10_12_142226_update_orders_table',8),(104,'2022_10_13_024916_update_table_order_returns',8),(105,'2022_10_21_030830_update_columns_in_ec_shipments_table',8),(106,'2022_10_28_021046_update_columns_in_ec_shipments_table',8),(107,'2022_11_16_034522_update_type_column_in_ec_shipping_rules_table',8),(108,'2022_11_19_041643_add_ec_tax_product_table',8),(109,'2022_12_12_063830_update_tax_defadult_in_ec_tax_products_table',8),(110,'2022_12_17_041532_fix_address_in_order_invoice',8),(111,'2022_12_26_070329_create_ec_product_views_table',8),(112,'2023_01_04_033051_fix_product_categories',8),(113,'2023_01_09_050400_add_ec_global_options_translations_table',8),(114,'2023_01_10_093754_add_missing_option_value_id',8),(115,'2023_01_17_082713_add_column_barcode_and_cost_per_item_to_product_table',8),(116,'2023_01_26_021854_add_ec_customer_used_coupons_table',8),(117,'2023_02_08_015900_update_options_column_in_ec_order_product_table',8),(118,'2023_02_27_095752_remove_duplicate_reviews',8),(119,'2023_03_20_115757_add_user_type_column_to_ec_shipment_histories_table',8),(120,'2023_04_21_082427_create_ec_product_categorizables_table',8),(121,'2023_05_03_011331_add_missing_column_price_into_invoice_items_table',8),(122,'2023_05_17_025812_fix_invoice_issue',8),(123,'2023_05_26_073140_move_option_make_phone_field_optional_at_checkout_page_to_mandatory_fields',8),(124,'2023_05_27_144611_fix_exchange_rate_setting',8),(125,'2023_06_22_084331_add_generate_license_code_to_ec_products_table',8),(126,'2023_06_30_042512_create_ec_order_tax_information_table',8),(127,'2023_07_14_022724_remove_column_id_from_ec_product_collection_products',8),(128,'2023_08_09_012940_remove_column_status_in_ec_product_attributes',8),(129,'2023_08_15_064505_create_ec_tax_rules_table',8),(130,'2023_08_21_021819_make_column_address_in_ec_customer_addresses_nullable',8),(131,'2023_08_22_094114_drop_unique_for_barcode',8),(132,'2023_08_30_031811_add_apply_via_url_column_to_ec_discounts_table',8),(133,'2023_09_07_094312_add_index_to_product_sku_and_translations',8),(134,'2023_09_19_024955_create_discount_product_categories_table',8),(135,'2023_10_17_070728_add_icon_and_icon_image_to_product_categories_table',8),(136,'2023_11_22_154643_add_unique_in_table_ec_products_variations',8),(137,'2023_11_27_032313_add_price_columns_to_ec_product_cross_sale_relations_table',8),(138,'2023_12_06_023945_add_display_on_checkout_column_to_ec_discounts_table',8),(139,'2023_12_25_040604_ec_create_review_replies_table',8),(140,'2023_12_26_090340_add_private_notes_column_to_ec_customers_table',8),(141,'2024_01_16_070706_fix_translation_tables',8),(142,'2024_01_23_075227_add_proof_file_to_ec_orders_table',8),(143,'2024_03_26_041531_add_cancel_reason_to_ec_orders_table',8),(144,'2024_03_27_062402_create_ec_customer_deletion_requests_table',8),(145,'2024_03_29_042242_migrate_old_captcha_settings',8),(146,'2024_03_29_093946_create_ec_order_return_histories_table',8),(147,'2024_04_01_063523_add_customer_columns_to_ec_reviews_table',8),(148,'2024_04_15_092654_migrate_ecommerce_google_tag_manager_code_setting',8),(149,'2024_04_16_035713_add_min_max_order_quantity_columns_to_products_table',8),(150,'2024_05_07_073153_improve_table_wishlist',8),(151,'2024_05_07_093703_add_missing_zip_code_into_table_store_locators',8),(152,'2024_05_15_021503_fix_invoice_path',8),(153,'2024_06_20_160724_create_ec_shared_wishlists_table',8),(154,'2024_06_28_025104_add_notify_attachment_updated_column_to_ec_products_table',8),(155,'2024_07_03_030900_add_downloaded_at_column_to_ec_order_product_table',8),(156,'2024_07_14_071826_make_customer_email_nullable',8),(157,'2024_07_15_104916_add_video_media_column_to_ec_products_table',8),(158,'2024_07_26_052530_add_percentage_to_tax_rules_table',8),(159,'2024_08_14_123028_add_customer_delivered_confirmed_at_column_to_ec_shipments_table',8),(160,'2024_08_19_132849_create_specification_tables',8),(161,'2024_09_07_060744_add_author_column_to_specification_tables',8),(162,'2024_09_14_064023_add_can_use_with_flash_sale_column_to_ec_discounts_table',8),(163,'2024_09_25_073928_remove_wrong_product_slugs',8),(164,'2025_01_15_050230_migrate_old_theme_options',8),(165,'2025_01_17_082713_correct_column_barcode_and_cost_per_item_to_product_table',8),(166,'2025_01_24_044641_migrate_old_country_data',8),(167,'2025_01_28_233602_add_private_notes_into_ec_orders_table',8),(168,'2025_02_13_021247_add_tax_translations',8),(169,'2025_02_24_152621_add_text_color_to_product_labels_table',8),(170,'2025_04_12_000001_add_payment_fee_to_ec_orders_table',8),(171,'2025_04_12_000002_add_payment_fee_to_ec_invoices_table',8),(172,'2025_05_05_092036_make_user_id_and_tax_amount_nullable',8),(173,'2025_05_15_082342_drop_email_unique_index_in_ec_customers_table',8),(174,'2025_06_07_081731_add_translations_for_specification_groups_and_tables',8),(175,'2018_07_09_221238_create_faq_table',9),(176,'2021_12_03_082134_create_faq_translations',9),(177,'2023_11_17_063408_add_description_column_to_faq_categories_table',9),(178,'2016_10_13_150201_create_galleries_table',10),(179,'2021_12_03_082953_create_gallery_translations',10),(180,'2022_04_30_034048_create_gallery_meta_translations_table',10),(181,'2023_08_29_075308_make_column_user_id_nullable',10),(182,'2016_10_03_032336_create_languages_table',11),(183,'2023_09_14_022423_add_index_for_language_table',11),(184,'2021_10_25_021023_fix-priority-load-for-language-advanced',12),(185,'2021_12_03_075608_create_page_translations',12),(186,'2023_07_06_011444_create_slug_translations_table',12),(187,'2019_11_18_061011_create_country_table',13),(188,'2021_12_03_084118_create_location_translations',13),(189,'2021_12_03_094518_migrate_old_location_data',13),(190,'2021_12_10_034440_switch_plugin_location_to_use_language_advanced',13),(191,'2022_01_16_085908_improve_plugin_location',13),(192,'2022_08_04_052122_delete_location_backup_tables',13),(193,'2023_04_23_061847_increase_state_translations_abbreviation_column',13),(194,'2023_07_26_041451_add_more_columns_to_location_table',13),(195,'2023_07_27_041451_add_more_columns_to_location_translation_table',13),(196,'2023_08_15_073307_drop_unique_in_states_cities_translations',13),(197,'2023_10_21_065016_make_state_id_in_table_cities_nullable',13),(198,'2024_08_17_094600_add_image_into_countries',13),(199,'2025_01_08_093652_add_zip_code_to_cities',13),(200,'2017_10_24_154832_create_newsletter_table',14),(201,'2024_03_25_000001_update_captcha_settings_for_newsletter',14),(202,'2017_05_18_080441_create_payment_tables',15),(203,'2021_03_27_144913_add_customer_type_into_table_payments',15),(204,'2021_05_24_034720_make_column_currency_nullable',15),(205,'2021_08_09_161302_add_metadata_column_to_payments_table',15),(206,'2021_10_19_020859_update_metadata_field',15),(207,'2022_06_28_151901_activate_paypal_stripe_plugin',15),(208,'2022_07_07_153354_update_charge_id_in_table_payments',15),(209,'2024_07_04_083133_create_payment_logs_table',15),(210,'2025_04_12_000003_add_payment_fee_to_payments_table',15),(211,'2025_05_22_000001_add_payment_fee_type_to_settings_table',15),(212,'2017_07_11_140018_create_simple_slider_table',16);
/*!40000 ALTER TABLE `migrations` ENABLE KEYS */;
UNLOCK TABLES;

--
-- Table structure for table `newsletters`
--

DROP TABLE IF EXISTS `newsletters`;
/*!40101 SET @saved_cs_client     = @@character_set_client */;
/*!50503 SET character_set_client = utf8mb4 */;
CREATE TABLE `newsletters` (
  `id` bigint unsigned NOT NULL AUTO_INCREMENT,
  `email` varchar(120) COLLATE utf8mb4_unicode_ci NOT NULL,
  `name` varchar(120) COLLATE utf8mb4_unicode_ci DEFAULT NULL,
  `status` varchar(60) COLLATE utf8mb4_unicode_ci NOT NULL DEFAULT 'subscribed',
  `created_at` timestamp NULL DEFAULT NULL,
  `updated_at` timestamp NULL DEFAULT NULL,
  PRIMARY KEY (`id`)
) ENGINE=InnoDB DEFAULT CHARSET=utf8mb4 COLLATE=utf8mb4_unicode_ci;
/*!40101 SET character_set_client = @saved_cs_client */;

--
-- Dumping data for table `newsletters`
--

LOCK TABLES `newsletters` WRITE;
/*!40000 ALTER TABLE `newsletters` DISABLE KEYS */;
/*!40000 ALTER TABLE `newsletters` ENABLE KEYS */;
UNLOCK TABLES;

--
-- Table structure for table `pages`
--

DROP TABLE IF EXISTS `pages`;
/*!40101 SET @saved_cs_client     = @@character_set_client */;
/*!50503 SET character_set_client = utf8mb4 */;
CREATE TABLE `pages` (
  `id` bigint unsigned NOT NULL AUTO_INCREMENT,
  `name` varchar(120) COLLATE utf8mb4_unicode_ci NOT NULL,
  `content` longtext COLLATE utf8mb4_unicode_ci,
  `user_id` bigint unsigned DEFAULT NULL,
  `image` varchar(191) COLLATE utf8mb4_unicode_ci DEFAULT NULL,
  `template` varchar(60) COLLATE utf8mb4_unicode_ci DEFAULT NULL,
  `description` varchar(400) COLLATE utf8mb4_unicode_ci DEFAULT NULL,
  `status` varchar(60) COLLATE utf8mb4_unicode_ci NOT NULL DEFAULT 'published',
  `created_at` timestamp NULL DEFAULT NULL,
  `updated_at` timestamp NULL DEFAULT NULL,
  PRIMARY KEY (`id`),
  KEY `pages_user_id_index` (`user_id`)
) ENGINE=InnoDB AUTO_INCREMENT=12 DEFAULT CHARSET=utf8mb4 COLLATE=utf8mb4_unicode_ci;
/*!40101 SET character_set_client = @saved_cs_client */;

--
-- Dumping data for table `pages`
--

LOCK TABLES `pages` WRITE;
/*!40000 ALTER TABLE `pages` DISABLE KEYS */;
INSERT INTO `pages` VALUES (1,'Wooden Home','[simple-slider key=\"slider-home-1\" style=\"wooden\" ads_1=\"IYHICPADQD5X\" ads_2=\"R4YAV9FECJUS\"][/simple-slider][product-categories title=&quot;Top &lt;span&gt;Categories&lt;/span&gt;&quot; category_ids=&quot;10,11,12,13,14,15&quot; style=&quot;wooden&quot; enable_lazy_loading=&quot;yes&quot;][/product-categories][products style=&quot;wooden&quot; title=&quot;Popular &lt;span&gt;Products&lt;/span&gt;&quot; limit=&quot;10&quot; enable_lazy_loading=&quot;yes&quot;][/products][deal-product flash_sale_id=\"1\" style=\"wooden\" enable_lazy_loading=\"yes\"][/deal-product][gallery title=\"ninico-shop\" limit=\"6\" subtitle=\"Follow On\" enable_lazy_loading=\"yes\"][/gallery]',1,NULL,'full-width',NULL,'published','2025-06-09 17:17:38','2025-06-09 17:17:38'),(2,'Fashion Home','[simple-slider key=\"slider-home-2\" style=\"fashion\"][/simple-slider][product-categories title=&quot;Top &lt;span&gt;Categories&lt;/span&gt;&quot; category_ids=&quot;1,2,3,4&quot; style=&quot;fashion&quot; enable_lazy_loading=&quot;yes&quot;][/product-categories][products style=&quot;fashion&quot; title=&quot;Popular &lt;span&gt;Products&lt;/span&gt;&quot; limit=&quot;10&quot; enable_lazy_loading=&quot;yes&quot;][/products][theme-ads key_1=\"QPTCBJBOJOSY\" key_2=\"T2VFLDYYIJEH\" enable_lazy_loading=\"yes\"][/theme-ads][featured-posts title=\"Popular Posts\" limit=\"4\" enable_lazy_loading=\"yes\"][/featured-posts][brands title=\"Happy Sponsors\" quantity=\"6\" name_1=\"Bustle\" image_1=\"brands/brand-01.png\" link_1=\"#\" name_2=\"Bazaar\" image_2=\"brands/brand-02.png\" link_2=\"#\" name_3=\"goop\" image_3=\"brands/brand-03.png\" link_3=\"#\" name_4=\"Brit + Co\" image_4=\"brands/brand-04.png\" link_4=\"#\" name_5=\"The Coveteur\" image_5=\"brands/brand-05.png\" link_5=\"#\" name_6=\"allure\" image_6=\"brands/brand-06.png\" link_6=\"#\" enable_lazy_loading=\"yes\"][/brands]',1,NULL,'full-width',NULL,'published','2025-06-09 17:17:38','2025-06-09 17:17:38'),(3,'Furniture Home','[simple-slider key=\"slider-furniture\" style=\"furniture\"][/simple-slider][services quantity=\"4\" title_1=\"Free shipping\" description_1=\"Free shipping on orders over.\" image_1=\"icons/box.png\" title_2=\"Free Returns\" description_2=\"30-days free return policy\" image_2=\"icons/car.png\" title_3=\"Secured Payments\" description_3=\"We accept all major credit cards\" image_3=\"icons/payment.png\" title_4=\"Customer Service\" description_4=\"Top notch customer service\" image_4=\"icons/hours.png\" enable_lazy_loading=\"yes\"][/services][products style=&quot;wooden&quot; title=&quot;Popular &lt;span&gt;Products&lt;/span&gt;&quot; limit=&quot;10&quot; enable_lazy_loading=&quot;yes&quot;][/products][theme-ads style=\"furniture\" key_1=\"JO7LLJHFH1RO\" key_2=\"L8GDJUBVD2TQ\" key_3=\"PXJPAXLOCVRS\" enable_lazy_loading=\"yes\"][/theme-ads][deal-product flash_sale_id=\"1\" enable_lazy_loading=\"yes\"][/deal-product][products-slide title=\"Top Sell In Month\" limit=\"5\" type=\"trending\" enable_lazy_loading=\"yes\"][/products-slide][brands title=\"Happy Sponsors\" background_color=\"#040404\" quantity=\"6\" name_1=\"Bustle\" image_1=\"brands/brand-w-01.png\" link_1=\"https://www.bustle.com\" name_2=\"Bazaar\" image_2=\"brands/brand-w-02.png\" link_2=\"https://www.harpersbazaar.com\" name_3=\"Goop\" image_3=\"brands/brand-w-03.png\" link_3=\"https://goop.com/\" name_4=\"Brit + Co\" image_4=\"brands/brand-w-04.png\" link_4=\"https://www.brit.co\" name_5=\"The Couture Club\" image_5=\"brands/brand-w-05.png\" link_5=\"https://www.thecoutureclub.com\" name_6=\"Allure\" image_6=\"brands/brand-w-06.png\" link_6=\"https://www.allure.com\" enable_lazy_loading=\"yes\"][/brands][featured-posts title=\"Blog & Insights\" limit=\"4\" type=\"popular\" url=\"/blog\" enable_lazy_loading=\"yes\"][/featured-posts]',1,NULL,'full-width',NULL,'published','2025-06-09 17:17:38','2025-06-09 17:17:38'),(4,'Cosmetics Home','[simple-slider key=\"slider-cosmetics\" style=\"cosmetics\"][/simple-slider][brands background_color=\"#F7EFEC\" quantity=\"6\" name_1=\"Bustle\" image_1=\"brands/pla-brand-01.png\" link_1=\"https://www.bustle.com\" name_2=\"Bazaar\" image_2=\"brands/pla-brand-02.png\" link_2=\"https://www.harpersbazaar.com\" name_3=\"Goop\" image_3=\"brands/pla-brand-03.png\" link_3=\"https://goop.com/\" name_4=\"Brit + Co\" image_4=\"brands/pla-brand-04.png\" link_4=\"https://www.brit.co\" name_5=\"The Couture Club\" image_5=\"brands/pla-brand-05.png\" link_5=\"https://www.thecoutureclub.com\" name_6=\"Allure\" image_6=\"brands/pla-brand-06.png\" link_6=\"https://www.allure.com\" enable_lazy_loading=\"yes\"][/brands][product-collections collection_ids=\"4,5,6,7\" enable_lazy_loading=\"yes\"][/product-collections][products style=&quot;wooden&quot; title=&quot;Popular &lt;span&gt;Products&lt;/span&gt;&quot; limit=&quot;4&quot; enable_lazy_loading=&quot;yes&quot;][/products][product-categories category_ids=\"10,11,12,13,14,15\" style=\"cosmetics\" enable_lazy_loading=\"yes\"][/product-categories][deal-product flash_sale_id=\"1\" style=\"cosmetics\" marque_text=\"Great Deal Of The Day Shop Now\" marque_highlight_text=\"Shop Now\" marque_highlight_url=\"/products\" highlight_background=\"blog/9.jpg\" enable_lazy_loading=\"yes\"][/deal-product][testimonials title=\"User Feedbacks\" limit=\"3\" enable_lazy_loading=\"yes\"][/testimonials][featured-posts title=\"Blog & Insights\" limit=\"4\" type=\"popular\" url=\"/blog\" enable_lazy_loading=\"yes\"][/featured-posts]',1,NULL,'full-width',NULL,'published','2025-06-09 17:17:38','2025-06-09 17:17:38'),(5,'Food Grocery Home','[simple-slider key=\"slider-grocery\" style=\"grocery\" ads_1=\"EMRCINED6AX9\" ads_2=\"JVMDAIB9HO2I\" background_image=\"banners/banner-bg-05.jpg\"][/simple-slider][services quantity=\"4\" title_1=\"Free shipping\" description_1=\"Free shipping on orders over.\" image_1=\"icons/box.png\" title_2=\"Free Returns\" description_2=\"30-days free return policy\" image_2=\"icons/car.png\" title_3=\"Secured Payments\" description_3=\"We accept all major credit cards\" image_3=\"icons/payment.png\" title_4=\"Customer Service\" description_4=\"Top notch customer service\" image_4=\"icons/hours.png\" enable_lazy_loading=\"yes\"][/services][products style=&quot;wooden&quot; title=&quot;Popular &lt;span&gt;Products&lt;/span&gt;&quot; limit=&quot;10&quot; enable_lazy_loading=&quot;yes&quot;][/products][deal-product flash_sale_id=\"1\" style=\"cosmetics\" enable_lazy_loading=\"yes\"][/deal-product][products-by-categories category_ids=\"2,3,6,11\" number_of_products=\"4\" enable_lazy_loading=\"yes\"][/products-by-categories][testimonials title=\"User Feedbacks\" limit=\"3\" background_color=\"#F7EFEC\" card_color=\"#FFFFFF\" enable_lazy_loading=\"yes\"][/testimonials][featured-posts title=\"Blog & Insights\" limit=\"4\" url=\"/blog\" enable_lazy_loading=\"yes\"][/featured-posts]',1,NULL,'full-width',NULL,'published','2025-06-09 17:17:38','2025-06-09 17:17:38'),(6,'Blog',NULL,1,NULL,NULL,NULL,'published','2025-06-09 17:17:38','2025-06-09 17:17:38'),(7,'About','[about image_1=\"banners/about-img-1.jpg\" image_2=\"banners/about-img-2.jpg\" logo=\"banners/about-img-3.png\" title=\"About Our Story\" subtitle=\"About Us\" story_text_1=\"Publish your eCommerce site quickly with our easy-to-use store builder— no coding required. Migrate your items from your point of sale system or turn your Instagram feed into a shopping site and start selling fast. Square Online works for all kinds of businesses—retail, restaurants, services without costly customization or add ons. Get orders to your customers in lots of ways by offering shipping, pickup, delivery, and even QR code ordering.\" story_text_2=\"Expand your reach and sell more using seamless integrations with Google, Instagram, Facebook, and more. Built- in SEO tools make it easy for shoppers to find your business on search engines. Get access to the entire suite of integrated Square solutions to help you run your business. Integration between Square Online and all Square point of sale systems makes inventory management easy. Subscribe to Square Marketing and easily send email promotions to your customers using the contact information.\" list_item_1=\"Orders go right to your restaurant point of sale, KDS, and kitchen\" list_item_url_1=\"#\" list_item_2=\"Provide in-person pickup, & delivery by professional couriers\" list_item_url_2=\"#\" list_item_3=\"Offer in-person diners self-serve, contactless ordering via QR codes.\" list_item_url_3=\"#\" enable_lazy_loading=\"yes\"][/about][team title=\"Meet With Team\" subtitle=\"Team\" team_ids=\"1,2,3,4\"][/team][features quantity=\"2\" title_1=\"Solutions that work together\" subtitle_1=\"Features #01\" description_1=\"Publish your eCommerce site quickly with our easy-to-use store builder— no coding required. Migrate your items from your point of sale system or turn your Instagram feed into a shopping site and start selling fast. Square Online works for all kinds of businesses—retail, restaurants, services.\" image_1=\"banners/about-banner-1.jpg\" button_label_1=\"Get In Touch\" button_url_1=\"#\" title_2=\"All kinds of payments securely\" subtitle_2=\"Features #02\" description_2=\"Publish your eCommerce site quickly with our easy-to-use store builder— no coding required. Migrate your items from your point of sale system or turn your Instagram feed into a shopping site and start selling fast. Square Online works for all kinds of businesses—retail, restaurants, services.\" image_2=\"banners/about-banner-2.jpg\" button_label_2=\"Contact With Us\" button_url_2=\"#\" enable_lazy_loading=\"yes\"][/features]',1,NULL,'default',NULL,'published','2025-06-09 17:17:38','2025-06-09 17:17:38'),(8,'Contact','[contact-box title=\"Get In Touch\" address=\"24/26 Strait Bargate, Boston, PE21, United Kingdom\" phone=\" +098 (905) 786 897 8\" email=\"ninico@example.com\" hours=\"10 am - 10 pm EST, 7 days a week\" show_contact_form=\"1\" button_label_1=\"Get Support On Call\" button_url_1=\"#\" button_icon_1=\"fa fa-headphones-alt\" button_label_2=\"Get Direction\" button_url_2=\"#\" button_icon_2=\"fa fa-map-marker-alt\"][/contact-box][google-map]24/26 Strait Bargate, Boston, PE21, United Kingdom[/google-map]',1,NULL,NULL,NULL,'published','2025-06-09 17:17:38','2025-06-09 17:17:38'),(9,'Coming soon','[coming-soon title=\"We are Coming Soon\" subtitle=\"Coming Soon!\" time=\"2025-10-24\" background_image=\"banners/coming-soon.jpg\" logo_style=\"general/logo-white.png\" show_subscribe_form=\"1\"][/coming-soon]',1,NULL,'blank',NULL,'published','2025-06-09 17:17:38','2025-06-09 17:17:38'),(10,'Store Locator','[shop-location quantity=\"4\" name_1=\"Baldwin Hills Crenshaw Plaza\" address_1=\"24/26 Strait Bargate, Boston, PE21, United Kingdom\" phone_1=\"+098 (905) 786 897 8\" hours_1=\"10 am - 10 pm EST, 7 days a week\" image_1=\"shop/location-1.png\" name_2=\"Ninico Hills Crenshaw Plaza\" address_2=\" 36/26 Strait Bargate, Boston, PE21, United Kingdom\" phone_2=\"+098 112 786 897 8\" hours_2=\"9 am - 10 pm EST, 5 days a week\" image_2=\"shop/location-2.png\" name_3=\"Vegas BGM Crenshaw Plaza\" address_3=\"40/26 Strait Bargate, Vegas, PE21, United Kingdom\" phone_3=\" +098 (905) 786 897 8\" hours_3=\"10 am - 10 pm EST, 7 days a week\" image_3=\"shop/location-3.png\" name_4=\"Bargate Cine Crenshaw Plaza\" address_4=\"38/26 Strait Bargate, Point, PE21, United Kingdom\" phone_4=\"6 - 146 - 389 - 5748\" hours_4=\"10 am - 10 pm EST, 7 days a week\" image_4=\"shop/location-4.png\" enable_lazy_loading=\"yes\"][/shop-location][google-map]New York, USA[/google-map]',1,NULL,NULL,NULL,'published','2025-06-09 17:17:38','2025-06-09 17:17:38'),(11,'FAQs','[faqs category_ids=\"1,2,3\"][/faqs]',1,NULL,NULL,NULL,'published','2025-06-09 17:17:38','2025-06-09 17:17:38');
/*!40000 ALTER TABLE `pages` ENABLE KEYS */;
UNLOCK TABLES;

--
-- Table structure for table `pages_translations`
--

DROP TABLE IF EXISTS `pages_translations`;
/*!40101 SET @saved_cs_client     = @@character_set_client */;
/*!50503 SET character_set_client = utf8mb4 */;
CREATE TABLE `pages_translations` (
  `lang_code` varchar(20) COLLATE utf8mb4_unicode_ci NOT NULL,
  `pages_id` bigint unsigned NOT NULL,
  `name` varchar(191) COLLATE utf8mb4_unicode_ci DEFAULT NULL,
  `description` varchar(400) COLLATE utf8mb4_unicode_ci DEFAULT NULL,
  `content` longtext COLLATE utf8mb4_unicode_ci,
  PRIMARY KEY (`lang_code`,`pages_id`)
) ENGINE=InnoDB DEFAULT CHARSET=utf8mb4 COLLATE=utf8mb4_unicode_ci;
/*!40101 SET character_set_client = @saved_cs_client */;

--
-- Dumping data for table `pages_translations`
--

LOCK TABLES `pages_translations` WRITE;
/*!40000 ALTER TABLE `pages_translations` DISABLE KEYS */;
/*!40000 ALTER TABLE `pages_translations` ENABLE KEYS */;
UNLOCK TABLES;

--
-- Table structure for table `password_reset_tokens`
--

DROP TABLE IF EXISTS `password_reset_tokens`;
/*!40101 SET @saved_cs_client     = @@character_set_client */;
/*!50503 SET character_set_client = utf8mb4 */;
CREATE TABLE `password_reset_tokens` (
  `email` varchar(191) COLLATE utf8mb4_unicode_ci NOT NULL,
  `token` varchar(191) COLLATE utf8mb4_unicode_ci NOT NULL,
  `created_at` timestamp NULL DEFAULT NULL,
  PRIMARY KEY (`email`)
) ENGINE=InnoDB DEFAULT CHARSET=utf8mb4 COLLATE=utf8mb4_unicode_ci;
/*!40101 SET character_set_client = @saved_cs_client */;

--
-- Dumping data for table `password_reset_tokens`
--

LOCK TABLES `password_reset_tokens` WRITE;
/*!40000 ALTER TABLE `password_reset_tokens` DISABLE KEYS */;
/*!40000 ALTER TABLE `password_reset_tokens` ENABLE KEYS */;
UNLOCK TABLES;

--
-- Table structure for table `payment_logs`
--

DROP TABLE IF EXISTS `payment_logs`;
/*!40101 SET @saved_cs_client     = @@character_set_client */;
/*!50503 SET character_set_client = utf8mb4 */;
CREATE TABLE `payment_logs` (
  `id` bigint unsigned NOT NULL AUTO_INCREMENT,
  `payment_method` varchar(191) COLLATE utf8mb4_unicode_ci NOT NULL,
  `request` longtext COLLATE utf8mb4_unicode_ci,
  `response` longtext COLLATE utf8mb4_unicode_ci,
  `ip_address` varchar(45) COLLATE utf8mb4_unicode_ci NOT NULL,
  `created_at` timestamp NULL DEFAULT NULL,
  `updated_at` timestamp NULL DEFAULT NULL,
  PRIMARY KEY (`id`)
) ENGINE=InnoDB DEFAULT CHARSET=utf8mb4 COLLATE=utf8mb4_unicode_ci;
/*!40101 SET character_set_client = @saved_cs_client */;

--
-- Dumping data for table `payment_logs`
--

LOCK TABLES `payment_logs` WRITE;
/*!40000 ALTER TABLE `payment_logs` DISABLE KEYS */;
/*!40000 ALTER TABLE `payment_logs` ENABLE KEYS */;
UNLOCK TABLES;

--
-- Table structure for table `payments`
--

DROP TABLE IF EXISTS `payments`;
/*!40101 SET @saved_cs_client     = @@character_set_client */;
/*!50503 SET character_set_client = utf8mb4 */;
CREATE TABLE `payments` (
  `id` bigint unsigned NOT NULL AUTO_INCREMENT,
  `currency` varchar(120) COLLATE utf8mb4_unicode_ci DEFAULT NULL,
  `user_id` bigint unsigned NOT NULL DEFAULT '0',
  `charge_id` varchar(191) COLLATE utf8mb4_unicode_ci DEFAULT NULL,
  `payment_channel` varchar(60) COLLATE utf8mb4_unicode_ci DEFAULT NULL,
  `description` varchar(400) COLLATE utf8mb4_unicode_ci DEFAULT NULL,
  `amount` decimal(15,2) unsigned NOT NULL,
  `payment_fee` decimal(15,2) DEFAULT '0.00',
  `order_id` bigint unsigned DEFAULT NULL,
  `status` varchar(60) COLLATE utf8mb4_unicode_ci DEFAULT 'pending',
  `payment_type` varchar(191) COLLATE utf8mb4_unicode_ci DEFAULT 'confirm',
  `customer_id` bigint unsigned DEFAULT NULL,
  `refunded_amount` decimal(15,2) unsigned DEFAULT NULL,
  `refund_note` varchar(191) COLLATE utf8mb4_unicode_ci DEFAULT NULL,
  `created_at` timestamp NULL DEFAULT NULL,
  `updated_at` timestamp NULL DEFAULT NULL,
  `customer_type` varchar(191) COLLATE utf8mb4_unicode_ci DEFAULT NULL,
  `metadata` mediumtext COLLATE utf8mb4_unicode_ci,
  PRIMARY KEY (`id`)
) ENGINE=InnoDB DEFAULT CHARSET=utf8mb4 COLLATE=utf8mb4_unicode_ci;
/*!40101 SET character_set_client = @saved_cs_client */;

--
-- Dumping data for table `payments`
--

LOCK TABLES `payments` WRITE;
/*!40000 ALTER TABLE `payments` DISABLE KEYS */;
/*!40000 ALTER TABLE `payments` ENABLE KEYS */;
UNLOCK TABLES;

--
-- Table structure for table `personal_access_tokens`
--

DROP TABLE IF EXISTS `personal_access_tokens`;
/*!40101 SET @saved_cs_client     = @@character_set_client */;
/*!50503 SET character_set_client = utf8mb4 */;
CREATE TABLE `personal_access_tokens` (
  `id` bigint unsigned NOT NULL AUTO_INCREMENT,
  `tokenable_type` varchar(191) COLLATE utf8mb4_unicode_ci NOT NULL,
  `tokenable_id` bigint unsigned NOT NULL,
  `name` varchar(191) COLLATE utf8mb4_unicode_ci NOT NULL,
  `token` varchar(64) COLLATE utf8mb4_unicode_ci NOT NULL,
  `abilities` text COLLATE utf8mb4_unicode_ci,
  `last_used_at` timestamp NULL DEFAULT NULL,
  `expires_at` timestamp NULL DEFAULT NULL,
  `created_at` timestamp NULL DEFAULT NULL,
  `updated_at` timestamp NULL DEFAULT NULL,
  PRIMARY KEY (`id`),
  UNIQUE KEY `personal_access_tokens_token_unique` (`token`),
  KEY `personal_access_tokens_tokenable_type_tokenable_id_index` (`tokenable_type`,`tokenable_id`)
) ENGINE=InnoDB DEFAULT CHARSET=utf8mb4 COLLATE=utf8mb4_unicode_ci;
/*!40101 SET character_set_client = @saved_cs_client */;

--
-- Dumping data for table `personal_access_tokens`
--

LOCK TABLES `personal_access_tokens` WRITE;
/*!40000 ALTER TABLE `personal_access_tokens` DISABLE KEYS */;
/*!40000 ALTER TABLE `personal_access_tokens` ENABLE KEYS */;
UNLOCK TABLES;

--
-- Table structure for table `post_categories`
--

DROP TABLE IF EXISTS `post_categories`;
/*!40101 SET @saved_cs_client     = @@character_set_client */;
/*!50503 SET character_set_client = utf8mb4 */;
CREATE TABLE `post_categories` (
  `category_id` bigint unsigned NOT NULL,
  `post_id` bigint unsigned NOT NULL,
  KEY `post_categories_category_id_index` (`category_id`),
  KEY `post_categories_post_id_index` (`post_id`)
) ENGINE=InnoDB DEFAULT CHARSET=utf8mb4 COLLATE=utf8mb4_unicode_ci;
/*!40101 SET character_set_client = @saved_cs_client */;

--
-- Dumping data for table `post_categories`
--

LOCK TABLES `post_categories` WRITE;
/*!40000 ALTER TABLE `post_categories` DISABLE KEYS */;
INSERT INTO `post_categories` VALUES (4,1),(2,1),(4,2),(1,2),(3,3),(3,4),(2,4),(1,5),(3,5),(4,6),(1,7),(3,7),(1,8),(3,8),(4,9),(2,9),(2,10),(1,10),(4,11),(1,11);
/*!40000 ALTER TABLE `post_categories` ENABLE KEYS */;
UNLOCK TABLES;

--
-- Table structure for table `post_tags`
--

DROP TABLE IF EXISTS `post_tags`;
/*!40101 SET @saved_cs_client     = @@character_set_client */;
/*!50503 SET character_set_client = utf8mb4 */;
CREATE TABLE `post_tags` (
  `tag_id` bigint unsigned NOT NULL,
  `post_id` bigint unsigned NOT NULL,
  KEY `post_tags_tag_id_index` (`tag_id`),
  KEY `post_tags_post_id_index` (`post_id`)
) ENGINE=InnoDB DEFAULT CHARSET=utf8mb4 COLLATE=utf8mb4_unicode_ci;
/*!40101 SET character_set_client = @saved_cs_client */;

--
-- Dumping data for table `post_tags`
--

LOCK TABLES `post_tags` WRITE;
/*!40000 ALTER TABLE `post_tags` DISABLE KEYS */;
INSERT INTO `post_tags` VALUES (2,1),(3,1),(1,1),(4,2),(3,2),(2,2),(5,3),(3,3),(4,4),(2,4),(1,4),(1,5),(5,5),(2,6),(1,7),(2,7),(3,7),(3,8),(4,8),(1,8),(5,9),(1,9),(4,9),(2,10),(3,10),(4,10),(4,11),(5,11);
/*!40000 ALTER TABLE `post_tags` ENABLE KEYS */;
UNLOCK TABLES;

--
-- Table structure for table `posts`
--

DROP TABLE IF EXISTS `posts`;
/*!40101 SET @saved_cs_client     = @@character_set_client */;
/*!50503 SET character_set_client = utf8mb4 */;
CREATE TABLE `posts` (
  `id` bigint unsigned NOT NULL AUTO_INCREMENT,
  `name` varchar(191) COLLATE utf8mb4_unicode_ci NOT NULL,
  `description` varchar(400) COLLATE utf8mb4_unicode_ci DEFAULT NULL,
  `content` longtext COLLATE utf8mb4_unicode_ci,
  `status` varchar(60) COLLATE utf8mb4_unicode_ci NOT NULL DEFAULT 'published',
  `author_id` bigint unsigned DEFAULT NULL,
  `author_type` varchar(191) COLLATE utf8mb4_unicode_ci NOT NULL,
  `is_featured` tinyint unsigned NOT NULL DEFAULT '0',
  `image` varchar(191) COLLATE utf8mb4_unicode_ci DEFAULT NULL,
  `views` int unsigned NOT NULL DEFAULT '0',
  `format_type` varchar(30) COLLATE utf8mb4_unicode_ci DEFAULT NULL,
  `created_at` timestamp NULL DEFAULT NULL,
  `updated_at` timestamp NULL DEFAULT NULL,
  PRIMARY KEY (`id`),
  KEY `posts_status_index` (`status`),
  KEY `posts_author_id_index` (`author_id`),
  KEY `posts_author_type_index` (`author_type`),
  KEY `posts_created_at_index` (`created_at`)
) ENGINE=InnoDB AUTO_INCREMENT=12 DEFAULT CHARSET=utf8mb4 COLLATE=utf8mb4_unicode_ci;
/*!40101 SET character_set_client = @saved_cs_client */;

--
-- Dumping data for table `posts`
--

LOCK TABLES `posts` WRITE;
/*!40000 ALTER TABLE `posts` DISABLE KEYS */;
INSERT INTO `posts` VALUES (1,'4 Expert Tips On How To Choose The Right Men’s Wallet','NOT, being made entirely of cardboard.) \'All right, so far,\' thought Alice, \'it\'ll never do to hold it. As soon as it was growing, and very angrily. \'A knot!\' said Alice, as she could. \'The game\'s.','<p>I have seen many people underestimating the power of their wallets. To them, they are just a functional item they use to carry. As a result, they often end up with the wallets which are not really suitable for them.</p>\n\n<p>You should pay more attention when you choose your wallets. There are a lot of them on the market with the different designs and styles. When you choose carefully, you would be able to buy a wallet that is catered to your needs. Not to mention that it will help to enhance your style significantly.</p>\n\n<p style=\"text-align:center\"><img alt=\"f4\" src=\"/storage/blog/blog-in-01.jpg\" /></p>\n\n<p><br />\n    &nbsp;</p>\n\n<p><strong><em>For all of the reason above, here are 7 expert tips to help you pick up the right men&rsquo;s wallet for you:</em></strong></p>\n\n<h4><strong>Number 1: Choose A Neat Wallet</strong></h4>\n\n<p>The wallet is an essential accessory that you should go simple. Simplicity is the best in this case. A simple and neat wallet with the plain color and even&nbsp;<strong>minimalist style</strong>&nbsp;is versatile. It can be used for both formal and casual events. In addition, that wallet will go well with most of the clothes in your wardrobe.</p>\n\n<p>Keep in mind that a wallet will tell other people about your personality and your fashion sense as much as other clothes you put on. Hence, don&rsquo;t go cheesy on your wallet or else people will think that you have a funny and particular style.</p>\n\n<p style=\"text-align:center\"><img alt=\"f5\" src=\"/storage/blog/blog-in-02.jpg\" /></p>\n\n<p><br />\n    &nbsp;</p>\n<hr />\n<h4><strong>Number 2: Choose The Right Size For Your Wallet</strong></h4>\n\n<p>You should avoid having an over-sized wallet. Don&rsquo;t think that you need to buy a big wallet because you have a lot to carry with you. In addition, a fat wallet is very ugly. It will make it harder for you to slide the wallet into your trousers&rsquo; pocket. In addition, it will create a bulge and ruin your look.</p>\n\n<p>Before you go on to buy a new wallet, clean out your wallet and place all the items from your wallet on a table. Throw away things that you would never need any more such as the old bills or the expired gift cards. Remember to check your wallet on a frequent basis to get rid of all of the old stuff that you don&rsquo;t need anymore.</p>\n\n<p style=\"text-align:center\"><img alt=\"f1\" src=\"/storage/blog/blog-in-03.jpg\" /></p>\n\n<p><br />\n    &nbsp;</p>\n\n<hr />\n<h4><strong>Number 3: Don&rsquo;t Limit Your Options Of Materials</strong></h4>\n\n<p>The types and designs of wallets are not the only things that you should consider when you go out searching for your best wallet. You have more than 1 option of material rather than leather to choose from as well.</p>\n\n<p>You can experiment with other available options such as cotton, polyester and canvas. They all have their own pros and cons. As a result, they will be suitable for different needs and requirements. You should think about them all in order to choose the material which you would like the most.</p>\n\n<p style=\"text-align:center\"><img alt=\"f6\" src=\"/storage/blog/blog-in-04.jpg\" /></p>\n\n<p><br />\n    &nbsp;</p>\n\n<hr />\n<h4><strong>Number 4: Consider A Wallet As A Long Term Investment</strong></h4>\n\n<p>Your wallet is indeed an investment that you should consider spending a decent amount of time and effort on it. Another factor that you need to consider is how much you want to spend on your wallet. The price ranges of wallets on the market vary a great deal. You can find a wallet which is as cheap as about 5 to 7 dollars. On the other hand, you should expect to pay around 250 to 300 dollars for a high-quality wallet.</p>\n\n<p>In case you need a wallet to use for a long time, it is a good idea that you should invest a decent amount of money on a wallet. A high quality wallet from a reputational brand with the premium quality such as cowhide leather will last for a long time. In addition, it is an accessory to show off your fashion sense and your social status.</p>\n\n<p style=\"text-align:center\"><img alt=\"f2\" src=\"/storage/blog/blog-in-05.jpg\" /></p>\n\n<p>&nbsp;</p>\n','published',1,'Botble\\ACL\\Models\\User',0,'blog/1.jpg',762,NULL,'2025-06-09 17:17:37','2025-06-09 17:17:37'),(2,'Sexy Clutches: How to Buy &amp; Wear a Designer Clutch Bag','Lizard in head downwards, and the two creatures got so close to her, \'if we had the dish as its share of the Mock Turtle. \'No, no! The adventures first,\' said the March Hare. Visit either you like.','<p>I have seen many people underestimating the power of their wallets. To them, they are just a functional item they use to carry. As a result, they often end up with the wallets which are not really suitable for them.</p>\n\n<p>You should pay more attention when you choose your wallets. There are a lot of them on the market with the different designs and styles. When you choose carefully, you would be able to buy a wallet that is catered to your needs. Not to mention that it will help to enhance your style significantly.</p>\n\n<p style=\"text-align:center\"><img alt=\"f4\" src=\"/storage/blog/blog-in-01.jpg\" /></p>\n\n<p><br />\n    &nbsp;</p>\n\n<p><strong><em>For all of the reason above, here are 7 expert tips to help you pick up the right men&rsquo;s wallet for you:</em></strong></p>\n\n<h4><strong>Number 1: Choose A Neat Wallet</strong></h4>\n\n<p>The wallet is an essential accessory that you should go simple. Simplicity is the best in this case. A simple and neat wallet with the plain color and even&nbsp;<strong>minimalist style</strong>&nbsp;is versatile. It can be used for both formal and casual events. In addition, that wallet will go well with most of the clothes in your wardrobe.</p>\n\n<p>Keep in mind that a wallet will tell other people about your personality and your fashion sense as much as other clothes you put on. Hence, don&rsquo;t go cheesy on your wallet or else people will think that you have a funny and particular style.</p>\n\n<p style=\"text-align:center\"><img alt=\"f5\" src=\"/storage/blog/blog-in-02.jpg\" /></p>\n\n<p><br />\n    &nbsp;</p>\n<hr />\n<h4><strong>Number 2: Choose The Right Size For Your Wallet</strong></h4>\n\n<p>You should avoid having an over-sized wallet. Don&rsquo;t think that you need to buy a big wallet because you have a lot to carry with you. In addition, a fat wallet is very ugly. It will make it harder for you to slide the wallet into your trousers&rsquo; pocket. In addition, it will create a bulge and ruin your look.</p>\n\n<p>Before you go on to buy a new wallet, clean out your wallet and place all the items from your wallet on a table. Throw away things that you would never need any more such as the old bills or the expired gift cards. Remember to check your wallet on a frequent basis to get rid of all of the old stuff that you don&rsquo;t need anymore.</p>\n\n<p style=\"text-align:center\"><img alt=\"f1\" src=\"/storage/blog/blog-in-03.jpg\" /></p>\n\n<p><br />\n    &nbsp;</p>\n\n<hr />\n<h4><strong>Number 3: Don&rsquo;t Limit Your Options Of Materials</strong></h4>\n\n<p>The types and designs of wallets are not the only things that you should consider when you go out searching for your best wallet. You have more than 1 option of material rather than leather to choose from as well.</p>\n\n<p>You can experiment with other available options such as cotton, polyester and canvas. They all have their own pros and cons. As a result, they will be suitable for different needs and requirements. You should think about them all in order to choose the material which you would like the most.</p>\n\n<p style=\"text-align:center\"><img alt=\"f6\" src=\"/storage/blog/blog-in-04.jpg\" /></p>\n\n<p><br />\n    &nbsp;</p>\n\n<hr />\n<h4><strong>Number 4: Consider A Wallet As A Long Term Investment</strong></h4>\n\n<p>Your wallet is indeed an investment that you should consider spending a decent amount of time and effort on it. Another factor that you need to consider is how much you want to spend on your wallet. The price ranges of wallets on the market vary a great deal. You can find a wallet which is as cheap as about 5 to 7 dollars. On the other hand, you should expect to pay around 250 to 300 dollars for a high-quality wallet.</p>\n\n<p>In case you need a wallet to use for a long time, it is a good idea that you should invest a decent amount of money on a wallet. A high quality wallet from a reputational brand with the premium quality such as cowhide leather will last for a long time. In addition, it is an accessory to show off your fashion sense and your social status.</p>\n\n<p style=\"text-align:center\"><img alt=\"f2\" src=\"/storage/blog/blog-in-05.jpg\" /></p>\n\n<p>&nbsp;</p>\n','published',1,'Botble\\ACL\\Models\\User',0,'blog/2.jpg',597,NULL,'2025-06-09 17:17:37','2025-06-09 17:17:37'),(3,'The Top 2020 Handbag Trends to Know','Because he knows it teases.\' CHORUS. (In which the March Hare. Visit either you like: they\'re both mad.\' \'But I don\'t like it, yer honour, at all, as the Caterpillar called after it; and while she.','<p>I have seen many people underestimating the power of their wallets. To them, they are just a functional item they use to carry. As a result, they often end up with the wallets which are not really suitable for them.</p>\n\n<p>You should pay more attention when you choose your wallets. There are a lot of them on the market with the different designs and styles. When you choose carefully, you would be able to buy a wallet that is catered to your needs. Not to mention that it will help to enhance your style significantly.</p>\n\n<p style=\"text-align:center\"><img alt=\"f4\" src=\"/storage/blog/blog-in-01.jpg\" /></p>\n\n<p><br />\n    &nbsp;</p>\n\n<p><strong><em>For all of the reason above, here are 7 expert tips to help you pick up the right men&rsquo;s wallet for you:</em></strong></p>\n\n<h4><strong>Number 1: Choose A Neat Wallet</strong></h4>\n\n<p>The wallet is an essential accessory that you should go simple. Simplicity is the best in this case. A simple and neat wallet with the plain color and even&nbsp;<strong>minimalist style</strong>&nbsp;is versatile. It can be used for both formal and casual events. In addition, that wallet will go well with most of the clothes in your wardrobe.</p>\n\n<p>Keep in mind that a wallet will tell other people about your personality and your fashion sense as much as other clothes you put on. Hence, don&rsquo;t go cheesy on your wallet or else people will think that you have a funny and particular style.</p>\n\n<p style=\"text-align:center\"><img alt=\"f5\" src=\"/storage/blog/blog-in-02.jpg\" /></p>\n\n<p><br />\n    &nbsp;</p>\n<hr />\n<h4><strong>Number 2: Choose The Right Size For Your Wallet</strong></h4>\n\n<p>You should avoid having an over-sized wallet. Don&rsquo;t think that you need to buy a big wallet because you have a lot to carry with you. In addition, a fat wallet is very ugly. It will make it harder for you to slide the wallet into your trousers&rsquo; pocket. In addition, it will create a bulge and ruin your look.</p>\n\n<p>Before you go on to buy a new wallet, clean out your wallet and place all the items from your wallet on a table. Throw away things that you would never need any more such as the old bills or the expired gift cards. Remember to check your wallet on a frequent basis to get rid of all of the old stuff that you don&rsquo;t need anymore.</p>\n\n<p style=\"text-align:center\"><img alt=\"f1\" src=\"/storage/blog/blog-in-03.jpg\" /></p>\n\n<p><br />\n    &nbsp;</p>\n\n<hr />\n<h4><strong>Number 3: Don&rsquo;t Limit Your Options Of Materials</strong></h4>\n\n<p>The types and designs of wallets are not the only things that you should consider when you go out searching for your best wallet. You have more than 1 option of material rather than leather to choose from as well.</p>\n\n<p>You can experiment with other available options such as cotton, polyester and canvas. They all have their own pros and cons. As a result, they will be suitable for different needs and requirements. You should think about them all in order to choose the material which you would like the most.</p>\n\n<p style=\"text-align:center\"><img alt=\"f6\" src=\"/storage/blog/blog-in-04.jpg\" /></p>\n\n<p><br />\n    &nbsp;</p>\n\n<hr />\n<h4><strong>Number 4: Consider A Wallet As A Long Term Investment</strong></h4>\n\n<p>Your wallet is indeed an investment that you should consider spending a decent amount of time and effort on it. Another factor that you need to consider is how much you want to spend on your wallet. The price ranges of wallets on the market vary a great deal. You can find a wallet which is as cheap as about 5 to 7 dollars. On the other hand, you should expect to pay around 250 to 300 dollars for a high-quality wallet.</p>\n\n<p>In case you need a wallet to use for a long time, it is a good idea that you should invest a decent amount of money on a wallet. A high quality wallet from a reputational brand with the premium quality such as cowhide leather will last for a long time. In addition, it is an accessory to show off your fashion sense and your social status.</p>\n\n<p style=\"text-align:center\"><img alt=\"f2\" src=\"/storage/blog/blog-in-05.jpg\" /></p>\n\n<p>&nbsp;</p>\n','published',1,'Botble\\ACL\\Models\\User',1,'blog/3.jpg',1105,NULL,'2025-06-09 17:17:37','2025-06-09 17:17:37'),(4,'How to Match the Color of Your Handbag With an Outfit','Soup, so rich and green, Waiting in a hoarse growl, \'the world would go through,\' thought poor Alice, that she ran across the field after it, and finding it very hard indeed to make herself useful.','<p>I have seen many people underestimating the power of their wallets. To them, they are just a functional item they use to carry. As a result, they often end up with the wallets which are not really suitable for them.</p>\n\n<p>You should pay more attention when you choose your wallets. There are a lot of them on the market with the different designs and styles. When you choose carefully, you would be able to buy a wallet that is catered to your needs. Not to mention that it will help to enhance your style significantly.</p>\n\n<p style=\"text-align:center\"><img alt=\"f4\" src=\"/storage/blog/blog-in-01.jpg\" /></p>\n\n<p><br />\n    &nbsp;</p>\n\n<p><strong><em>For all of the reason above, here are 7 expert tips to help you pick up the right men&rsquo;s wallet for you:</em></strong></p>\n\n<h4><strong>Number 1: Choose A Neat Wallet</strong></h4>\n\n<p>The wallet is an essential accessory that you should go simple. Simplicity is the best in this case. A simple and neat wallet with the plain color and even&nbsp;<strong>minimalist style</strong>&nbsp;is versatile. It can be used for both formal and casual events. In addition, that wallet will go well with most of the clothes in your wardrobe.</p>\n\n<p>Keep in mind that a wallet will tell other people about your personality and your fashion sense as much as other clothes you put on. Hence, don&rsquo;t go cheesy on your wallet or else people will think that you have a funny and particular style.</p>\n\n<p style=\"text-align:center\"><img alt=\"f5\" src=\"/storage/blog/blog-in-02.jpg\" /></p>\n\n<p><br />\n    &nbsp;</p>\n<hr />\n<h4><strong>Number 2: Choose The Right Size For Your Wallet</strong></h4>\n\n<p>You should avoid having an over-sized wallet. Don&rsquo;t think that you need to buy a big wallet because you have a lot to carry with you. In addition, a fat wallet is very ugly. It will make it harder for you to slide the wallet into your trousers&rsquo; pocket. In addition, it will create a bulge and ruin your look.</p>\n\n<p>Before you go on to buy a new wallet, clean out your wallet and place all the items from your wallet on a table. Throw away things that you would never need any more such as the old bills or the expired gift cards. Remember to check your wallet on a frequent basis to get rid of all of the old stuff that you don&rsquo;t need anymore.</p>\n\n<p style=\"text-align:center\"><img alt=\"f1\" src=\"/storage/blog/blog-in-03.jpg\" /></p>\n\n<p><br />\n    &nbsp;</p>\n\n<hr />\n<h4><strong>Number 3: Don&rsquo;t Limit Your Options Of Materials</strong></h4>\n\n<p>The types and designs of wallets are not the only things that you should consider when you go out searching for your best wallet. You have more than 1 option of material rather than leather to choose from as well.</p>\n\n<p>You can experiment with other available options such as cotton, polyester and canvas. They all have their own pros and cons. As a result, they will be suitable for different needs and requirements. You should think about them all in order to choose the material which you would like the most.</p>\n\n<p style=\"text-align:center\"><img alt=\"f6\" src=\"/storage/blog/blog-in-04.jpg\" /></p>\n\n<p><br />\n    &nbsp;</p>\n\n<hr />\n<h4><strong>Number 4: Consider A Wallet As A Long Term Investment</strong></h4>\n\n<p>Your wallet is indeed an investment that you should consider spending a decent amount of time and effort on it. Another factor that you need to consider is how much you want to spend on your wallet. The price ranges of wallets on the market vary a great deal. You can find a wallet which is as cheap as about 5 to 7 dollars. On the other hand, you should expect to pay around 250 to 300 dollars for a high-quality wallet.</p>\n\n<p>In case you need a wallet to use for a long time, it is a good idea that you should invest a decent amount of money on a wallet. A high quality wallet from a reputational brand with the premium quality such as cowhide leather will last for a long time. In addition, it is an accessory to show off your fashion sense and your social status.</p>\n\n<p style=\"text-align:center\"><img alt=\"f2\" src=\"/storage/blog/blog-in-05.jpg\" /></p>\n\n<p>&nbsp;</p>\n','published',1,'Botble\\ACL\\Models\\User',1,'blog/4.jpg',1683,NULL,'2025-06-09 17:17:37','2025-06-09 17:17:37'),(5,'How to Care for Leather Bags','Cat\'s head with great emphasis, looking hard at Alice the moment how large she had but to her feet in the pictures of him), while the Mouse only growled in reply. \'Please come back with the tarts.','<p>I have seen many people underestimating the power of their wallets. To them, they are just a functional item they use to carry. As a result, they often end up with the wallets which are not really suitable for them.</p>\n\n<p>You should pay more attention when you choose your wallets. There are a lot of them on the market with the different designs and styles. When you choose carefully, you would be able to buy a wallet that is catered to your needs. Not to mention that it will help to enhance your style significantly.</p>\n\n<p style=\"text-align:center\"><img alt=\"f4\" src=\"/storage/blog/blog-in-01.jpg\" /></p>\n\n<p><br />\n    &nbsp;</p>\n\n<p><strong><em>For all of the reason above, here are 7 expert tips to help you pick up the right men&rsquo;s wallet for you:</em></strong></p>\n\n<h4><strong>Number 1: Choose A Neat Wallet</strong></h4>\n\n<p>The wallet is an essential accessory that you should go simple. Simplicity is the best in this case. A simple and neat wallet with the plain color and even&nbsp;<strong>minimalist style</strong>&nbsp;is versatile. It can be used for both formal and casual events. In addition, that wallet will go well with most of the clothes in your wardrobe.</p>\n\n<p>Keep in mind that a wallet will tell other people about your personality and your fashion sense as much as other clothes you put on. Hence, don&rsquo;t go cheesy on your wallet or else people will think that you have a funny and particular style.</p>\n\n<p style=\"text-align:center\"><img alt=\"f5\" src=\"/storage/blog/blog-in-02.jpg\" /></p>\n\n<p><br />\n    &nbsp;</p>\n<hr />\n<h4><strong>Number 2: Choose The Right Size For Your Wallet</strong></h4>\n\n<p>You should avoid having an over-sized wallet. Don&rsquo;t think that you need to buy a big wallet because you have a lot to carry with you. In addition, a fat wallet is very ugly. It will make it harder for you to slide the wallet into your trousers&rsquo; pocket. In addition, it will create a bulge and ruin your look.</p>\n\n<p>Before you go on to buy a new wallet, clean out your wallet and place all the items from your wallet on a table. Throw away things that you would never need any more such as the old bills or the expired gift cards. Remember to check your wallet on a frequent basis to get rid of all of the old stuff that you don&rsquo;t need anymore.</p>\n\n<p style=\"text-align:center\"><img alt=\"f1\" src=\"/storage/blog/blog-in-03.jpg\" /></p>\n\n<p><br />\n    &nbsp;</p>\n\n<hr />\n<h4><strong>Number 3: Don&rsquo;t Limit Your Options Of Materials</strong></h4>\n\n<p>The types and designs of wallets are not the only things that you should consider when you go out searching for your best wallet. You have more than 1 option of material rather than leather to choose from as well.</p>\n\n<p>You can experiment with other available options such as cotton, polyester and canvas. They all have their own pros and cons. As a result, they will be suitable for different needs and requirements. You should think about them all in order to choose the material which you would like the most.</p>\n\n<p style=\"text-align:center\"><img alt=\"f6\" src=\"/storage/blog/blog-in-04.jpg\" /></p>\n\n<p><br />\n    &nbsp;</p>\n\n<hr />\n<h4><strong>Number 4: Consider A Wallet As A Long Term Investment</strong></h4>\n\n<p>Your wallet is indeed an investment that you should consider spending a decent amount of time and effort on it. Another factor that you need to consider is how much you want to spend on your wallet. The price ranges of wallets on the market vary a great deal. You can find a wallet which is as cheap as about 5 to 7 dollars. On the other hand, you should expect to pay around 250 to 300 dollars for a high-quality wallet.</p>\n\n<p>In case you need a wallet to use for a long time, it is a good idea that you should invest a decent amount of money on a wallet. A high quality wallet from a reputational brand with the premium quality such as cowhide leather will last for a long time. In addition, it is an accessory to show off your fashion sense and your social status.</p>\n\n<p style=\"text-align:center\"><img alt=\"f2\" src=\"/storage/blog/blog-in-05.jpg\" /></p>\n\n<p>&nbsp;</p>\n','published',1,'Botble\\ACL\\Models\\User',0,'blog/5.jpg',650,NULL,'2025-06-09 17:17:37','2025-06-09 17:17:37'),(6,'We\'re Crushing Hard on Summer\'s 10 Biggest Bag Trends','Gryphon replied very gravely. \'What else had you to get us dry would be quite as safe to stay in here any longer!\' She waited for a conversation. \'You don\'t know what it was only a mouse that had.','<p>I have seen many people underestimating the power of their wallets. To them, they are just a functional item they use to carry. As a result, they often end up with the wallets which are not really suitable for them.</p>\n\n<p>You should pay more attention when you choose your wallets. There are a lot of them on the market with the different designs and styles. When you choose carefully, you would be able to buy a wallet that is catered to your needs. Not to mention that it will help to enhance your style significantly.</p>\n\n<p style=\"text-align:center\"><img alt=\"f4\" src=\"/storage/blog/blog-in-01.jpg\" /></p>\n\n<p><br />\n    &nbsp;</p>\n\n<p><strong><em>For all of the reason above, here are 7 expert tips to help you pick up the right men&rsquo;s wallet for you:</em></strong></p>\n\n<h4><strong>Number 1: Choose A Neat Wallet</strong></h4>\n\n<p>The wallet is an essential accessory that you should go simple. Simplicity is the best in this case. A simple and neat wallet with the plain color and even&nbsp;<strong>minimalist style</strong>&nbsp;is versatile. It can be used for both formal and casual events. In addition, that wallet will go well with most of the clothes in your wardrobe.</p>\n\n<p>Keep in mind that a wallet will tell other people about your personality and your fashion sense as much as other clothes you put on. Hence, don&rsquo;t go cheesy on your wallet or else people will think that you have a funny and particular style.</p>\n\n<p style=\"text-align:center\"><img alt=\"f5\" src=\"/storage/blog/blog-in-02.jpg\" /></p>\n\n<p><br />\n    &nbsp;</p>\n<hr />\n<h4><strong>Number 2: Choose The Right Size For Your Wallet</strong></h4>\n\n<p>You should avoid having an over-sized wallet. Don&rsquo;t think that you need to buy a big wallet because you have a lot to carry with you. In addition, a fat wallet is very ugly. It will make it harder for you to slide the wallet into your trousers&rsquo; pocket. In addition, it will create a bulge and ruin your look.</p>\n\n<p>Before you go on to buy a new wallet, clean out your wallet and place all the items from your wallet on a table. Throw away things that you would never need any more such as the old bills or the expired gift cards. Remember to check your wallet on a frequent basis to get rid of all of the old stuff that you don&rsquo;t need anymore.</p>\n\n<p style=\"text-align:center\"><img alt=\"f1\" src=\"/storage/blog/blog-in-03.jpg\" /></p>\n\n<p><br />\n    &nbsp;</p>\n\n<hr />\n<h4><strong>Number 3: Don&rsquo;t Limit Your Options Of Materials</strong></h4>\n\n<p>The types and designs of wallets are not the only things that you should consider when you go out searching for your best wallet. You have more than 1 option of material rather than leather to choose from as well.</p>\n\n<p>You can experiment with other available options such as cotton, polyester and canvas. They all have their own pros and cons. As a result, they will be suitable for different needs and requirements. You should think about them all in order to choose the material which you would like the most.</p>\n\n<p style=\"text-align:center\"><img alt=\"f6\" src=\"/storage/blog/blog-in-04.jpg\" /></p>\n\n<p><br />\n    &nbsp;</p>\n\n<hr />\n<h4><strong>Number 4: Consider A Wallet As A Long Term Investment</strong></h4>\n\n<p>Your wallet is indeed an investment that you should consider spending a decent amount of time and effort on it. Another factor that you need to consider is how much you want to spend on your wallet. The price ranges of wallets on the market vary a great deal. You can find a wallet which is as cheap as about 5 to 7 dollars. On the other hand, you should expect to pay around 250 to 300 dollars for a high-quality wallet.</p>\n\n<p>In case you need a wallet to use for a long time, it is a good idea that you should invest a decent amount of money on a wallet. A high quality wallet from a reputational brand with the premium quality such as cowhide leather will last for a long time. In addition, it is an accessory to show off your fashion sense and your social status.</p>\n\n<p style=\"text-align:center\"><img alt=\"f2\" src=\"/storage/blog/blog-in-05.jpg\" /></p>\n\n<p>&nbsp;</p>\n','published',1,'Botble\\ACL\\Models\\User',0,'blog/6.jpg',2417,NULL,'2025-06-09 17:17:37','2025-06-09 17:17:37'),(7,'Essential Qualities of Highly Successful Music','Queen, \'and take this young lady to see its meaning. \'And just as she went on, \'that they\'d let Dinah stop in the book,\' said the Cat. \'Do you take me for a long hookah, and taking not the right.','<p>I have seen many people underestimating the power of their wallets. To them, they are just a functional item they use to carry. As a result, they often end up with the wallets which are not really suitable for them.</p>\n\n<p>You should pay more attention when you choose your wallets. There are a lot of them on the market with the different designs and styles. When you choose carefully, you would be able to buy a wallet that is catered to your needs. Not to mention that it will help to enhance your style significantly.</p>\n\n<p style=\"text-align:center\"><img alt=\"f4\" src=\"/storage/blog/blog-in-01.jpg\" /></p>\n\n<p><br />\n    &nbsp;</p>\n\n<p><strong><em>For all of the reason above, here are 7 expert tips to help you pick up the right men&rsquo;s wallet for you:</em></strong></p>\n\n<h4><strong>Number 1: Choose A Neat Wallet</strong></h4>\n\n<p>The wallet is an essential accessory that you should go simple. Simplicity is the best in this case. A simple and neat wallet with the plain color and even&nbsp;<strong>minimalist style</strong>&nbsp;is versatile. It can be used for both formal and casual events. In addition, that wallet will go well with most of the clothes in your wardrobe.</p>\n\n<p>Keep in mind that a wallet will tell other people about your personality and your fashion sense as much as other clothes you put on. Hence, don&rsquo;t go cheesy on your wallet or else people will think that you have a funny and particular style.</p>\n\n<p style=\"text-align:center\"><img alt=\"f5\" src=\"/storage/blog/blog-in-02.jpg\" /></p>\n\n<p><br />\n    &nbsp;</p>\n<hr />\n<h4><strong>Number 2: Choose The Right Size For Your Wallet</strong></h4>\n\n<p>You should avoid having an over-sized wallet. Don&rsquo;t think that you need to buy a big wallet because you have a lot to carry with you. In addition, a fat wallet is very ugly. It will make it harder for you to slide the wallet into your trousers&rsquo; pocket. In addition, it will create a bulge and ruin your look.</p>\n\n<p>Before you go on to buy a new wallet, clean out your wallet and place all the items from your wallet on a table. Throw away things that you would never need any more such as the old bills or the expired gift cards. Remember to check your wallet on a frequent basis to get rid of all of the old stuff that you don&rsquo;t need anymore.</p>\n\n<p style=\"text-align:center\"><img alt=\"f1\" src=\"/storage/blog/blog-in-03.jpg\" /></p>\n\n<p><br />\n    &nbsp;</p>\n\n<hr />\n<h4><strong>Number 3: Don&rsquo;t Limit Your Options Of Materials</strong></h4>\n\n<p>The types and designs of wallets are not the only things that you should consider when you go out searching for your best wallet. You have more than 1 option of material rather than leather to choose from as well.</p>\n\n<p>You can experiment with other available options such as cotton, polyester and canvas. They all have their own pros and cons. As a result, they will be suitable for different needs and requirements. You should think about them all in order to choose the material which you would like the most.</p>\n\n<p style=\"text-align:center\"><img alt=\"f6\" src=\"/storage/blog/blog-in-04.jpg\" /></p>\n\n<p><br />\n    &nbsp;</p>\n\n<hr />\n<h4><strong>Number 4: Consider A Wallet As A Long Term Investment</strong></h4>\n\n<p>Your wallet is indeed an investment that you should consider spending a decent amount of time and effort on it. Another factor that you need to consider is how much you want to spend on your wallet. The price ranges of wallets on the market vary a great deal. You can find a wallet which is as cheap as about 5 to 7 dollars. On the other hand, you should expect to pay around 250 to 300 dollars for a high-quality wallet.</p>\n\n<p>In case you need a wallet to use for a long time, it is a good idea that you should invest a decent amount of money on a wallet. A high quality wallet from a reputational brand with the premium quality such as cowhide leather will last for a long time. In addition, it is an accessory to show off your fashion sense and your social status.</p>\n\n<p style=\"text-align:center\"><img alt=\"f2\" src=\"/storage/blog/blog-in-05.jpg\" /></p>\n\n<p>&nbsp;</p>\n','published',1,'Botble\\ACL\\Models\\User',1,'blog/7.jpg',2094,NULL,'2025-06-09 17:17:37','2025-06-09 17:17:37'),(8,'9 Things I Love About Shaving My Head','Queen never left off sneezing by this time.) \'You\'re nothing but a pack of cards: the Knave of Hearts, she made out that it was YOUR table,\' said Alice; \'living at the Lizard as she added, to.','<p>I have seen many people underestimating the power of their wallets. To them, they are just a functional item they use to carry. As a result, they often end up with the wallets which are not really suitable for them.</p>\n\n<p>You should pay more attention when you choose your wallets. There are a lot of them on the market with the different designs and styles. When you choose carefully, you would be able to buy a wallet that is catered to your needs. Not to mention that it will help to enhance your style significantly.</p>\n\n<p style=\"text-align:center\"><img alt=\"f4\" src=\"/storage/blog/blog-in-01.jpg\" /></p>\n\n<p><br />\n    &nbsp;</p>\n\n<p><strong><em>For all of the reason above, here are 7 expert tips to help you pick up the right men&rsquo;s wallet for you:</em></strong></p>\n\n<h4><strong>Number 1: Choose A Neat Wallet</strong></h4>\n\n<p>The wallet is an essential accessory that you should go simple. Simplicity is the best in this case. A simple and neat wallet with the plain color and even&nbsp;<strong>minimalist style</strong>&nbsp;is versatile. It can be used for both formal and casual events. In addition, that wallet will go well with most of the clothes in your wardrobe.</p>\n\n<p>Keep in mind that a wallet will tell other people about your personality and your fashion sense as much as other clothes you put on. Hence, don&rsquo;t go cheesy on your wallet or else people will think that you have a funny and particular style.</p>\n\n<p style=\"text-align:center\"><img alt=\"f5\" src=\"/storage/blog/blog-in-02.jpg\" /></p>\n\n<p><br />\n    &nbsp;</p>\n<hr />\n<h4><strong>Number 2: Choose The Right Size For Your Wallet</strong></h4>\n\n<p>You should avoid having an over-sized wallet. Don&rsquo;t think that you need to buy a big wallet because you have a lot to carry with you. In addition, a fat wallet is very ugly. It will make it harder for you to slide the wallet into your trousers&rsquo; pocket. In addition, it will create a bulge and ruin your look.</p>\n\n<p>Before you go on to buy a new wallet, clean out your wallet and place all the items from your wallet on a table. Throw away things that you would never need any more such as the old bills or the expired gift cards. Remember to check your wallet on a frequent basis to get rid of all of the old stuff that you don&rsquo;t need anymore.</p>\n\n<p style=\"text-align:center\"><img alt=\"f1\" src=\"/storage/blog/blog-in-03.jpg\" /></p>\n\n<p><br />\n    &nbsp;</p>\n\n<hr />\n<h4><strong>Number 3: Don&rsquo;t Limit Your Options Of Materials</strong></h4>\n\n<p>The types and designs of wallets are not the only things that you should consider when you go out searching for your best wallet. You have more than 1 option of material rather than leather to choose from as well.</p>\n\n<p>You can experiment with other available options such as cotton, polyester and canvas. They all have their own pros and cons. As a result, they will be suitable for different needs and requirements. You should think about them all in order to choose the material which you would like the most.</p>\n\n<p style=\"text-align:center\"><img alt=\"f6\" src=\"/storage/blog/blog-in-04.jpg\" /></p>\n\n<p><br />\n    &nbsp;</p>\n\n<hr />\n<h4><strong>Number 4: Consider A Wallet As A Long Term Investment</strong></h4>\n\n<p>Your wallet is indeed an investment that you should consider spending a decent amount of time and effort on it. Another factor that you need to consider is how much you want to spend on your wallet. The price ranges of wallets on the market vary a great deal. You can find a wallet which is as cheap as about 5 to 7 dollars. On the other hand, you should expect to pay around 250 to 300 dollars for a high-quality wallet.</p>\n\n<p>In case you need a wallet to use for a long time, it is a good idea that you should invest a decent amount of money on a wallet. A high quality wallet from a reputational brand with the premium quality such as cowhide leather will last for a long time. In addition, it is an accessory to show off your fashion sense and your social status.</p>\n\n<p style=\"text-align:center\"><img alt=\"f2\" src=\"/storage/blog/blog-in-05.jpg\" /></p>\n\n<p>&nbsp;</p>\n','published',1,'Botble\\ACL\\Models\\User',0,'blog/8.jpg',2004,NULL,'2025-06-09 17:17:37','2025-06-09 17:17:37'),(9,'Why Teamwork Really Makes The Dream Work','Dormouse say?\' one of them with the distant green leaves. As there seemed to be executed for having cheated herself in a natural way again. \'I wonder if I fell off the cake. * * * * * * * * * * * *.','<p>I have seen many people underestimating the power of their wallets. To them, they are just a functional item they use to carry. As a result, they often end up with the wallets which are not really suitable for them.</p>\n\n<p>You should pay more attention when you choose your wallets. There are a lot of them on the market with the different designs and styles. When you choose carefully, you would be able to buy a wallet that is catered to your needs. Not to mention that it will help to enhance your style significantly.</p>\n\n<p style=\"text-align:center\"><img alt=\"f4\" src=\"/storage/blog/blog-in-01.jpg\" /></p>\n\n<p><br />\n    &nbsp;</p>\n\n<p><strong><em>For all of the reason above, here are 7 expert tips to help you pick up the right men&rsquo;s wallet for you:</em></strong></p>\n\n<h4><strong>Number 1: Choose A Neat Wallet</strong></h4>\n\n<p>The wallet is an essential accessory that you should go simple. Simplicity is the best in this case. A simple and neat wallet with the plain color and even&nbsp;<strong>minimalist style</strong>&nbsp;is versatile. It can be used for both formal and casual events. In addition, that wallet will go well with most of the clothes in your wardrobe.</p>\n\n<p>Keep in mind that a wallet will tell other people about your personality and your fashion sense as much as other clothes you put on. Hence, don&rsquo;t go cheesy on your wallet or else people will think that you have a funny and particular style.</p>\n\n<p style=\"text-align:center\"><img alt=\"f5\" src=\"/storage/blog/blog-in-02.jpg\" /></p>\n\n<p><br />\n    &nbsp;</p>\n<hr />\n<h4><strong>Number 2: Choose The Right Size For Your Wallet</strong></h4>\n\n<p>You should avoid having an over-sized wallet. Don&rsquo;t think that you need to buy a big wallet because you have a lot to carry with you. In addition, a fat wallet is very ugly. It will make it harder for you to slide the wallet into your trousers&rsquo; pocket. In addition, it will create a bulge and ruin your look.</p>\n\n<p>Before you go on to buy a new wallet, clean out your wallet and place all the items from your wallet on a table. Throw away things that you would never need any more such as the old bills or the expired gift cards. Remember to check your wallet on a frequent basis to get rid of all of the old stuff that you don&rsquo;t need anymore.</p>\n\n<p style=\"text-align:center\"><img alt=\"f1\" src=\"/storage/blog/blog-in-03.jpg\" /></p>\n\n<p><br />\n    &nbsp;</p>\n\n<hr />\n<h4><strong>Number 3: Don&rsquo;t Limit Your Options Of Materials</strong></h4>\n\n<p>The types and designs of wallets are not the only things that you should consider when you go out searching for your best wallet. You have more than 1 option of material rather than leather to choose from as well.</p>\n\n<p>You can experiment with other available options such as cotton, polyester and canvas. They all have their own pros and cons. As a result, they will be suitable for different needs and requirements. You should think about them all in order to choose the material which you would like the most.</p>\n\n<p style=\"text-align:center\"><img alt=\"f6\" src=\"/storage/blog/blog-in-04.jpg\" /></p>\n\n<p><br />\n    &nbsp;</p>\n\n<hr />\n<h4><strong>Number 4: Consider A Wallet As A Long Term Investment</strong></h4>\n\n<p>Your wallet is indeed an investment that you should consider spending a decent amount of time and effort on it. Another factor that you need to consider is how much you want to spend on your wallet. The price ranges of wallets on the market vary a great deal. You can find a wallet which is as cheap as about 5 to 7 dollars. On the other hand, you should expect to pay around 250 to 300 dollars for a high-quality wallet.</p>\n\n<p>In case you need a wallet to use for a long time, it is a good idea that you should invest a decent amount of money on a wallet. A high quality wallet from a reputational brand with the premium quality such as cowhide leather will last for a long time. In addition, it is an accessory to show off your fashion sense and your social status.</p>\n\n<p style=\"text-align:center\"><img alt=\"f2\" src=\"/storage/blog/blog-in-05.jpg\" /></p>\n\n<p>&nbsp;</p>\n','published',1,'Botble\\ACL\\Models\\User',1,'blog/9.jpg',776,NULL,'2025-06-09 17:17:37','2025-06-09 17:17:37'),(10,'The World Caters to Average People','KNOW IT TO BE TRUE--\" that\'s the jury-box,\' thought Alice, as she could get to twenty at that rate! However, the Multiplication Table doesn\'t signify: let\'s try the whole thing very absurd, but they.','<p>I have seen many people underestimating the power of their wallets. To them, they are just a functional item they use to carry. As a result, they often end up with the wallets which are not really suitable for them.</p>\n\n<p>You should pay more attention when you choose your wallets. There are a lot of them on the market with the different designs and styles. When you choose carefully, you would be able to buy a wallet that is catered to your needs. Not to mention that it will help to enhance your style significantly.</p>\n\n<p style=\"text-align:center\"><img alt=\"f4\" src=\"/storage/blog/blog-in-01.jpg\" /></p>\n\n<p><br />\n    &nbsp;</p>\n\n<p><strong><em>For all of the reason above, here are 7 expert tips to help you pick up the right men&rsquo;s wallet for you:</em></strong></p>\n\n<h4><strong>Number 1: Choose A Neat Wallet</strong></h4>\n\n<p>The wallet is an essential accessory that you should go simple. Simplicity is the best in this case. A simple and neat wallet with the plain color and even&nbsp;<strong>minimalist style</strong>&nbsp;is versatile. It can be used for both formal and casual events. In addition, that wallet will go well with most of the clothes in your wardrobe.</p>\n\n<p>Keep in mind that a wallet will tell other people about your personality and your fashion sense as much as other clothes you put on. Hence, don&rsquo;t go cheesy on your wallet or else people will think that you have a funny and particular style.</p>\n\n<p style=\"text-align:center\"><img alt=\"f5\" src=\"/storage/blog/blog-in-02.jpg\" /></p>\n\n<p><br />\n    &nbsp;</p>\n<hr />\n<h4><strong>Number 2: Choose The Right Size For Your Wallet</strong></h4>\n\n<p>You should avoid having an over-sized wallet. Don&rsquo;t think that you need to buy a big wallet because you have a lot to carry with you. In addition, a fat wallet is very ugly. It will make it harder for you to slide the wallet into your trousers&rsquo; pocket. In addition, it will create a bulge and ruin your look.</p>\n\n<p>Before you go on to buy a new wallet, clean out your wallet and place all the items from your wallet on a table. Throw away things that you would never need any more such as the old bills or the expired gift cards. Remember to check your wallet on a frequent basis to get rid of all of the old stuff that you don&rsquo;t need anymore.</p>\n\n<p style=\"text-align:center\"><img alt=\"f1\" src=\"/storage/blog/blog-in-03.jpg\" /></p>\n\n<p><br />\n    &nbsp;</p>\n\n<hr />\n<h4><strong>Number 3: Don&rsquo;t Limit Your Options Of Materials</strong></h4>\n\n<p>The types and designs of wallets are not the only things that you should consider when you go out searching for your best wallet. You have more than 1 option of material rather than leather to choose from as well.</p>\n\n<p>You can experiment with other available options such as cotton, polyester and canvas. They all have their own pros and cons. As a result, they will be suitable for different needs and requirements. You should think about them all in order to choose the material which you would like the most.</p>\n\n<p style=\"text-align:center\"><img alt=\"f6\" src=\"/storage/blog/blog-in-04.jpg\" /></p>\n\n<p><br />\n    &nbsp;</p>\n\n<hr />\n<h4><strong>Number 4: Consider A Wallet As A Long Term Investment</strong></h4>\n\n<p>Your wallet is indeed an investment that you should consider spending a decent amount of time and effort on it. Another factor that you need to consider is how much you want to spend on your wallet. The price ranges of wallets on the market vary a great deal. You can find a wallet which is as cheap as about 5 to 7 dollars. On the other hand, you should expect to pay around 250 to 300 dollars for a high-quality wallet.</p>\n\n<p>In case you need a wallet to use for a long time, it is a good idea that you should invest a decent amount of money on a wallet. A high quality wallet from a reputational brand with the premium quality such as cowhide leather will last for a long time. In addition, it is an accessory to show off your fashion sense and your social status.</p>\n\n<p style=\"text-align:center\"><img alt=\"f2\" src=\"/storage/blog/blog-in-05.jpg\" /></p>\n\n<p>&nbsp;</p>\n','published',1,'Botble\\ACL\\Models\\User',0,'blog/10.jpg',1223,NULL,'2025-06-09 17:17:37','2025-06-09 17:17:37'),(11,'The litigants on the screen are not actors','Alice led the way, and then another confusion of voices--\'Hold up his head--Brandy now--Don\'t choke him--How was it, old fellow? What happened to you? Tell us all about it!\' Last came a little way.','<p>I have seen many people underestimating the power of their wallets. To them, they are just a functional item they use to carry. As a result, they often end up with the wallets which are not really suitable for them.</p>\n\n<p>You should pay more attention when you choose your wallets. There are a lot of them on the market with the different designs and styles. When you choose carefully, you would be able to buy a wallet that is catered to your needs. Not to mention that it will help to enhance your style significantly.</p>\n\n<p style=\"text-align:center\"><img alt=\"f4\" src=\"/storage/blog/blog-in-01.jpg\" /></p>\n\n<p><br />\n    &nbsp;</p>\n\n<p><strong><em>For all of the reason above, here are 7 expert tips to help you pick up the right men&rsquo;s wallet for you:</em></strong></p>\n\n<h4><strong>Number 1: Choose A Neat Wallet</strong></h4>\n\n<p>The wallet is an essential accessory that you should go simple. Simplicity is the best in this case. A simple and neat wallet with the plain color and even&nbsp;<strong>minimalist style</strong>&nbsp;is versatile. It can be used for both formal and casual events. In addition, that wallet will go well with most of the clothes in your wardrobe.</p>\n\n<p>Keep in mind that a wallet will tell other people about your personality and your fashion sense as much as other clothes you put on. Hence, don&rsquo;t go cheesy on your wallet or else people will think that you have a funny and particular style.</p>\n\n<p style=\"text-align:center\"><img alt=\"f5\" src=\"/storage/blog/blog-in-02.jpg\" /></p>\n\n<p><br />\n    &nbsp;</p>\n<hr />\n<h4><strong>Number 2: Choose The Right Size For Your Wallet</strong></h4>\n\n<p>You should avoid having an over-sized wallet. Don&rsquo;t think that you need to buy a big wallet because you have a lot to carry with you. In addition, a fat wallet is very ugly. It will make it harder for you to slide the wallet into your trousers&rsquo; pocket. In addition, it will create a bulge and ruin your look.</p>\n\n<p>Before you go on to buy a new wallet, clean out your wallet and place all the items from your wallet on a table. Throw away things that you would never need any more such as the old bills or the expired gift cards. Remember to check your wallet on a frequent basis to get rid of all of the old stuff that you don&rsquo;t need anymore.</p>\n\n<p style=\"text-align:center\"><img alt=\"f1\" src=\"/storage/blog/blog-in-03.jpg\" /></p>\n\n<p><br />\n    &nbsp;</p>\n\n<hr />\n<h4><strong>Number 3: Don&rsquo;t Limit Your Options Of Materials</strong></h4>\n\n<p>The types and designs of wallets are not the only things that you should consider when you go out searching for your best wallet. You have more than 1 option of material rather than leather to choose from as well.</p>\n\n<p>You can experiment with other available options such as cotton, polyester and canvas. They all have their own pros and cons. As a result, they will be suitable for different needs and requirements. You should think about them all in order to choose the material which you would like the most.</p>\n\n<p style=\"text-align:center\"><img alt=\"f6\" src=\"/storage/blog/blog-in-04.jpg\" /></p>\n\n<p><br />\n    &nbsp;</p>\n\n<hr />\n<h4><strong>Number 4: Consider A Wallet As A Long Term Investment</strong></h4>\n\n<p>Your wallet is indeed an investment that you should consider spending a decent amount of time and effort on it. Another factor that you need to consider is how much you want to spend on your wallet. The price ranges of wallets on the market vary a great deal. You can find a wallet which is as cheap as about 5 to 7 dollars. On the other hand, you should expect to pay around 250 to 300 dollars for a high-quality wallet.</p>\n\n<p>In case you need a wallet to use for a long time, it is a good idea that you should invest a decent amount of money on a wallet. A high quality wallet from a reputational brand with the premium quality such as cowhide leather will last for a long time. In addition, it is an accessory to show off your fashion sense and your social status.</p>\n\n<p style=\"text-align:center\"><img alt=\"f2\" src=\"/storage/blog/blog-in-05.jpg\" /></p>\n\n<p>&nbsp;</p>\n','published',1,'Botble\\ACL\\Models\\User',1,'blog/11.jpg',1399,NULL,'2025-06-09 17:17:37','2025-06-09 17:17:37');
/*!40000 ALTER TABLE `posts` ENABLE KEYS */;
UNLOCK TABLES;

--
-- Table structure for table `posts_translations`
--

DROP TABLE IF EXISTS `posts_translations`;
/*!40101 SET @saved_cs_client     = @@character_set_client */;
/*!50503 SET character_set_client = utf8mb4 */;
CREATE TABLE `posts_translations` (
  `lang_code` varchar(20) COLLATE utf8mb4_unicode_ci NOT NULL,
  `posts_id` bigint unsigned NOT NULL,
  `name` varchar(191) COLLATE utf8mb4_unicode_ci DEFAULT NULL,
  `description` varchar(400) COLLATE utf8mb4_unicode_ci DEFAULT NULL,
  `content` longtext COLLATE utf8mb4_unicode_ci,
  PRIMARY KEY (`lang_code`,`posts_id`)
) ENGINE=InnoDB DEFAULT CHARSET=utf8mb4 COLLATE=utf8mb4_unicode_ci;
/*!40101 SET character_set_client = @saved_cs_client */;

--
-- Dumping data for table `posts_translations`
--

LOCK TABLES `posts_translations` WRITE;
/*!40000 ALTER TABLE `posts_translations` DISABLE KEYS */;
/*!40000 ALTER TABLE `posts_translations` ENABLE KEYS */;
UNLOCK TABLES;

--
-- Table structure for table `revisions`
--

DROP TABLE IF EXISTS `revisions`;
/*!40101 SET @saved_cs_client     = @@character_set_client */;
/*!50503 SET character_set_client = utf8mb4 */;
CREATE TABLE `revisions` (
  `id` bigint unsigned NOT NULL AUTO_INCREMENT,
  `revisionable_type` varchar(191) COLLATE utf8mb4_unicode_ci NOT NULL,
  `revisionable_id` bigint unsigned NOT NULL,
  `user_id` bigint unsigned DEFAULT NULL,
  `key` varchar(120) COLLATE utf8mb4_unicode_ci NOT NULL,
  `old_value` text COLLATE utf8mb4_unicode_ci,
  `new_value` text COLLATE utf8mb4_unicode_ci,
  `created_at` timestamp NULL DEFAULT NULL,
  `updated_at` timestamp NULL DEFAULT NULL,
  PRIMARY KEY (`id`),
  KEY `revisions_revisionable_id_revisionable_type_index` (`revisionable_id`,`revisionable_type`)
) ENGINE=InnoDB DEFAULT CHARSET=utf8mb4 COLLATE=utf8mb4_unicode_ci;
/*!40101 SET character_set_client = @saved_cs_client */;

--
-- Dumping data for table `revisions`
--

LOCK TABLES `revisions` WRITE;
/*!40000 ALTER TABLE `revisions` DISABLE KEYS */;
/*!40000 ALTER TABLE `revisions` ENABLE KEYS */;
UNLOCK TABLES;

--
-- Table structure for table `role_users`
--

DROP TABLE IF EXISTS `role_users`;
/*!40101 SET @saved_cs_client     = @@character_set_client */;
/*!50503 SET character_set_client = utf8mb4 */;
CREATE TABLE `role_users` (
  `user_id` bigint unsigned NOT NULL,
  `role_id` bigint unsigned NOT NULL,
  `created_at` timestamp NULL DEFAULT NULL,
  `updated_at` timestamp NULL DEFAULT NULL,
  PRIMARY KEY (`user_id`,`role_id`),
  KEY `role_users_user_id_index` (`user_id`),
  KEY `role_users_role_id_index` (`role_id`)
) ENGINE=InnoDB DEFAULT CHARSET=utf8mb4 COLLATE=utf8mb4_unicode_ci;
/*!40101 SET character_set_client = @saved_cs_client */;

--
-- Dumping data for table `role_users`
--

LOCK TABLES `role_users` WRITE;
/*!40000 ALTER TABLE `role_users` DISABLE KEYS */;
/*!40000 ALTER TABLE `role_users` ENABLE KEYS */;
UNLOCK TABLES;

--
-- Table structure for table `roles`
--

DROP TABLE IF EXISTS `roles`;
/*!40101 SET @saved_cs_client     = @@character_set_client */;
/*!50503 SET character_set_client = utf8mb4 */;
CREATE TABLE `roles` (
  `id` bigint unsigned NOT NULL AUTO_INCREMENT,
  `slug` varchar(120) COLLATE utf8mb4_unicode_ci NOT NULL,
  `name` varchar(120) COLLATE utf8mb4_unicode_ci NOT NULL,
  `permissions` text COLLATE utf8mb4_unicode_ci,
  `description` varchar(400) COLLATE utf8mb4_unicode_ci DEFAULT NULL,
  `is_default` tinyint unsigned NOT NULL DEFAULT '0',
  `created_by` bigint unsigned NOT NULL,
  `updated_by` bigint unsigned NOT NULL,
  `created_at` timestamp NULL DEFAULT NULL,
  `updated_at` timestamp NULL DEFAULT NULL,
  PRIMARY KEY (`id`),
  UNIQUE KEY `roles_slug_unique` (`slug`),
  KEY `roles_created_by_index` (`created_by`),
  KEY `roles_updated_by_index` (`updated_by`)
) ENGINE=InnoDB AUTO_INCREMENT=2 DEFAULT CHARSET=utf8mb4 COLLATE=utf8mb4_unicode_ci;
/*!40101 SET character_set_client = @saved_cs_client */;

--
-- Dumping data for table `roles`
--

LOCK TABLES `roles` WRITE;
/*!40000 ALTER TABLE `roles` DISABLE KEYS */;
INSERT INTO `roles` VALUES (1,'admin','Admin','{\"users.index\":true,\"users.create\":true,\"users.edit\":true,\"users.destroy\":true,\"roles.index\":true,\"roles.create\":true,\"roles.edit\":true,\"roles.destroy\":true,\"core.system\":true,\"core.cms\":true,\"core.manage.license\":true,\"systems.cronjob\":true,\"core.tools\":true,\"tools.data-synchronize\":true,\"media.index\":true,\"files.index\":true,\"files.create\":true,\"files.edit\":true,\"files.trash\":true,\"files.destroy\":true,\"folders.index\":true,\"folders.create\":true,\"folders.edit\":true,\"folders.trash\":true,\"folders.destroy\":true,\"settings.index\":true,\"settings.common\":true,\"settings.options\":true,\"settings.email\":true,\"settings.media\":true,\"settings.admin-appearance\":true,\"settings.cache\":true,\"settings.datatables\":true,\"settings.email.rules\":true,\"settings.others\":true,\"menus.index\":true,\"menus.create\":true,\"menus.edit\":true,\"menus.destroy\":true,\"optimize.settings\":true,\"pages.index\":true,\"pages.create\":true,\"pages.edit\":true,\"pages.destroy\":true,\"plugins.index\":true,\"plugins.edit\":true,\"plugins.remove\":true,\"plugins.marketplace\":true,\"sitemap.settings\":true,\"core.appearance\":true,\"theme.index\":true,\"theme.activate\":true,\"theme.remove\":true,\"theme.options\":true,\"theme.custom-css\":true,\"theme.custom-js\":true,\"theme.custom-html\":true,\"theme.robots-txt\":true,\"settings.website-tracking\":true,\"widgets.index\":true,\"ads.index\":true,\"ads.create\":true,\"ads.edit\":true,\"ads.destroy\":true,\"ads.settings\":true,\"analytics.general\":true,\"analytics.page\":true,\"analytics.browser\":true,\"analytics.referrer\":true,\"analytics.settings\":true,\"announcements.index\":true,\"announcements.create\":true,\"announcements.edit\":true,\"announcements.destroy\":true,\"announcements.settings\":true,\"audit-log.index\":true,\"audit-log.destroy\":true,\"backups.index\":true,\"backups.create\":true,\"backups.restore\":true,\"backups.destroy\":true,\"plugins.blog\":true,\"posts.index\":true,\"posts.create\":true,\"posts.edit\":true,\"posts.destroy\":true,\"categories.index\":true,\"categories.create\":true,\"categories.edit\":true,\"categories.destroy\":true,\"tags.index\":true,\"tags.create\":true,\"tags.edit\":true,\"tags.destroy\":true,\"blog.settings\":true,\"posts.export\":true,\"posts.import\":true,\"captcha.settings\":true,\"contacts.index\":true,\"contacts.edit\":true,\"contacts.destroy\":true,\"contact.custom-fields\":true,\"contact.settings\":true,\"plugins.ecommerce\":true,\"ecommerce.report.index\":true,\"products.index\":true,\"products.create\":true,\"products.edit\":true,\"products.destroy\":true,\"products.duplicate\":true,\"ecommerce.product-prices.index\":true,\"ecommerce.product-prices.edit\":true,\"ecommerce.product-inventory.index\":true,\"ecommerce.product-inventory.edit\":true,\"product-categories.index\":true,\"product-categories.create\":true,\"product-categories.edit\":true,\"product-categories.destroy\":true,\"product-tag.index\":true,\"product-tag.create\":true,\"product-tag.edit\":true,\"product-tag.destroy\":true,\"brands.index\":true,\"brands.create\":true,\"brands.edit\":true,\"brands.destroy\":true,\"product-collections.index\":true,\"product-collections.create\":true,\"product-collections.edit\":true,\"product-collections.destroy\":true,\"product-attribute-sets.index\":true,\"product-attribute-sets.create\":true,\"product-attribute-sets.edit\":true,\"product-attribute-sets.destroy\":true,\"product-attributes.index\":true,\"product-attributes.create\":true,\"product-attributes.edit\":true,\"product-attributes.destroy\":true,\"tax.index\":true,\"tax.create\":true,\"tax.edit\":true,\"tax.destroy\":true,\"reviews.index\":true,\"reviews.create\":true,\"reviews.destroy\":true,\"reviews.publish\":true,\"reviews.reply\":true,\"ecommerce.shipments.index\":true,\"ecommerce.shipments.create\":true,\"ecommerce.shipments.edit\":true,\"ecommerce.shipments.destroy\":true,\"orders.index\":true,\"orders.create\":true,\"orders.edit\":true,\"orders.destroy\":true,\"discounts.index\":true,\"discounts.create\":true,\"discounts.edit\":true,\"discounts.destroy\":true,\"customers.index\":true,\"customers.create\":true,\"customers.edit\":true,\"customers.destroy\":true,\"flash-sale.index\":true,\"flash-sale.create\":true,\"flash-sale.edit\":true,\"flash-sale.destroy\":true,\"product-label.index\":true,\"product-label.create\":true,\"product-label.edit\":true,\"product-label.destroy\":true,\"ecommerce.import.products.index\":true,\"ecommerce.export.products.index\":true,\"order_returns.index\":true,\"order_returns.edit\":true,\"order_returns.destroy\":true,\"global-option.index\":true,\"global-option.create\":true,\"global-option.edit\":true,\"global-option.destroy\":true,\"ecommerce.invoice.index\":true,\"ecommerce.invoice.edit\":true,\"ecommerce.invoice.destroy\":true,\"ecommerce.settings\":true,\"ecommerce.settings.general\":true,\"ecommerce.invoice-template.index\":true,\"ecommerce.settings.currencies\":true,\"ecommerce.settings.products\":true,\"ecommerce.settings.product-search\":true,\"ecommerce.settings.digital-products\":true,\"ecommerce.settings.store-locators\":true,\"ecommerce.settings.invoices\":true,\"ecommerce.settings.product-reviews\":true,\"ecommerce.settings.customers\":true,\"ecommerce.settings.shopping\":true,\"ecommerce.settings.taxes\":true,\"ecommerce.settings.shipping\":true,\"ecommerce.shipping-rule-items.index\":true,\"ecommerce.shipping-rule-items.create\":true,\"ecommerce.shipping-rule-items.edit\":true,\"ecommerce.shipping-rule-items.destroy\":true,\"ecommerce.shipping-rule-items.bulk-import\":true,\"ecommerce.settings.tracking\":true,\"ecommerce.settings.standard-and-format\":true,\"ecommerce.settings.checkout\":true,\"ecommerce.settings.return\":true,\"ecommerce.settings.flash-sale\":true,\"ecommerce.settings.product-specification\":true,\"product-categories.export\":true,\"product-categories.import\":true,\"orders.export\":true,\"ecommerce.product-specification.index\":true,\"ecommerce.specification-groups.index\":true,\"ecommerce.specification-groups.create\":true,\"ecommerce.specification-groups.edit\":true,\"ecommerce.specification-groups.destroy\":true,\"ecommerce.specification-attributes.index\":true,\"ecommerce.specification-attributes.create\":true,\"ecommerce.specification-attributes.edit\":true,\"ecommerce.specification-attributes.destroy\":true,\"ecommerce.specification-tables.index\":true,\"ecommerce.specification-tables.create\":true,\"ecommerce.specification-tables.edit\":true,\"ecommerce.specification-tables.destroy\":true,\"plugin.faq\":true,\"faq.index\":true,\"faq.create\":true,\"faq.edit\":true,\"faq.destroy\":true,\"faq_category.index\":true,\"faq_category.create\":true,\"faq_category.edit\":true,\"faq_category.destroy\":true,\"faqs.settings\":true,\"galleries.index\":true,\"galleries.create\":true,\"galleries.edit\":true,\"galleries.destroy\":true,\"languages.index\":true,\"languages.create\":true,\"languages.edit\":true,\"languages.destroy\":true,\"translations.import\":true,\"translations.export\":true,\"property-translations.import\":true,\"property-translations.export\":true,\"plugin.location\":true,\"country.index\":true,\"country.create\":true,\"country.edit\":true,\"country.destroy\":true,\"state.index\":true,\"state.create\":true,\"state.edit\":true,\"state.destroy\":true,\"city.index\":true,\"city.create\":true,\"city.edit\":true,\"city.destroy\":true,\"newsletter.index\":true,\"newsletter.destroy\":true,\"newsletter.settings\":true,\"payment.index\":true,\"payments.settings\":true,\"payment.destroy\":true,\"payments.logs\":true,\"payments.logs.show\":true,\"payments.logs.destroy\":true,\"sale-popup.settings\":true,\"simple-slider.index\":true,\"simple-slider.create\":true,\"simple-slider.edit\":true,\"simple-slider.destroy\":true,\"simple-slider-item.index\":true,\"simple-slider-item.create\":true,\"simple-slider-item.edit\":true,\"simple-slider-item.destroy\":true,\"simple-slider.settings\":true,\"social-login.settings\":true,\"api.settings\":true,\"api.sanctum-token.index\":true,\"api.sanctum-token.create\":true,\"api.sanctum-token.destroy\":true}','Admin users role',1,1,1,'2025-06-09 17:17:34','2025-06-09 17:17:34');
/*!40000 ALTER TABLE `roles` ENABLE KEYS */;
UNLOCK TABLES;

--
-- Table structure for table `sessions`
--

DROP TABLE IF EXISTS `sessions`;
/*!40101 SET @saved_cs_client     = @@character_set_client */;
/*!50503 SET character_set_client = utf8mb4 */;
CREATE TABLE `sessions` (
  `id` varchar(191) COLLATE utf8mb4_unicode_ci NOT NULL,
  `user_id` bigint unsigned DEFAULT NULL,
  `ip_address` varchar(45) COLLATE utf8mb4_unicode_ci DEFAULT NULL,
  `user_agent` text COLLATE utf8mb4_unicode_ci,
  `payload` longtext COLLATE utf8mb4_unicode_ci NOT NULL,
  `last_activity` int NOT NULL,
  PRIMARY KEY (`id`),
  KEY `sessions_user_id_index` (`user_id`),
  KEY `sessions_last_activity_index` (`last_activity`)
) ENGINE=InnoDB DEFAULT CHARSET=utf8mb4 COLLATE=utf8mb4_unicode_ci;
/*!40101 SET character_set_client = @saved_cs_client */;

--
-- Dumping data for table `sessions`
--

LOCK TABLES `sessions` WRITE;
/*!40000 ALTER TABLE `sessions` DISABLE KEYS */;
/*!40000 ALTER TABLE `sessions` ENABLE KEYS */;
UNLOCK TABLES;

--
-- Table structure for table `settings`
--

DROP TABLE IF EXISTS `settings`;
/*!40101 SET @saved_cs_client     = @@character_set_client */;
/*!50503 SET character_set_client = utf8mb4 */;
CREATE TABLE `settings` (
  `id` bigint unsigned NOT NULL AUTO_INCREMENT,
  `key` varchar(191) COLLATE utf8mb4_unicode_ci NOT NULL,
  `value` text COLLATE utf8mb4_unicode_ci,
  `created_at` timestamp NULL DEFAULT NULL,
  `updated_at` timestamp NULL DEFAULT NULL,
  PRIMARY KEY (`id`),
  UNIQUE KEY `settings_key_unique` (`key`)
) ENGINE=InnoDB AUTO_INCREMENT=73 DEFAULT CHARSET=utf8mb4 COLLATE=utf8mb4_unicode_ci;
/*!40101 SET character_set_client = @saved_cs_client */;

--
-- Dumping data for table `settings`
--

LOCK TABLES `settings` WRITE;
/*!40000 ALTER TABLE `settings` DISABLE KEYS */;
INSERT INTO `settings` VALUES (1,'media_random_hash','0765fc74c8a1dbec5185f7d5a143bb39',NULL,'2025-06-09 17:17:54'),(2,'api_enabled','0',NULL,'2025-06-09 17:17:54'),(3,'activated_plugins','[\"language\",\"language-advanced\",\"ads\",\"analytics\",\"announcement\",\"audit-log\",\"backup\",\"blog\",\"captcha\",\"contact\",\"cookie-consent\",\"ecommerce\",\"faq\",\"gallery\",\"location\",\"mollie\",\"newsletter\",\"payment\",\"paypal\",\"paystack\",\"razorpay\",\"sale-popup\",\"shippo\",\"simple-slider\"]',NULL,'2025-06-09 17:17:54'),(4,'analytics_dashboard_widgets','0','2025-06-09 17:17:32','2025-06-09 17:17:32'),(5,'enable_recaptcha_botble_contact_forms_fronts_contact_form','1','2025-06-09 17:17:32','2025-06-09 17:17:32'),(6,'api_layer_api_key','',NULL,'2025-06-09 17:17:54'),(9,'enable_recaptcha_botble_newsletter_forms_fronts_newsletter_form','1','2025-06-09 17:17:33','2025-06-09 17:17:33'),(10,'payment_cod_fee_type','fixed',NULL,'2025-06-09 17:17:54'),(11,'payment_bank_transfer_fee_type','fixed',NULL,'2025-06-09 17:17:54'),(12,'theme','ninico',NULL,'2025-06-09 17:17:54'),(13,'show_admin_bar','1',NULL,'2025-06-09 17:17:54'),(14,'language_hide_default','1',NULL,'2025-06-09 17:17:54'),(15,'language_switcher_display','dropdown',NULL,'2025-06-09 17:17:54'),(16,'language_display','all',NULL,'2025-06-09 17:17:54'),(17,'language_hide_languages','[]',NULL,'2025-06-09 17:17:54'),(18,'admin_favicon','general/favicon.png',NULL,'2025-06-09 17:17:54'),(19,'admin_logo','general/logo-white.png',NULL,'2025-06-09 17:17:54'),(20,'payment_cod_status','1',NULL,'2025-06-09 17:17:54'),(21,'payment_bank_transfer_status','1',NULL,'2025-06-09 17:17:54'),(22,'payment_cod_description','Please pay money directly to the postman, if you choose cash on delivery method (COD).',NULL,'2025-06-09 17:17:54'),(23,'payment_bank_transfer_description','Please send money to our bank account: ACB - 69270 213 19.',NULL,'2025-06-09 17:17:54'),(24,'payment_stripe_payment_type','stripe_checkout',NULL,'2025-06-09 17:17:54'),(25,'plugins_ecommerce_customer_new_order_status','0',NULL,'2025-06-09 17:17:54'),(26,'plugins_ecommerce_admin_new_order_status','0',NULL,'2025-06-09 17:17:54'),(27,'ecommerce_is_enabled_support_digital_products','1',NULL,'2025-06-09 17:17:54'),(28,'ecommerce_load_countries_states_cities_from_location_plugin','0',NULL,'2025-06-09 17:17:54'),(29,'ecommerce_product_sku_format','SF-2443-%s%s%s%s',NULL,'2025-06-09 17:17:54'),(30,'ecommerce_store_order_prefix','SF',NULL,'2025-06-09 17:17:54'),(31,'ecommerce_enable_product_specification','1',NULL,'2025-06-09 17:17:54'),(32,'payment_bank_transfer_display_bank_info_at_the_checkout_success_page','1',NULL,'2025-06-09 17:17:54'),(33,'payment_cod_logo','payments/cod.png',NULL,'2025-06-09 17:17:54'),(34,'payment_bank_transfer_logo','payments/bank-transfer.png',NULL,'2025-06-09 17:17:54'),(35,'payment_stripe_logo','payments/stripe.webp',NULL,'2025-06-09 17:17:54'),(36,'payment_paypal_logo','payments/paypal.png',NULL,'2025-06-09 17:17:54'),(37,'payment_mollie_logo','payments/mollie.png',NULL,'2025-06-09 17:17:54'),(38,'payment_paystack_logo','payments/paystack.png',NULL,'2025-06-09 17:17:54'),(39,'payment_razorpay_logo','payments/razorpay.png',NULL,'2025-06-09 17:17:54'),(40,'payment_sslcommerz_logo','payments/sslcommerz.png',NULL,'2025-06-09 17:17:54'),(41,'permalink-botble-blog-models-post','blog',NULL,'2025-06-09 17:17:54'),(42,'permalink-botble-blog-models-category','blog',NULL,'2025-06-09 17:17:54'),(43,'theme-ninico-site_title','Ninico - Minimal eCommerce',NULL,'2025-06-09 17:17:54'),(44,'theme-ninico-seo_description','Ninico is a modern and flexible Minimal eCommerce Laravel script. This script is suited for electronic, organic and grocery store, furniture store, clothing store, hitech store and accessories store...',NULL,'2025-06-09 17:17:54'),(45,'theme-ninico-favicon','general/favicon.png',NULL,'2025-06-09 17:17:54'),(46,'theme-ninico-logo_light','general/logo-white.png',NULL,'2025-06-09 17:17:54'),(47,'theme-ninico-logo','general/logo.png',NULL,'2025-06-09 17:17:54'),(48,'theme-ninico-primary_font','Jost',NULL,'2025-06-09 17:17:54'),(49,'theme-ninico-primary_color','#d51243',NULL,'2025-06-09 17:17:54'),(50,'theme-ninico-hotline','908. 408. 501. 89',NULL,'2025-06-09 17:17:54'),(51,'theme-ninico-homepage_id','1',NULL,'2025-06-09 17:17:54'),(52,'theme-ninico-blog_page_id','6',NULL,'2025-06-09 17:17:54'),(53,'theme-ninico-cart_footer_description','Free shipping for orders <b>under 10km</b>',NULL,'2025-06-09 17:17:54'),(54,'theme-ninico-breadcrumb_background','banners/breadcrumb-01.jpg',NULL,'2025-06-09 17:17:54'),(55,'theme-ninico-login_background','banners/login-bg.jpg',NULL,'2025-06-09 17:17:54'),(56,'theme-ninico-register_background','banners/sign-bg.jpg',NULL,'2025-06-09 17:17:54'),(57,'theme-ninico-404_not_found_icon','icons/error.png',NULL,'2025-06-09 17:17:54'),(58,'theme-ninico-order_tracking_background','banners/track-bg.jpg',NULL,'2025-06-09 17:17:54'),(59,'theme-ninico-default_product_list_layout','grid',NULL,'2025-06-09 17:17:54'),(60,'theme-ninico-number_of_products_per_page','30',NULL,'2025-06-09 17:17:54'),(61,'theme-ninico-footer_background_color','#F8F8F8',NULL,'2025-06-09 17:17:54'),(62,'theme-ninico-footer_text_color','#000000',NULL,'2025-06-09 17:17:54'),(63,'theme-ninico-footer_text_muted_color','#686666',NULL,'2025-06-09 17:17:54'),(64,'theme-ninico-footer_border_color','#E0E0E0',NULL,'2025-06-09 17:17:54'),(65,'theme-ninico-footer_bottom_background_color','#ededed',NULL,'2025-06-09 17:17:54'),(66,'theme-ninico-preloader_version','v2',NULL,'2025-06-09 17:17:54'),(67,'theme-ninico-newsletter_popup_enable','1',NULL,'2025-06-09 17:17:54'),(68,'theme-ninico-newsletter_popup_image','general/newsletter-popup.png',NULL,'2025-06-09 17:17:54'),(69,'theme-ninico-newsletter_popup_title','Subscribe Now',NULL,'2025-06-09 17:17:54'),(70,'theme-ninico-newsletter_popup_subtitle','Newsletter',NULL,'2025-06-09 17:17:54'),(71,'theme-ninico-newsletter_popup_description','Subscribe to our newsletter and get 10% off your first purchase',NULL,'2025-06-09 17:17:54'),(72,'theme-ninico-social_links','[[{\"key\":\"name\",\"value\":\"Facebook\"},{\"key\":\"icon\",\"value\":\"ti ti-brand-facebook\"},{\"key\":\"url\",\"value\":\"https:\\/\\/www.facebook.com\"}],[{\"key\":\"name\",\"value\":\"X (Twitter)\"},{\"key\":\"icon\",\"value\":\"ti ti-brand-x\"},{\"key\":\"url\",\"value\":\"https:\\/\\/twitter.com\"}],[{\"key\":\"name\",\"value\":\"Behance\"},{\"key\":\"icon\",\"value\":\"ti ti-brand-behance\"},{\"key\":\"url\",\"value\":\"https:\\/\\/www.behance.net\"}],[{\"key\":\"name\",\"value\":\"YouTube\"},{\"key\":\"icon\",\"value\":\"ti ti-brand-youtube\"},{\"key\":\"url\",\"value\":\"https:\\/\\/www.youtube.com\"}],[{\"key\":\"name\",\"value\":\"LinkedIn\"},{\"key\":\"icon\",\"value\":\"ti ti-brand-linkedin\"},{\"key\":\"url\",\"value\":\"https:\\/\\/www.linkedin.com\"}]]',NULL,'2025-06-09 17:17:54');
/*!40000 ALTER TABLE `settings` ENABLE KEYS */;
UNLOCK TABLES;

--
-- Table structure for table `simple_slider_items`
--

DROP TABLE IF EXISTS `simple_slider_items`;
/*!40101 SET @saved_cs_client     = @@character_set_client */;
/*!50503 SET character_set_client = utf8mb4 */;
CREATE TABLE `simple_slider_items` (
  `id` bigint unsigned NOT NULL AUTO_INCREMENT,
  `simple_slider_id` bigint unsigned NOT NULL,
  `title` varchar(191) COLLATE utf8mb4_unicode_ci DEFAULT NULL,
  `image` varchar(191) COLLATE utf8mb4_unicode_ci NOT NULL,
  `link` varchar(191) COLLATE utf8mb4_unicode_ci DEFAULT NULL,
  `description` text COLLATE utf8mb4_unicode_ci,
  `order` int unsigned NOT NULL DEFAULT '0',
  `created_at` timestamp NULL DEFAULT NULL,
  `updated_at` timestamp NULL DEFAULT NULL,
  PRIMARY KEY (`id`)
) ENGINE=InnoDB AUTO_INCREMENT=16 DEFAULT CHARSET=utf8mb4 COLLATE=utf8mb4_unicode_ci;
/*!40101 SET character_set_client = @saved_cs_client */;

--
-- Dumping data for table `simple_slider_items`
--

LOCK TABLES `simple_slider_items` WRITE;
/*!40000 ALTER TABLE `simple_slider_items` DISABLE KEYS */;
INSERT INTO `simple_slider_items` VALUES (1,1,'Up To <i>40% Off</i> latest Creations','sliders/banner-1.jpg','/products','Accessories',1,'2025-06-09 17:17:43','2025-06-09 17:17:43'),(2,1,'Up To <i>40% Off</i> latest Creations','sliders/banner-2.jpg','/products','Accessories',2,'2025-06-09 17:17:43','2025-06-09 17:17:43'),(3,1,'Up To <i>40% Off</i> latest Creations','sliders/banner-3.jpg','/products','Accessories',3,'2025-06-09 17:17:43','2025-06-09 17:17:43'),(4,2,'Exclusive <br> Winter Collection','sliders/slider-01.png','/products','New Modern Stylist Fashionable Women\'s Wear holder',1,'2025-06-09 17:17:43','2025-06-09 17:17:43'),(5,2,'Exclusive <br> Women\'s Fashion','sliders/slider-02.png','/products','New Modern Stylist Fashionable Women\'s Wear holder',2,'2025-06-09 17:17:43','2025-06-09 17:17:43'),(6,2,'Exclusive <br> Summer Collection','sliders/slider-03.png','/products','New Modern Stylist Fashionable Women\'s Wear holder',3,'2025-06-09 17:17:43','2025-06-09 17:17:43'),(7,3,'Wooden <br> Lounge Furniture','sliders/slider-04.png','/products','New Modern Stylist Fashionable Women\'s Wear holder',1,'2025-06-09 17:17:43','2025-06-09 17:17:43'),(8,3,'Wooden <br> Lounge Chair','sliders/slider-05.png','/products',NULL,2,'2025-06-09 17:17:43','2025-06-09 17:17:43'),(9,3,'Wooden <br> Houston Furniture','sliders/slider-06.png','/products',NULL,3,'2025-06-09 17:17:43','2025-06-09 17:17:43'),(10,4,'Will Never <br> Compromise Beauty','sliders/slider-bg-04.png','/products','New Modern Stylist Fashionable Women\'s Wear holder',1,'2025-06-09 17:17:43','2025-06-09 17:17:43'),(11,4,'Will Never <br> Compromise Glow','sliders/slider-bg-05.png','/products','New Modern Stylist Fashionable Women\'s Wear holder',2,'2025-06-09 17:17:43','2025-06-09 17:17:43'),(12,4,'Will Never <br> Compromise Health','sliders/slider-bg-06.png','/products','New Modern Stylist Fashionable Women\'s Wear holder',3,'2025-06-09 17:17:43','2025-06-09 17:17:43'),(13,5,'Fresh Grocery <br> Products.','sliders/slider-05-bg-1.jpg','/products','Quality &amp; Fresh Products',1,'2025-06-09 17:17:43','2025-06-09 17:17:43'),(14,5,'Fresh Grocery <br> Products.','sliders/slider-05-bg-2.jpg','/products','Quality &amp; Fresh Products',2,'2025-06-09 17:17:43','2025-06-09 17:17:43'),(15,5,'Fresh Grocery <br> Products.','sliders/slider-05-bg-3.jpg','/products','Quality &amp; Fresh Products',3,'2025-06-09 17:17:43','2025-06-09 17:17:43');
/*!40000 ALTER TABLE `simple_slider_items` ENABLE KEYS */;
UNLOCK TABLES;

--
-- Table structure for table `simple_sliders`
--

DROP TABLE IF EXISTS `simple_sliders`;
/*!40101 SET @saved_cs_client     = @@character_set_client */;
/*!50503 SET character_set_client = utf8mb4 */;
CREATE TABLE `simple_sliders` (
  `id` bigint unsigned NOT NULL AUTO_INCREMENT,
  `name` varchar(120) COLLATE utf8mb4_unicode_ci NOT NULL,
  `key` varchar(120) COLLATE utf8mb4_unicode_ci NOT NULL,
  `description` varchar(400) COLLATE utf8mb4_unicode_ci DEFAULT NULL,
  `status` varchar(60) COLLATE utf8mb4_unicode_ci NOT NULL DEFAULT 'published',
  `created_at` timestamp NULL DEFAULT NULL,
  `updated_at` timestamp NULL DEFAULT NULL,
  PRIMARY KEY (`id`)
) ENGINE=InnoDB AUTO_INCREMENT=6 DEFAULT CHARSET=utf8mb4 COLLATE=utf8mb4_unicode_ci;
/*!40101 SET character_set_client = @saved_cs_client */;

--
-- Dumping data for table `simple_sliders`
--

LOCK TABLES `simple_sliders` WRITE;
/*!40000 ALTER TABLE `simple_sliders` DISABLE KEYS */;
INSERT INTO `simple_sliders` VALUES (1,'Slider home 1','slider-home-1','The slider on home page 1','published','2025-06-09 17:17:43','2025-06-09 17:17:43'),(2,'Slider home 2','slider-home-2','The slider on home page 2','published','2025-06-09 17:17:43','2025-06-09 17:17:43'),(3,'Slider Furniture','slider-furniture','The slider for furniture style','published','2025-06-09 17:17:43','2025-06-09 17:17:43'),(4,'Slider Cosmetics','slider-cosmetics','The slider for cosmetics style','published','2025-06-09 17:17:43','2025-06-09 17:17:43'),(5,'Slider Grocery','slider-grocery','The slider for grocery style','published','2025-06-09 17:17:43','2025-06-09 17:17:43');
/*!40000 ALTER TABLE `simple_sliders` ENABLE KEYS */;
UNLOCK TABLES;

--
-- Table structure for table `slugs`
--

DROP TABLE IF EXISTS `slugs`;
/*!40101 SET @saved_cs_client     = @@character_set_client */;
/*!50503 SET character_set_client = utf8mb4 */;
CREATE TABLE `slugs` (
  `id` bigint unsigned NOT NULL AUTO_INCREMENT,
  `key` varchar(191) COLLATE utf8mb4_unicode_ci NOT NULL,
  `reference_id` bigint unsigned NOT NULL,
  `reference_type` varchar(191) COLLATE utf8mb4_unicode_ci NOT NULL,
  `prefix` varchar(120) COLLATE utf8mb4_unicode_ci DEFAULT '',
  `created_at` timestamp NULL DEFAULT NULL,
  `updated_at` timestamp NULL DEFAULT NULL,
  PRIMARY KEY (`id`),
  KEY `slugs_reference_id_index` (`reference_id`),
  KEY `slugs_key_index` (`key`),
  KEY `slugs_prefix_index` (`prefix`),
  KEY `slugs_reference_index` (`reference_id`,`reference_type`)
) ENGINE=InnoDB AUTO_INCREMENT=142 DEFAULT CHARSET=utf8mb4 COLLATE=utf8mb4_unicode_ci;
/*!40101 SET character_set_client = @saved_cs_client */;

--
-- Dumping data for table `slugs`
--

LOCK TABLES `slugs` WRITE;
/*!40000 ALTER TABLE `slugs` DISABLE KEYS */;
INSERT INTO `slugs` VALUES (1,'ecommerce',1,'Botble\\Blog\\Models\\Category','blog','2025-06-09 17:17:37','2025-06-09 17:17:37'),(2,'fashion',2,'Botble\\Blog\\Models\\Category','blog','2025-06-09 17:17:37','2025-06-09 17:17:37'),(3,'electronic',3,'Botble\\Blog\\Models\\Category','blog','2025-06-09 17:17:37','2025-06-09 17:17:37'),(4,'commercial',4,'Botble\\Blog\\Models\\Category','blog','2025-06-09 17:17:37','2025-06-09 17:17:37'),(5,'general',1,'Botble\\Blog\\Models\\Tag','tag','2025-06-09 17:17:37','2025-06-09 17:17:37'),(6,'design',2,'Botble\\Blog\\Models\\Tag','tag','2025-06-09 17:17:37','2025-06-09 17:17:37'),(7,'fashion',3,'Botble\\Blog\\Models\\Tag','tag','2025-06-09 17:17:37','2025-06-09 17:17:37'),(8,'branding',4,'Botble\\Blog\\Models\\Tag','tag','2025-06-09 17:17:37','2025-06-09 17:17:37'),(9,'modern',5,'Botble\\Blog\\Models\\Tag','tag','2025-06-09 17:17:37','2025-06-09 17:17:37'),(10,'4-expert-tips-on-how-to-choose-the-right-mens-wallet',1,'Botble\\Blog\\Models\\Post','blog','2025-06-09 17:17:37','2025-06-09 17:17:37'),(11,'sexy-clutches-how-to-buy-wear-a-designer-clutch-bag',2,'Botble\\Blog\\Models\\Post','blog','2025-06-09 17:17:37','2025-06-09 17:17:37'),(12,'the-top-2020-handbag-trends-to-know',3,'Botble\\Blog\\Models\\Post','blog','2025-06-09 17:17:37','2025-06-09 17:17:37'),(13,'how-to-match-the-color-of-your-handbag-with-an-outfit',4,'Botble\\Blog\\Models\\Post','blog','2025-06-09 17:17:37','2025-06-09 17:17:37'),(14,'how-to-care-for-leather-bags',5,'Botble\\Blog\\Models\\Post','blog','2025-06-09 17:17:37','2025-06-09 17:17:37'),(15,'were-crushing-hard-on-summers-10-biggest-bag-trends',6,'Botble\\Blog\\Models\\Post','blog','2025-06-09 17:17:37','2025-06-09 17:17:37'),(16,'essential-qualities-of-highly-successful-music',7,'Botble\\Blog\\Models\\Post','blog','2025-06-09 17:17:37','2025-06-09 17:17:37'),(17,'9-things-i-love-about-shaving-my-head',8,'Botble\\Blog\\Models\\Post','blog','2025-06-09 17:17:37','2025-06-09 17:17:37'),(18,'why-teamwork-really-makes-the-dream-work',9,'Botble\\Blog\\Models\\Post','blog','2025-06-09 17:17:37','2025-06-09 17:17:37'),(19,'the-world-caters-to-average-people',10,'Botble\\Blog\\Models\\Post','blog','2025-06-09 17:17:37','2025-06-09 17:17:37'),(20,'the-litigants-on-the-screen-are-not-actors',11,'Botble\\Blog\\Models\\Post','blog','2025-06-09 17:17:37','2025-06-09 17:17:37'),(21,'wooden-home',1,'Botble\\Page\\Models\\Page','','2025-06-09 17:17:38','2025-06-09 17:17:38'),(22,'fashion-home',2,'Botble\\Page\\Models\\Page','','2025-06-09 17:17:38','2025-06-09 17:17:38'),(23,'furniture-home',3,'Botble\\Page\\Models\\Page','','2025-06-09 17:17:38','2025-06-09 17:17:38'),(24,'cosmetics-home',4,'Botble\\Page\\Models\\Page','','2025-06-09 17:17:38','2025-06-09 17:17:38'),(25,'food-grocery-home',5,'Botble\\Page\\Models\\Page','','2025-06-09 17:17:38','2025-06-09 17:17:38'),(26,'blog',6,'Botble\\Page\\Models\\Page','','2025-06-09 17:17:38','2025-06-09 17:17:38'),(27,'about',7,'Botble\\Page\\Models\\Page','','2025-06-09 17:17:38','2025-06-09 17:17:38'),(28,'contact',8,'Botble\\Page\\Models\\Page','','2025-06-09 17:17:38','2025-06-09 17:17:38'),(29,'coming-soon',9,'Botble\\Page\\Models\\Page','','2025-06-09 17:17:38','2025-06-09 17:17:38'),(30,'store-locator',10,'Botble\\Page\\Models\\Page','','2025-06-09 17:17:38','2025-06-09 17:17:38'),(31,'faqs',11,'Botble\\Page\\Models\\Page','','2025-06-09 17:17:38','2025-06-09 17:17:38'),(32,'fashion-live',1,'Botble\\Ecommerce\\Models\\Brand','brands','2025-06-09 17:17:44','2025-06-09 17:17:44'),(33,'hand-crafted',2,'Botble\\Ecommerce\\Models\\Brand','brands','2025-06-09 17:17:44','2025-06-09 17:17:44'),(34,'mestonix',3,'Botble\\Ecommerce\\Models\\Brand','brands','2025-06-09 17:17:44','2025-06-09 17:17:44'),(35,'sunshine',4,'Botble\\Ecommerce\\Models\\Brand','brands','2025-06-09 17:17:44','2025-06-09 17:17:44'),(36,'pure',5,'Botble\\Ecommerce\\Models\\Brand','brands','2025-06-09 17:17:44','2025-06-09 17:17:44'),(37,'anfold',6,'Botble\\Ecommerce\\Models\\Brand','brands','2025-06-09 17:17:44','2025-06-09 17:17:44'),(38,'pro-glasses',1,'Botble\\Ecommerce\\Models\\ProductCategory','product-categories','2025-06-09 17:17:44','2025-06-09 17:17:44'),(39,'casual-shoes',2,'Botble\\Ecommerce\\Models\\ProductCategory','product-categories','2025-06-09 17:17:44','2025-06-09 17:17:44'),(40,'winter-jacket',3,'Botble\\Ecommerce\\Models\\ProductCategory','product-categories','2025-06-09 17:17:44','2025-06-09 17:17:44'),(41,'new-added',4,'Botble\\Ecommerce\\Models\\ProductCategory','product-categories','2025-06-09 17:17:44','2025-06-09 17:17:44'),(42,'wooden',5,'Botble\\Ecommerce\\Models\\ProductCategory','product-categories','2025-06-09 17:17:44','2025-06-09 17:17:44'),(43,'furniture',6,'Botble\\Ecommerce\\Models\\ProductCategory','product-categories','2025-06-09 17:17:44','2025-06-09 17:17:44'),(44,'clock',7,'Botble\\Ecommerce\\Models\\ProductCategory','product-categories','2025-06-09 17:17:44','2025-06-09 17:17:44'),(45,'gifts',8,'Botble\\Ecommerce\\Models\\ProductCategory','product-categories','2025-06-09 17:17:44','2025-06-09 17:17:44'),(46,'crafts',9,'Botble\\Ecommerce\\Models\\ProductCategory','product-categories','2025-06-09 17:17:44','2025-06-09 17:17:44'),(47,'gift-sets',10,'Botble\\Ecommerce\\Models\\ProductCategory','product-categories','2025-06-09 17:17:44','2025-06-09 17:17:44'),(48,'plastic-gifts',11,'Botble\\Ecommerce\\Models\\ProductCategory','product-categories','2025-06-09 17:17:44','2025-06-09 17:17:44'),(49,'handy-cream',12,'Botble\\Ecommerce\\Models\\ProductCategory','product-categories','2025-06-09 17:17:44','2025-06-09 17:17:44'),(50,'cosmetics',13,'Botble\\Ecommerce\\Models\\ProductCategory','product-categories','2025-06-09 17:17:44','2025-06-09 17:17:44'),(51,'silk-accessories',14,'Botble\\Ecommerce\\Models\\ProductCategory','product-categories','2025-06-09 17:17:44','2025-06-09 17:17:44'),(52,'finest-skincare-lotions',15,'Botble\\Ecommerce\\Models\\ProductCategory','product-categories','2025-06-09 17:17:44','2025-06-09 17:17:44'),(53,'bags-purses',16,'Botble\\Ecommerce\\Models\\ProductCategory','product-categories','2025-06-09 17:17:44','2025-06-09 17:17:44'),(54,'sunglasses',17,'Botble\\Ecommerce\\Models\\ProductCategory','product-categories','2025-06-09 17:17:44','2025-06-09 17:17:44'),(55,'electronic',1,'Botble\\Ecommerce\\Models\\ProductTag','product-tags','2025-06-09 17:17:44','2025-06-09 17:17:44'),(56,'mobile',2,'Botble\\Ecommerce\\Models\\ProductTag','product-tags','2025-06-09 17:17:44','2025-06-09 17:17:44'),(57,'iphone',3,'Botble\\Ecommerce\\Models\\ProductTag','product-tags','2025-06-09 17:17:44','2025-06-09 17:17:44'),(58,'printer',4,'Botble\\Ecommerce\\Models\\ProductTag','product-tags','2025-06-09 17:17:44','2025-06-09 17:17:44'),(59,'office',5,'Botble\\Ecommerce\\Models\\ProductTag','product-tags','2025-06-09 17:17:44','2025-06-09 17:17:44'),(60,'it',6,'Botble\\Ecommerce\\Models\\ProductTag','product-tags','2025-06-09 17:17:44','2025-06-09 17:17:44'),(61,'miko-wooden-bluetooth-speaker',1,'Botble\\Ecommerce\\Models\\Product','products','2025-06-09 17:17:51','2025-06-09 17:17:51'),(62,'gorgeous-wooden-gloves',2,'Botble\\Ecommerce\\Models\\Product','products','2025-06-09 17:17:51','2025-06-09 17:17:51'),(63,'pinkol-enormous-granite-bottle',3,'Botble\\Ecommerce\\Models\\Product','products','2025-06-09 17:17:51','2025-06-09 17:17:51'),(64,'gorgeous-aluminum-table',4,'Botble\\Ecommerce\\Models\\Product','products','2025-06-09 17:17:51','2025-06-09 17:17:51'),(65,'evo-lightweight-granite-shirt',5,'Botble\\Ecommerce\\Models\\Product','products','2025-06-09 17:17:51','2025-06-09 17:17:51'),(66,'clco-incredible-paper-car',6,'Botble\\Ecommerce\\Models\\Product','products','2025-06-09 17:17:51','2025-06-09 17:17:51'),(67,'progash-durable-granite-hat',7,'Botble\\Ecommerce\\Models\\Product','products','2025-06-09 17:17:51','2025-06-09 17:17:51'),(68,'purab-enormous-miranda-bottle',8,'Botble\\Ecommerce\\Models\\Product','products','2025-06-09 17:17:51','2025-06-09 17:17:51'),(69,'miklonda-co-crafted-candles',9,'Botble\\Ecommerce\\Models\\Product','products','2025-06-09 17:17:51','2025-06-09 17:17:51'),(70,'pinkol-enormous-granite-bottle',10,'Botble\\Ecommerce\\Models\\Product','products','2025-06-09 17:17:51','2025-06-09 17:17:51'),(71,'dual-camera-20mp',11,'Botble\\Ecommerce\\Models\\Product','products','2025-06-09 17:17:51','2025-06-09 17:17:51'),(72,'smart-watches',12,'Botble\\Ecommerce\\Models\\Product','products','2025-06-09 17:17:51','2025-06-09 17:17:51'),(73,'beat-headphone',13,'Botble\\Ecommerce\\Models\\Product','products','2025-06-09 17:17:51','2025-06-09 17:17:51'),(74,'red-black-headphone',14,'Botble\\Ecommerce\\Models\\Product','products','2025-06-09 17:17:51','2025-06-09 17:17:51'),(75,'smart-watch-external',15,'Botble\\Ecommerce\\Models\\Product','products','2025-06-09 17:17:51','2025-06-09 17:17:51'),(76,'nikon-hd-camera',16,'Botble\\Ecommerce\\Models\\Product','products','2025-06-09 17:17:51','2025-06-09 17:17:51'),(77,'audio-equipment',17,'Botble\\Ecommerce\\Models\\Product','products','2025-06-09 17:17:51','2025-06-09 17:17:51'),(78,'smart-televisions',18,'Botble\\Ecommerce\\Models\\Product','products','2025-06-09 17:17:51','2025-06-09 17:17:51'),(79,'samsung-smart-phone',19,'Botble\\Ecommerce\\Models\\Product','products','2025-06-09 17:17:51','2025-06-09 17:17:51'),(80,'herschel-leather-duffle-bag-in-brown-color',20,'Botble\\Ecommerce\\Models\\Product','products','2025-06-09 17:17:51','2025-06-09 17:17:51'),(81,'xbox-one-wireless-controller-black-color',21,'Botble\\Ecommerce\\Models\\Product','products','2025-06-09 17:17:51','2025-06-09 17:17:51'),(82,'epsion-plaster-printer',22,'Botble\\Ecommerce\\Models\\Product','products','2025-06-09 17:17:51','2025-06-09 17:17:51'),(83,'sound-intone-i65-earphone-white-version',23,'Botble\\Ecommerce\\Models\\Product','products','2025-06-09 17:17:51','2025-06-09 17:17:51'),(84,'bo-play-mini-bluetooth-speaker',24,'Botble\\Ecommerce\\Models\\Product','products','2025-06-09 17:17:51','2025-06-09 17:17:51'),(85,'apple-macbook-air-retina-133-inch-laptop',25,'Botble\\Ecommerce\\Models\\Product','products','2025-06-09 17:17:51','2025-06-09 17:17:51'),(86,'apple-macbook-air-retina-12-inch-laptop',26,'Botble\\Ecommerce\\Models\\Product','products','2025-06-09 17:17:51','2025-06-09 17:17:51'),(87,'samsung-gear-vr-virtual-reality-headset',27,'Botble\\Ecommerce\\Models\\Product','products','2025-06-09 17:17:51','2025-06-09 17:17:51'),(88,'aveeno-moisturizing-body-shower-450ml',28,'Botble\\Ecommerce\\Models\\Product','products','2025-06-09 17:17:51','2025-06-09 17:17:51'),(89,'nyx-beauty-couton-pallete-makeup-12',29,'Botble\\Ecommerce\\Models\\Product','products','2025-06-09 17:17:51','2025-06-09 17:17:51'),(90,'nyx-beauty-couton-pallete-makeup-12',30,'Botble\\Ecommerce\\Models\\Product','products','2025-06-09 17:17:51','2025-06-09 17:17:51'),(91,'mvmth-classical-leather-watch-in-black',31,'Botble\\Ecommerce\\Models\\Product','products','2025-06-09 17:17:51','2025-06-09 17:17:51'),(92,'baxter-care-hair-kit-for-bearded-mens',32,'Botble\\Ecommerce\\Models\\Product','products','2025-06-09 17:17:51','2025-06-09 17:17:51'),(93,'ciate-palemore-lipstick-bold-red-color',33,'Botble\\Ecommerce\\Models\\Product','products','2025-06-09 17:17:51','2025-06-09 17:17:51'),(94,'vimto-squash-remix-apple-15-litres',34,'Botble\\Ecommerce\\Models\\Product','products','2025-06-09 17:17:51','2025-06-09 17:17:51'),(95,'crock-pot-slow-cooker',35,'Botble\\Ecommerce\\Models\\Product','products','2025-06-09 17:17:51','2025-06-09 17:17:51'),(96,'taylors-of-harrogate-yorkshire-coffee',36,'Botble\\Ecommerce\\Models\\Product','products','2025-06-09 17:17:51','2025-06-09 17:17:51'),(97,'soft-mochi-galeto-ice-cream',37,'Botble\\Ecommerce\\Models\\Product','products','2025-06-09 17:17:51','2025-06-09 17:17:51'),(98,'naked-noodle-egg-noodles-singapore',38,'Botble\\Ecommerce\\Models\\Product','products','2025-06-09 17:17:51','2025-06-09 17:17:51'),(99,'saute-pan-silver',39,'Botble\\Ecommerce\\Models\\Product','products','2025-06-09 17:17:51','2025-06-09 17:17:51'),(100,'bar-s-classic-bun-length-franks',40,'Botble\\Ecommerce\\Models\\Product','products','2025-06-09 17:17:51','2025-06-09 17:17:51'),(101,'broccoli-crowns',41,'Botble\\Ecommerce\\Models\\Product','products','2025-06-09 17:17:51','2025-06-09 17:17:51'),(102,'slimming-world-vegan-mac-greens',42,'Botble\\Ecommerce\\Models\\Product','products','2025-06-09 17:17:51','2025-06-09 17:17:51'),(103,'haagen-dazs-salted-caramel',43,'Botble\\Ecommerce\\Models\\Product','products','2025-06-09 17:17:51','2025-06-09 17:17:51'),(104,'iceland-3-solo-exotic-burst',44,'Botble\\Ecommerce\\Models\\Product','products','2025-06-09 17:17:51','2025-06-09 17:17:51'),(105,'extreme-budweiser-light-can',45,'Botble\\Ecommerce\\Models\\Product','products','2025-06-09 17:17:51','2025-06-09 17:17:51'),(106,'iceland-macaroni-cheese-traybake',46,'Botble\\Ecommerce\\Models\\Product','products','2025-06-09 17:17:51','2025-06-09 17:17:51'),(107,'dolmio-bolognese-pasta-sauce',47,'Botble\\Ecommerce\\Models\\Product','products','2025-06-09 17:17:51','2025-06-09 17:17:51'),(108,'sitema-bakeit-plastic-box',48,'Botble\\Ecommerce\\Models\\Product','products','2025-06-09 17:17:51','2025-06-09 17:17:51'),(109,'wayfair-basics-dinner-plate-storage',49,'Botble\\Ecommerce\\Models\\Product','products','2025-06-09 17:17:51','2025-06-09 17:17:51'),(110,'miko-the-panda-water-bottle',50,'Botble\\Ecommerce\\Models\\Product','products','2025-06-09 17:17:51','2025-06-09 17:17:51'),(111,'sesame-seed-bread',51,'Botble\\Ecommerce\\Models\\Product','products','2025-06-09 17:17:52','2025-06-09 17:17:52'),(112,'morrisons-the-best-beef',52,'Botble\\Ecommerce\\Models\\Product','products','2025-06-09 17:17:52','2025-06-09 17:17:52'),(113,'avocado-hass-large',53,'Botble\\Ecommerce\\Models\\Product','products','2025-06-09 17:17:52','2025-06-09 17:17:52'),(114,'italia-beef-lasagne',54,'Botble\\Ecommerce\\Models\\Product','products','2025-06-09 17:17:52','2025-06-09 17:17:52'),(115,'maxwell-house-classic-roast-mocha',55,'Botble\\Ecommerce\\Models\\Product','products','2025-06-09 17:17:52','2025-06-09 17:17:52'),(116,'bottled-pure-water-500ml',56,'Botble\\Ecommerce\\Models\\Product','products','2025-06-09 17:17:52','2025-06-09 17:17:52'),(117,'famart-farmhouse-soft-white',57,'Botble\\Ecommerce\\Models\\Product','products','2025-06-09 17:17:52','2025-06-09 17:17:52'),(118,'coca-cola-original-taste',58,'Botble\\Ecommerce\\Models\\Product','products','2025-06-09 17:17:52','2025-06-09 17:17:52'),(119,'casillero-diablo-cabernet-sauvignon',59,'Botble\\Ecommerce\\Models\\Product','products','2025-06-09 17:17:52','2025-06-09 17:17:52'),(120,'arla-organic-free-range-milk',60,'Botble\\Ecommerce\\Models\\Product','products','2025-06-09 17:17:52','2025-06-09 17:17:52'),(121,'aptamil-follow-on-baby-milk',61,'Botble\\Ecommerce\\Models\\Product','products','2025-06-09 17:17:52','2025-06-09 17:17:52'),(122,'cuisinart-chefs-classic-hard-anodized',62,'Botble\\Ecommerce\\Models\\Product','products','2025-06-09 17:17:52','2025-06-09 17:17:52'),(123,'corn-yellow-sweet',63,'Botble\\Ecommerce\\Models\\Product','products','2025-06-09 17:17:52','2025-06-09 17:17:52'),(124,'hobnobs-the-nobbly-biscuit',64,'Botble\\Ecommerce\\Models\\Product','products','2025-06-09 17:17:52','2025-06-09 17:17:52'),(125,'honest-organic-still-lemonade',65,'Botble\\Ecommerce\\Models\\Product','products','2025-06-09 17:17:52','2025-06-09 17:17:52'),(126,'ice-becks-beer-350ml-x-24-pieces',66,'Botble\\Ecommerce\\Models\\Product','products','2025-06-09 17:17:52','2025-06-09 17:17:52'),(127,'iceland-6-hot-cross-buns',67,'Botble\\Ecommerce\\Models\\Product','products','2025-06-09 17:17:52','2025-06-09 17:17:52'),(128,'iceland-luxury-4-panini-rolls',68,'Botble\\Ecommerce\\Models\\Product','products','2025-06-09 17:17:52','2025-06-09 17:17:52'),(129,'iceland-soft-scoop-vanilla',69,'Botble\\Ecommerce\\Models\\Product','products','2025-06-09 17:17:52','2025-06-09 17:17:52'),(130,'iceland-spaghetti-bolognese',70,'Botble\\Ecommerce\\Models\\Product','products','2025-06-09 17:17:52','2025-06-09 17:17:52'),(131,'kelloggs-coco-pops-cereal',71,'Botble\\Ecommerce\\Models\\Product','products','2025-06-09 17:17:52','2025-06-09 17:17:52'),(132,'kit-kat-chunky-milk-chocolate',72,'Botble\\Ecommerce\\Models\\Product','products','2025-06-09 17:17:52','2025-06-09 17:17:52'),(133,'large-green-bell-pepper',73,'Botble\\Ecommerce\\Models\\Product','products','2025-06-09 17:17:52','2025-06-09 17:17:52'),(134,'pice-94w-beasley-journal',74,'Botble\\Ecommerce\\Models\\Product','products','2025-06-09 17:17:52','2025-06-09 17:17:52'),(135,'province-piece-glass-drinking-glass',75,'Botble\\Ecommerce\\Models\\Product','products','2025-06-09 17:17:52','2025-06-09 17:17:52'),(136,'perfect',1,'Botble\\Gallery\\Models\\Gallery','galleries','2025-06-09 17:17:58','2025-06-09 17:17:58'),(137,'new-day',2,'Botble\\Gallery\\Models\\Gallery','galleries','2025-06-09 17:17:58','2025-06-09 17:17:58'),(138,'happy-day',3,'Botble\\Gallery\\Models\\Gallery','galleries','2025-06-09 17:17:58','2025-06-09 17:17:58'),(139,'nature',4,'Botble\\Gallery\\Models\\Gallery','galleries','2025-06-09 17:17:58','2025-06-09 17:17:58'),(140,'morning',5,'Botble\\Gallery\\Models\\Gallery','galleries','2025-06-09 17:17:58','2025-06-09 17:17:58'),(141,'photography',6,'Botble\\Gallery\\Models\\Gallery','galleries','2025-06-09 17:17:58','2025-06-09 17:17:58');
/*!40000 ALTER TABLE `slugs` ENABLE KEYS */;
UNLOCK TABLES;

--
-- Table structure for table `slugs_translations`
--

DROP TABLE IF EXISTS `slugs_translations`;
/*!40101 SET @saved_cs_client     = @@character_set_client */;
/*!50503 SET character_set_client = utf8mb4 */;
CREATE TABLE `slugs_translations` (
  `lang_code` varchar(20) COLLATE utf8mb4_unicode_ci NOT NULL,
  `slugs_id` bigint unsigned NOT NULL,
  `key` varchar(191) COLLATE utf8mb4_unicode_ci DEFAULT NULL,
  `prefix` varchar(120) COLLATE utf8mb4_unicode_ci DEFAULT '',
  PRIMARY KEY (`lang_code`,`slugs_id`)
) ENGINE=InnoDB DEFAULT CHARSET=utf8mb4 COLLATE=utf8mb4_unicode_ci;
/*!40101 SET character_set_client = @saved_cs_client */;

--
-- Dumping data for table `slugs_translations`
--

LOCK TABLES `slugs_translations` WRITE;
/*!40000 ALTER TABLE `slugs_translations` DISABLE KEYS */;
/*!40000 ALTER TABLE `slugs_translations` ENABLE KEYS */;
UNLOCK TABLES;

--
-- Table structure for table `states`
--

DROP TABLE IF EXISTS `states`;
/*!40101 SET @saved_cs_client     = @@character_set_client */;
/*!50503 SET character_set_client = utf8mb4 */;
CREATE TABLE `states` (
  `id` bigint unsigned NOT NULL AUTO_INCREMENT,
  `name` varchar(120) COLLATE utf8mb4_unicode_ci NOT NULL,
  `slug` varchar(120) COLLATE utf8mb4_unicode_ci DEFAULT NULL,
  `abbreviation` varchar(10) COLLATE utf8mb4_unicode_ci DEFAULT NULL,
  `country_id` bigint unsigned DEFAULT NULL,
  `order` tinyint NOT NULL DEFAULT '0',
  `image` varchar(191) COLLATE utf8mb4_unicode_ci DEFAULT NULL,
  `is_default` tinyint unsigned NOT NULL DEFAULT '0',
  `status` varchar(60) COLLATE utf8mb4_unicode_ci NOT NULL DEFAULT 'published',
  `created_at` timestamp NULL DEFAULT NULL,
  `updated_at` timestamp NULL DEFAULT NULL,
  PRIMARY KEY (`id`),
  UNIQUE KEY `states_slug_unique` (`slug`)
) ENGINE=InnoDB DEFAULT CHARSET=utf8mb4 COLLATE=utf8mb4_unicode_ci;
/*!40101 SET character_set_client = @saved_cs_client */;

--
-- Dumping data for table `states`
--

LOCK TABLES `states` WRITE;
/*!40000 ALTER TABLE `states` DISABLE KEYS */;
/*!40000 ALTER TABLE `states` ENABLE KEYS */;
UNLOCK TABLES;

--
-- Table structure for table `states_translations`
--

DROP TABLE IF EXISTS `states_translations`;
/*!40101 SET @saved_cs_client     = @@character_set_client */;
/*!50503 SET character_set_client = utf8mb4 */;
CREATE TABLE `states_translations` (
  `lang_code` varchar(20) COLLATE utf8mb4_unicode_ci NOT NULL,
  `states_id` bigint unsigned NOT NULL,
  `name` varchar(120) COLLATE utf8mb4_unicode_ci DEFAULT NULL,
  `slug` varchar(120) COLLATE utf8mb4_unicode_ci DEFAULT NULL,
  `abbreviation` varchar(10) COLLATE utf8mb4_unicode_ci DEFAULT NULL,
  PRIMARY KEY (`lang_code`,`states_id`)
) ENGINE=InnoDB DEFAULT CHARSET=utf8mb4 COLLATE=utf8mb4_unicode_ci;
/*!40101 SET character_set_client = @saved_cs_client */;

--
-- Dumping data for table `states_translations`
--

LOCK TABLES `states_translations` WRITE;
/*!40000 ALTER TABLE `states_translations` DISABLE KEYS */;
/*!40000 ALTER TABLE `states_translations` ENABLE KEYS */;
UNLOCK TABLES;

--
-- Table structure for table `tags`
--

DROP TABLE IF EXISTS `tags`;
/*!40101 SET @saved_cs_client     = @@character_set_client */;
/*!50503 SET character_set_client = utf8mb4 */;
CREATE TABLE `tags` (
  `id` bigint unsigned NOT NULL AUTO_INCREMENT,
  `name` varchar(120) COLLATE utf8mb4_unicode_ci NOT NULL,
  `author_id` bigint unsigned DEFAULT NULL,
  `author_type` varchar(191) COLLATE utf8mb4_unicode_ci NOT NULL,
  `description` varchar(400) COLLATE utf8mb4_unicode_ci DEFAULT NULL,
  `status` varchar(60) COLLATE utf8mb4_unicode_ci NOT NULL DEFAULT 'published',
  `created_at` timestamp NULL DEFAULT NULL,
  `updated_at` timestamp NULL DEFAULT NULL,
  PRIMARY KEY (`id`)
) ENGINE=InnoDB AUTO_INCREMENT=6 DEFAULT CHARSET=utf8mb4 COLLATE=utf8mb4_unicode_ci;
/*!40101 SET character_set_client = @saved_cs_client */;

--
-- Dumping data for table `tags`
--

LOCK TABLES `tags` WRITE;
/*!40000 ALTER TABLE `tags` DISABLE KEYS */;
INSERT INTO `tags` VALUES (1,'General',1,'Botble\\ACL\\Models\\User',NULL,'published','2025-06-09 17:17:37','2025-06-09 17:17:37'),(2,'Design',1,'Botble\\ACL\\Models\\User',NULL,'published','2025-06-09 17:17:37','2025-06-09 17:17:37'),(3,'Fashion',1,'Botble\\ACL\\Models\\User',NULL,'published','2025-06-09 17:17:37','2025-06-09 17:17:37'),(4,'Branding',1,'Botble\\ACL\\Models\\User',NULL,'published','2025-06-09 17:17:37','2025-06-09 17:17:37'),(5,'Modern',1,'Botble\\ACL\\Models\\User',NULL,'published','2025-06-09 17:17:37','2025-06-09 17:17:37');
/*!40000 ALTER TABLE `tags` ENABLE KEYS */;
UNLOCK TABLES;

--
-- Table structure for table `tags_translations`
--

DROP TABLE IF EXISTS `tags_translations`;
/*!40101 SET @saved_cs_client     = @@character_set_client */;
/*!50503 SET character_set_client = utf8mb4 */;
CREATE TABLE `tags_translations` (
  `lang_code` varchar(20) COLLATE utf8mb4_unicode_ci NOT NULL,
  `tags_id` bigint unsigned NOT NULL,
  `name` varchar(191) COLLATE utf8mb4_unicode_ci DEFAULT NULL,
  `description` varchar(400) COLLATE utf8mb4_unicode_ci DEFAULT NULL,
  PRIMARY KEY (`lang_code`,`tags_id`)
) ENGINE=InnoDB DEFAULT CHARSET=utf8mb4 COLLATE=utf8mb4_unicode_ci;
/*!40101 SET character_set_client = @saved_cs_client */;

--
-- Dumping data for table `tags_translations`
--

LOCK TABLES `tags_translations` WRITE;
/*!40000 ALTER TABLE `tags_translations` DISABLE KEYS */;
/*!40000 ALTER TABLE `tags_translations` ENABLE KEYS */;
UNLOCK TABLES;

--
-- Table structure for table `user_meta`
--

DROP TABLE IF EXISTS `user_meta`;
/*!40101 SET @saved_cs_client     = @@character_set_client */;
/*!50503 SET character_set_client = utf8mb4 */;
CREATE TABLE `user_meta` (
  `id` bigint unsigned NOT NULL AUTO_INCREMENT,
  `key` varchar(120) COLLATE utf8mb4_unicode_ci DEFAULT NULL,
  `value` text COLLATE utf8mb4_unicode_ci,
  `user_id` bigint unsigned NOT NULL,
  `created_at` timestamp NULL DEFAULT NULL,
  `updated_at` timestamp NULL DEFAULT NULL,
  PRIMARY KEY (`id`),
  KEY `user_meta_user_id_index` (`user_id`)
) ENGINE=InnoDB DEFAULT CHARSET=utf8mb4 COLLATE=utf8mb4_unicode_ci;
/*!40101 SET character_set_client = @saved_cs_client */;

--
-- Dumping data for table `user_meta`
--

LOCK TABLES `user_meta` WRITE;
/*!40000 ALTER TABLE `user_meta` DISABLE KEYS */;
/*!40000 ALTER TABLE `user_meta` ENABLE KEYS */;
UNLOCK TABLES;

--
-- Table structure for table `users`
--

DROP TABLE IF EXISTS `users`;
/*!40101 SET @saved_cs_client     = @@character_set_client */;
/*!50503 SET character_set_client = utf8mb4 */;
CREATE TABLE `users` (
  `id` bigint unsigned NOT NULL AUTO_INCREMENT,
  `email` varchar(191) COLLATE utf8mb4_unicode_ci NOT NULL,
  `email_verified_at` timestamp NULL DEFAULT NULL,
  `password` varchar(120) COLLATE utf8mb4_unicode_ci DEFAULT NULL,
  `remember_token` varchar(100) COLLATE utf8mb4_unicode_ci DEFAULT NULL,
  `created_at` timestamp NULL DEFAULT NULL,
  `updated_at` timestamp NULL DEFAULT NULL,
  `first_name` varchar(120) COLLATE utf8mb4_unicode_ci DEFAULT NULL,
  `last_name` varchar(120) COLLATE utf8mb4_unicode_ci DEFAULT NULL,
  `username` varchar(60) COLLATE utf8mb4_unicode_ci DEFAULT NULL,
  `avatar_id` bigint unsigned DEFAULT NULL,
  `super_user` tinyint(1) NOT NULL DEFAULT '0',
  `manage_supers` tinyint(1) NOT NULL DEFAULT '0',
  `permissions` text COLLATE utf8mb4_unicode_ci,
  `last_login` timestamp NULL DEFAULT NULL,
  PRIMARY KEY (`id`),
  UNIQUE KEY `users_email_unique` (`email`),
  UNIQUE KEY `users_username_unique` (`username`)
) ENGINE=InnoDB AUTO_INCREMENT=2 DEFAULT CHARSET=utf8mb4 COLLATE=utf8mb4_unicode_ci;
/*!40101 SET character_set_client = @saved_cs_client */;

--
-- Dumping data for table `users`
--

LOCK TABLES `users` WRITE;
/*!40000 ALTER TABLE `users` DISABLE KEYS */;
INSERT INTO `users` VALUES (1,'krajcik.mike@cronin.com',NULL,'$2y$12$tECfuTtgbZbyvkJ0hjG6B.yKQYQHZEjHY88rj1WDiXEy8LyWxvTHC',NULL,'2025-06-09 17:17:34','2025-06-09 17:17:34','Lonny','Nolan','admin',NULL,1,1,NULL,NULL);
/*!40000 ALTER TABLE `users` ENABLE KEYS */;
UNLOCK TABLES;

--
-- Table structure for table `widgets`
--

DROP TABLE IF EXISTS `widgets`;
/*!40101 SET @saved_cs_client     = @@character_set_client */;
/*!50503 SET character_set_client = utf8mb4 */;
CREATE TABLE `widgets` (
  `id` bigint unsigned NOT NULL AUTO_INCREMENT,
  `widget_id` varchar(120) COLLATE utf8mb4_unicode_ci NOT NULL,
  `sidebar_id` varchar(120) COLLATE utf8mb4_unicode_ci NOT NULL,
  `theme` varchar(120) COLLATE utf8mb4_unicode_ci NOT NULL,
  `position` tinyint unsigned NOT NULL DEFAULT '0',
  `data` text COLLATE utf8mb4_unicode_ci,
  `created_at` timestamp NULL DEFAULT NULL,
  `updated_at` timestamp NULL DEFAULT NULL,
  PRIMARY KEY (`id`)
) ENGINE=InnoDB AUTO_INCREMENT=15 DEFAULT CHARSET=utf8mb4 COLLATE=utf8mb4_unicode_ci;
/*!40101 SET character_set_client = @saved_cs_client */;

--
-- Dumping data for table `widgets`
--

LOCK TABLES `widgets` WRITE;
/*!40000 ALTER TABLE `widgets` DISABLE KEYS */;
INSERT INTO `widgets` VALUES (1,'SiteInfoWidget','footer_sidebar','ninico',0,'{\"description\":\"Elegant pink origami design three dimensional view and decoration co-exist. Great for adding a decorative touch to any room\\u2019s decor.\",\"logo\":null}','2025-06-09 17:17:43','2025-06-09 17:17:43'),(2,'CustomMenuWidget','footer_sidebar','ninico',1,'{\"name\":\"Information\",\"menu_id\":\"information\"}','2025-06-09 17:17:43','2025-06-09 17:17:43'),(3,'CustomMenuWidget','footer_sidebar','ninico',2,'{\"name\":\"My Account\",\"menu_id\":\"my-account\"}','2025-06-09 17:17:43','2025-06-09 17:17:43'),(4,'CustomMenuWidget','footer_sidebar','ninico',3,'{\"name\":\"Social Network\",\"menu_id\":\"social-network\"}','2025-06-09 17:17:43','2025-06-09 17:17:43'),(5,'NewsletterWidget','footer_sidebar','ninico',4,'[]','2025-06-09 17:17:43','2025-06-09 17:17:43'),(6,'CtaContactWidget','footer_middle_sidebar','ninico',1,'[]','2025-06-09 17:17:43','2025-06-09 17:17:43'),(7,'DownloadAppsWidget','footer_middle_sidebar','ninico',2,'{\"ios_image\":\"general\\/f-app.jpg\",\"android_image\":\"general\\/f-google.jpg\"}','2025-06-09 17:17:43','2025-06-09 17:17:43'),(8,'SiteCopyrightWidget','footer_bottom_sidebar','ninico',0,'{\"description\":\"Copyright 2025 \\u00a9 Ninico. All rights reserved. Powered by Botble.\"}','2025-06-09 17:17:43','2025-06-09 17:17:43'),(9,'SiteAcceptedPaymentsWidget','footer_bottom_sidebar','ninico',1,'{\"image\":\"general\\/f-brand-icon-01.png\",\"url\":\"\\/\"}','2025-06-09 17:17:43','2025-06-09 17:17:43'),(10,'BlogSearchWidget','blog_sidebar','ninico',1,'{\"name\":\"Search\"}','2025-06-09 17:17:43','2025-06-09 17:17:43'),(11,'BlogCategoriesWidget','blog_sidebar','ninico',2,'{\"name\":\"Categories\"}','2025-06-09 17:17:43','2025-06-09 17:17:43'),(12,'BlogPostsWidget','blog_sidebar','ninico',3,'{\"name\":\"Recent Posts\",\"type\":\"recent\"}','2025-06-09 17:17:43','2025-06-09 17:17:43'),(13,'BlogTagsWidget','blog_sidebar','ninico',4,'{\"name\":\"Popular Tag\"}','2025-06-09 17:17:43','2025-06-09 17:17:43'),(14,'SiteFeaturesWidget','product_detail_sidebar','ninico',1,'{\"id\":\"SiteFeaturesWidget\",\"title\":\"Site Features\",\"data\":{\"1\":{\"icon\":\"icons\\/product-det-1.png\",\"text\":\"Free Shipping apply to all orders over $100\"},\"2\":{\"icon\":\"icons\\/product-det-2.png\",\"text\":\"Guaranteed 100% Organic from natural farms\"},\"3\":{\"icon\":\"icons\\/product-det-3.png\",\"text\":\"1 Day Returns if you change your mind\"},\"4\":{\"icon\":\"icons\\/product-det-4.png\",\"text\":\"Covid-19 Info: We keep delivering.\"}}}','2025-06-09 17:17:43','2025-06-09 17:17:43');
/*!40000 ALTER TABLE `widgets` ENABLE KEYS */;
UNLOCK TABLES;
/*!40103 SET TIME_ZONE=@OLD_TIME_ZONE */;

/*!40101 SET SQL_MODE=@OLD_SQL_MODE */;
/*!40014 SET FOREIGN_KEY_CHECKS=@OLD_FOREIGN_KEY_CHECKS */;
/*!40014 SET UNIQUE_CHECKS=@OLD_UNIQUE_CHECKS */;
/*!40101 SET CHARACTER_SET_CLIENT=@OLD_CHARACTER_SET_CLIENT */;
/*!40101 SET CHARACTER_SET_RESULTS=@OLD_CHARACTER_SET_RESULTS */;
/*!40101 SET COLLATION_CONNECTION=@OLD_COLLATION_CONNECTION */;
/*!40111 SET SQL_NOTES=@OLD_SQL_NOTES */;

-- Dump completed on 2025-06-10  7:17:59
